symbol,entry_date,exit_date,signal_date_in,signal_date_out,qty,entry_px,exit_px,reason,hold_days,buy_cost,sell_cost,net_pnl,ret_pct,key,rule,mode,presence
EA,2023-09-11 04:00:00+00:00,2023-10-09 04:00:00+00:00,2023-09-11 04:00:00+00:00,2023-10-09 04:00:00+00:00,12.21137151408592,122.53,124.59,만기,20.0,3.7406483790523697,3.803536942349912,17.611239997614803,1.6812209254876365,EA@2023-09-11 04:00:00+00:00,⓪운영설정,A,A
SMCI,2023-10-10 04:00:00+00:00,2023-11-07 05:00:00+00:00,2023-10-10 04:00:00+00:00,2023-11-07 05:00:00+00:00,48.303130736197836,31.031,25.438,만기,20.0,3.7472361246873875,3.0718375991685014,-276.9784839314102,-18.02391157229867,SMCI@2023-10-10 04:00:00+00:00,⓪운영설정,A,A
PLTR,2023-10-10 04:00:00+00:00,2023-11-07 05:00:00+00:00,2023-10-10 04:00:00+00:00,2023-11-07 05:00:00+00:00,84.1760542789621,17.8,18.8,만기,20.0,3.745834415413814,3.956274551111219,76.47394531243708,5.617977528089879,PLTR@2023-10-10 04:00:00+00:00,⓪운영설정,A,A
PDD,2023-10-10 04:00:00+00:00,2023-11-07 05:00:00+00:00,2023-10-10 04:00:00+00:00,2023-11-07 05:00:00+00:00,13.672051959727584,109.55,109.37,만기,20.0,3.744433230470392,3.7382808070885147,-9.943683390309616,-0.1643085349155582,PDD@2023-10-10 04:00:00+00:00,⓪운영설정,A,A
CRWD,2023-10-10 04:00:00+00:00,2023-11-07 05:00:00+00:00,2023-10-10 04:00:00+00:00,2023-11-07 05:00:00+00:00,32.57466473460747,45.9625,48.09,만기,20.0,3.743032569660989,3.9162890677181834,61.64327758549871,4.628773456622248,CRWD@2023-10-10 04:00:00+00:00,⓪운영설정,A,A
SNPS,2023-10-10 04:00:00+00:00,2023-11-07 05:00:00+00:00,2023-10-10 04:00:00+00:00,2023-11-07 05:00:00+00:00,3.0537082963331046,490.11,499.02,만기,20.0,3.741632432789545,3.8096537850903647,19.6572547024482,1.8179592336414307,SNPS@2023-10-10 04:00:00+00:00,⓪운영설정,A,A
ZS,2023-10-10 04:00:00+00:00,2023-11-07 05:00:00+00:00,2023-10-10 04:00:00+00:00,2023-11-07 05:00:00+00:00,8.704288619176337,171.88,171.39,만기,20.0,3.740232819660072,3.729570066101581,-11.734904309157855,-0.2850826157784536,ZS@2023-10-10 04:00:00+00:00,⓪운영설정,A,A
META,2023-10-10 04:00:00+00:00,2023-11-07 05:00:00+00:00,2023-10-10 04:00:00+00:00,2023-11-07 05:00:00+00:00,0.03308072563917201,321.84,318.82,만기,20.0,0.026616751849277802,0.026366992370702055,-0.1528875356502759,-0.9383544618443929,META@2023-10-10 04:00:00+00:00,⓪운영설정,A,A
FAST,2023-10-12 04:00:00+00:00,2023-11-09 05:00:00+00:00,2023-10-12 04:00:00+00:00,2023-11-09 05:00:00+00:00,0.22792269345953084,30.11,29.565,만기,20.0,0.017156880750166185,0.016846336080327574,-0.15822108476593755,-1.8100298904018541,FAST@2023-10-12 04:00:00+00:00,⓪운영설정,A,A
EA,2023-10-13 04:00:00+00:00,2023-11-10 05:00:00+00:00,2023-10-13 04:00:00+00:00,2023-11-10 05:00:00+00:00,0.11575083558315181,131.29,132.78,만기,20.0,0.037992318009280004,0.03842348987182725,0.09605293713779162,1.1348922233224146,EA@2023-10-13 04:00:00+00:00,⓪운영설정,A,A
PANW,2023-10-19 04:00:00+00:00,2023-11-16 05:00:00+00:00,2023-10-19 04:00:00+00:00,2023-11-16 05:00:00+00:00,0.1404859688323801,126.565,121.15,만기,20.0,0.044451516613175465,0.04254968781010713,-0.8477327256506157,-4.278434006241849,PANW@2023-10-19 04:00:00+00:00,⓪운영설정,A,A+B
MSTR,2023-11-07 05:00:00+00:00,2023-12-06 05:00:00+00:00,2023-11-07 05:00:00+00:00,2023-12-06 05:00:00+00:00,31.202900723543426,47.355,56.8885,만기,20.0,3.6940334094084974,4.437715544528251,289.34110509396487,20.131981839298916,MSTR@2023-11-07 05:00:00+00:00,⓪운영설정,A,A
NFLX,2023-11-07 05:00:00+00:00,2023-12-06 05:00:00+00:00,2023-11-07 05:00:00+00:00,2023-12-06 05:00:00+00:00,33.985887130070545,43.461,44.673,만기,20.0,3.6926516013999895,3.795628839404104,33.7026147608417,2.788707116725342,NFLX@2023-11-07 05:00:00+00:00,⓪운영설정,A,A
SHOP,2023-11-07 05:00:00+00:00,2023-12-06 05:00:00+00:00,2023-11-07 05:00:00+00:00,2023-12-06 05:00:00+00:00,23.934318756863483,61.69,71.14,만기,20.0,3.691270310277271,4.256718590908171,218.23132335117475,15.318528124493437,SHOP@2023-11-07 05:00:00+00:00,⓪운영설정,A,A
DXCM,2023-11-07 05:00:00+00:00,2023-12-06 05:00:00+00:00,2023-11-07 05:00:00+00:00,2023-12-06 05:00:00+00:00,15.505366260518938,95.19,117.94,만기,20.0,3.6898895358469943,4.571757241914009,344.48543564904503,23.899569282487665,DXCM@2023-11-07 05:00:00+00:00,⓪운영설정,A,A
DDOG,2023-11-07 05:00:00+00:00,2023-12-06 05:00:00+00:00,2023-11-07 05:00:00+00:00,2023-12-06 05:00:00+00:00,14.436435530003438,102.2,114.31,만기,20.0,3.688509277915878,4.125572363586732,167.01115262683948,11.84931506849316,DDOG@2023-11-07 05:00:00+00:00,⓪운영설정,A,A
SBUX,2023-11-07 05:00:00+00:00,2023-12-06 05:00:00+00:00,2023-11-07 05:00:00+00:00,2023-12-06 05:00:00+00:00,13.949936444809689,103.68,97.02,만기,20.0,3.6158235264946716,3.38355708468859,-99.90595733361579,-6.423611111111116,SBUX@2023-11-07 05:00:00+00:00,⓪운영설정,A,A
MNST,2023-11-09 05:00:00+00:00,2023-12-08 05:00:00+00:00,2023-11-09 05:00:00+00:00,2023-12-08 05:00:00+00:00,0.46462033230748356,27.54,26.96,만기,20.0,0.031989109879370245,0.0313154103975244,-0.3327843130152317,-2.1060275962236696,MNST@2023-11-09 05:00:00+00:00,⓪운영설정,A,A+B
PDD,2023-12-06 05:00:00+00:00,2024-01-05 05:00:00+00:00,2023-12-06 05:00:00+00:00,2024-01-05 05:00:00+00:00,11.410643411192028,141.99,146.53,만기,20.0,4.0504931448878905,4.18000394760492,43.573823994319355,3.1974082681878846,PDD@2023-12-06 05:00:00+00:00,⓪운영설정,A,A
CRWD,2023-12-06 05:00:00+00:00,2024-01-05 05:00:00+00:00,2023-12-06 05:00:00+00:00,2024-01-05 05:00:00+00:00,27.05857821619723,59.855,61.865,만기,20.0,4.048977997826213,4.184947353362604,46.153816863367865,3.358115445660359,CRWD@2023-12-06 05:00:00+00:00,⓪운영설정,A,A
IDXX,2023-12-06 05:00:00+00:00,2024-01-05 05:00:00+00:00,2023-12-06 05:00:00+00:00,2024-01-05 05:00:00+00:00,3.1041210349933075,521.56,537.36,만기,20.0,4.047463417527773,4.170076198410009,40.827572736956654,3.0293734182069265,IDXX@2023-12-06 05:00:00+00:00,⓪운영설정,A,A
WDAY,2023-12-06 05:00:00+00:00,2024-01-05 05:00:00+00:00,2023-12-06 05:00:00+00:00,2024-01-05 05:00:00+00:00,6.054091581296677,267.32,265.8,만기,20.0,4.045949403780569,4.022943855771643,-17.27111246312279,-0.5686069130629856,WDAY@2023-12-06 05:00:00+00:00,⓪운영설정,A,A
PANW,2023-12-06 05:00:00+00:00,2024-01-05 05:00:00+00:00,2023-12-06 05:00:00+00:00,2024-01-05 05:00:00+00:00,11.265838318586825,143.6,141.465,만기,20.0,4.04443595637267,3.984304544347213,-32.08130531090251,-1.486768802228411,PANW@2023-12-06 05:00:00+00:00,⓪운영설정,A,A
ZS,2023-12-06 05:00:00+00:00,2024-01-05 05:00:00+00:00,2023-12-06 05:00:00+00:00,2024-01-05 05:00:00+00:00,8.163767774700569,197.91,209.81,만기,20.0,4.039228200727473,4.282100292024816,88.82750802618466,6.012834116517607,ZS@2023-12-06 05:00:00+00:00,⓪운영설정,A,A
MRNA,2024-01-05 05:00:00+00:00,2024-02-05 05:00:00+00:00,2024-01-05 05:00:00+00:00,2024-02-05 05:00:00+00:00,14.809398010427806,111.12,95.49,만기,20.0,4.1140507672968445,3.5353735400393775,-239.12031521032281,-14.06587473002161,MRNA@2024-01-05 05:00:00+00:00,⓪운영설정,A,A
TEAM,2024-01-05 05:00:00+00:00,2024-02-05 05:00:00+00:00,2024-01-05 05:00:00+00:00,2024-02-05 05:00:00+00:00,7.275562751991936,226.1,215.05,만기,20.0,4.112511845563442,3.911524424539665,-88.41900467961364,-4.887218045112773,TEAM@2024-01-05 05:00:00+00:00,⓪운영설정,A,A
MRVL,2024-01-05 05:00:00+00:00,2024-02-05 05:00:00+00:00,2024-01-05 05:00:00+00:00,2024-02-05 05:00:00+00:00,27.44308077093824,59.92,67.02,만기,20.0,4.1109734994865486,4.598088183170702,186.13681179100445,11.849132176234978,MRVL@2024-01-05 05:00:00+00:00,⓪운영설정,A,A
AMD,2024-01-05 05:00:00+00:00,2024-02-05 05:00:00+00:00,2024-01-05 05:00:00+00:00,2024-02-05 05:00:00+00:00,11.861554997404617,138.58,174.23,만기,20.0,4.109435728850831,5.166596817994516,413.5884031106291,25.72521287343048,AMD@2024-01-05 05:00:00+00:00,⓪운영설정,A,A
VRTX,2024-01-05 05:00:00+00:00,2024-02-05 05:00:00+00:00,2024-01-05 05:00:00+00:00,2024-02-05 05:00:00+00:00,3.9451606563659403,416.5,428.89,만기,20.0,4.107898533441035,4.23009988477197,40.54254211416128,2.9747899159663804,VRTX@2024-01-05 05:00:00+00:00,⓪운영설정,A,A
AVGO,2024-01-05 05:00:00+00:00,2024-02-05 05:00:00+00:00,2024-01-05 05:00:00+00:00,2024-02-05 05:00:00+00:00,15.654017661794727,104.928,124.31,만기,20.0,4.106361913041993,4.8648773388442565,294.43493106901974,18.47171393717597,AVGO@2024-01-05 05:00:00+00:00,⓪운영설정,A,A
SMCI,2024-01-05 05:00:00+00:00,2024-02-05 05:00:00+00:00,2024-01-05 05:00:00+00:00,2024-02-05 05:00:00+00:00,0.4001266468927924,29.213,66.335,만기,20.0,0.029222249339197863,0.06635600280408346,14.757923133810959,127.07356313969807,SMCI@2024-01-05 05:00:00+00:00,⓪운영설정,A,A
NVDA,2024-02-05 05:00:00+00:00,2024-03-05 05:00:00+00:00,2024-02-05 05:00:00+00:00,2024-03-05 05:00:00+00:00,25.077537958388774,69.332,85.964,만기,20.0,4.346689654327526,5.389413682637332,407.35350798695754,23.98892286390124,NVDA@2024-02-05 05:00:00+00:00,⓪운영설정,A,A
META,2024-02-05 05:00:00+00:00,2024-03-05 05:00:00+00:00,2024-02-05 05:00:00+00:00,2024-03-05 05:00:00+00:00,3.7831685949949327,459.41,490.22,만기,20.0,4.3450637105665555,4.63646227159604,107.57789842963143,6.706427809581861,META@2024-02-05 05:00:00+00:00,⓪운영설정,A,A
ASML,2024-02-05 05:00:00+00:00,2024-03-05 05:00:00+00:00,2024-02-05 05:00:00+00:00,2024-03-05 05:00:00+00:00,1.9335537093569457,898.54,968.84,만기,20.0,4.343438375013975,4.683260439433458,126.90212695334617,7.823803058294576,ASML@2024-02-05 05:00:00+00:00,⓪운영설정,A,A
CRWD,2024-02-05 05:00:00+00:00,2024-03-05 05:00:00+00:00,2024-02-05 05:00:00+00:00,2024-03-05 05:00:00+00:00,22.96572394428787,75.6225,74.39,만기,20.0,4.341813647442274,4.271050510538936,-36.91811891931593,-1.6298059439981527,CRWD@2024-02-05 05:00:00+00:00,⓪운영설정,A,A
PANW,2024-02-05 05:00:00+00:00,2024-03-05 05:00:00+00:00,2024-02-05 05:00:00+00:00,2024-03-05 05:00:00+00:00,10.079399739024682,172.24,145.565,만기,20.0,4.3401895276240285,3.6680195575278196,-276.87619712363517,-15.48711100789596,PANW@2024-02-05 05:00:00+00:00,⓪운영설정,A,A
APP,2024-02-05 05:00:00+00:00,2024-03-05 05:00:00+00:00,2024-02-05 05:00:00+00:00,2024-03-05 05:00:00+00:00,38.15801244794987,45.48,60.96,만기,20.0,4.3385660153319,5.815281097067561,580.532185581865,34.03693931398417,APP@2024-02-05 05:00:00+00:00,⓪운영설정,A,A
ISRG,2024-02-05 05:00:00+00:00,2024-03-05 05:00:00+00:00,2024-02-05 05:00:00+00:00,2024-03-05 05:00:00+00:00,0.03216616309995359,383.94,387.32,만기,20.0,0.030874691651490458,0.031146495729685066,0.046700443896668276,0.8803458873782422,ISRG@2024-02-05 05:00:00+00:00,⓪운영설정,A,A
ARM,2024-02-21 05:00:00+00:00,2024-03-20 04:00:00+00:00,2024-02-21 05:00:00+00:00,2024-03-20 04:00:00+00:00,0.0729044901246941,123.39,131.33,만기,20.0,0.022489212591215012,0.023936366720190196,0.532436072278669,6.434881270767501,ARM@2024-02-21 05:00:00+00:00,⓪운영설정,A,A
MSTR,2024-03-05 05:00:00+00:00,2024-04-03 04:00:00+00:00,2024-03-05 05:00:00+00:00,2024-04-03 04:00:00+00:00,17.837526112213407,105.101,160.611,만기,20.0,4.686854579799354,7.1622572660217685,978.3119626431449,52.81586283669992,MSTR@2024-03-05 05:00:00+00:00,⓪운영설정,A,A
SMCI,2024-03-05 05:00:00+00:00,2024-04-03 04:00:00+00:00,2024-03-05 05:00:00+00:00,2024-04-03 04:00:00+00:00,17.179950651524706,109.083,101.557,만기,20.0,4.685101392300673,4.361860620792236,-138.34327061646763,-6.899333535014618,SMCI@2024-03-05 05:00:00+00:00,⓪운영설정,A,A
PLTR,2024-03-05 05:00:00+00:00,2024-04-03 04:00:00+00:00,2024-03-05 05:00:00+00:00,2024-04-03 04:00:00+00:00,78.67868728446525,23.81,22.7,만기,20.0,4.683348860607794,4.465015503393404,-96.48170724975739,-4.661906761864765,PLTR@2024-03-05 05:00:00+00:00,⓪운영설정,A,A
CEG,2024-03-05 05:00:00+00:00,2024-04-03 04:00:00+00:00,2024-03-05 05:00:00+00:00,2024-04-03 04:00:00+00:00,10.59364594552333,176.77,190.26,만기,20.0,4.681596984475398,5.038867693988172,133.187819126646,7.631385416077374,CEG@2024-03-05 05:00:00+00:00,⓪운영설정,A,A
GEHC,2024-03-05 05:00:00+00:00,2024-04-03 04:00:00+00:00,2024-03-05 05:00:00+00:00,2024-04-03 04:00:00+00:00,20.389263756271696,91.81,89.03,만기,20.0,4.679845763658261,4.538140380552173,-65.9001393866456,-3.027992593399409,GEHC@2024-03-05 05:00:00+00:00,⓪운영설정,A,A
AXON,2024-03-05 05:00:00+00:00,2024-04-03 04:00:00+00:00,2024-03-05 05:00:00+00:00,2024-04-03 04:00:00+00:00,5.938553091604263,315.1,309.1,만기,20.0,4.678095197911258,4.589016901537194,-44.898430649074044,-1.9041574103459191,AXON@2024-03-05 05:00:00+00:00,⓪운영설정,A,A
MU,2024-04-03 04:00:00+00:00,2024-05-01 04:00:00+00:00,2024-04-03 04:00:00+00:00,2024-05-01 04:00:00+00:00,15.540218022861513,128.01,109.7,만기,20.0,4.973258272766255,4.26190479276977,-293.77655506413,-14.303570033591118,MU@2024-04-03 04:00:00+00:00,⓪운영설정,A,A
APP,2024-04-03 04:00:00+00:00,2024-05-01 04:00:00+00:00,2024-04-03 04:00:00+00:00,2024-05-01 04:00:00+00:00,27.29287922984679,72.86,69.74,만기,20.0,4.971397951716593,4.758513493723788,-94.8836946425622,-4.2821850123524685,APP@2024-04-03 04:00:00+00:00,⓪운영설정,A,A
GOOG,2024-04-03 04:00:00+00:00,2024-05-01 04:00:00+00:00,2024-04-03 04:00:00+00:00,2024-05-01 04:00:00+00:00,12.712255104042008,156.37,165.57,만기,20.0,4.969538326547622,5.261920193940588,106.72128843669816,5.883481486218578,GOOG@2024-04-03 04:00:00+00:00,⓪운영설정,A,A
GOOGL,2024-04-03 04:00:00+00:00,2024-05-01 04:00:00+00:00,2024-04-03 04:00:00+00:00,2024-05-01 04:00:00+00:00,12.826437895685611,154.92,163.86,만기,20.0,4.967679396999038,5.254350283967612,104.44632510646329,5.770720371804816,GOOGL@2024-04-03 04:00:00+00:00,⓪운영설정,A,A
DXCM,2024-04-03 04:00:00+00:00,2024-05-01 04:00:00+00:00,2024-04-03 04:00:00+00:00,2024-05-01 04:00:00+00:00,14.340686341233512,138.51,125.88,만기,20.0,4.965821162810634,4.513013991586186,-190.6017036441758,-9.118475200346543,DXCM@2024-04-03 04:00:00+00:00,⓪운영설정,A,A
BKR,2024-04-03 04:00:00+00:00,2024-05-01 04:00:00+00:00,2024-04-03 04:00:00+00:00,2024-05-01 04:00:00+00:00,58.606418225765054,33.88,31.89,만기,20.0,4.9639636237223,4.672396693049119,-126.26313258604387,-5.873671782762702,BKR@2024-04-03 04:00:00+00:00,⓪운영설정,A,A
PYPL,2024-04-03 04:00:00+00:00,2024-05-01 04:00:00+00:00,2024-04-03 04:00:00+00:00,2024-05-01 04:00:00+00:00,0.21625485703445058,65.34,66.14,만기,20.0,0.035325230896577506,0.035757740610646405,0.10192091412033832,1.2243648607284996,PYPL@2024-04-03 04:00:00+00:00,⓪운영설정,A,A
MSTR,2024-04-04 04:00:00+00:00,2024-05-02 04:00:00+00:00,2024-04-04 04:00:00+00:00,2024-05-02 04:00:00+00:00,0.1529707927582585,161.542,112.942,만기,20.0,0.061778019509386495,0.043192068189258075,-7.53935061575001,-30.085055279741503,MSTR@2024-04-04 04:00:00+00:00,⓪운영설정,A,A
CEG,2024-04-17 04:00:00+00:00,2024-05-15 04:00:00+00:00,2024-04-17 04:00:00+00:00,2024-05-15 04:00:00+00:00,0.08420840892859435,185.4,223.31,만기,20.0,0.03903059753840348,0.04701144949461101,3.1062987354499967,20.447680690399128,CEG@2024-04-17 04:00:00+00:00,⓪운영설정,A,A
KHC,2024-04-18 04:00:00+00:00,2024-05-16 04:00:00+00:00,2024-04-18 04:00:00+00:00,2024-05-16 04:00:00+00:00,0.2500026789719167,37.11,36.07,만기,20.0,0.02319399854161957,0.02254399157629259,-0.3057407762487028,-2.802479116141199,KHC@2024-04-18 04:00:00+00:00,⓪운영설정,A,A
AZN,2024-05-01 04:00:00+00:00,2024-05-30 04:00:00+00:00,2024-05-01 04:00:00+00:00,2024-05-30 04:00:00+00:00,12.419857091297544,154.103688,154.829736,만기,20.0,4.784864455504761,4.807407986508316,-0.5748600405906927,0.4711425206124886,AZN@2024-05-01 04:00:00+00:00,⓪운영설정,A,A
MRNA,2024-05-01 04:00:00+00:00,2024-05-30 04:00:00+00:00,2024-05-01 04:00:00+00:00,2024-05-30 04:00:00+00:00,17.165169947811997,111.46,151.49,만기,20.0,4.783074605957813,6.500878988485099,675.8377994164719,35.91422931993542,MRNA@2024-05-01 04:00:00+00:00,⓪운영설정,A,A
KDP,2024-05-01 04:00:00+00:00,2024-05-30 04:00:00+00:00,2024-05-01 04:00:00+00:00,2024-05-30 04:00:00+00:00,57.36395232070362,33.34,33.9,만기,20.0,4.781285425930647,4.861594959179631,22.480932914483674,1.679664067186537,KDP@2024-05-01 04:00:00+00:00,⓪운영설정,A,A
TSLA,2024-05-01 04:00:00+00:00,2024-05-30 04:00:00+00:00,2024-05-01 04:00:00+00:00,2024-05-30 04:00:00+00:00,10.621694350070152,179.99,178.79,만기,20.0,4.779496915172817,4.7476318321226065,-22.273161967379565,-0.66670370576144,TSLA@2024-05-01 04:00:00+00:00,⓪운영설정,A,A
PANW,2024-05-01 04:00:00+00:00,2024-05-30 04:00:00+00:00,2024-05-01 04:00:00+00:00,2024-05-30 04:00:00+00:00,13.301897608224333,143.67,146.59,만기,20.0,4.777709073433975,4.8748129259740125,29.18901901660729,2.032435442333136,PANW@2024-05-01 04:00:00+00:00,⓪운영설정,A,A
BIIB,2024-05-01 04:00:00+00:00,2024-05-30 04:00:00+00:00,2024-05-01 04:00:00+00:00,2024-05-30 04:00:00+00:00,8.713490291132993,216.13,220.07,만기,20.0,4.708116641556435,4.793944520924095,24.829090584583355,1.8229769120436723,BIIB@2024-05-01 04:00:00+00:00,⓪운영설정,A,A
MSTR,2024-05-30 04:00:00+00:00,2024-06-28 04:00:00+00:00,2024-05-30 04:00:00+00:00,2024-06-28 04:00:00+00:00,13.132973787125104,154.1,137.748,만기,20.0,5.059478151489946,4.522602183072272,-224.33246770163169,-10.61129136924076,MSTR@2024-05-30 04:00:00+00:00,⓪운영설정,A,A
NVDA,2024-05-30 04:00:00+00:00,2024-06-28 04:00:00+00:00,2024-05-30 04:00:00+00:00,2024-06-28 04:00:00+00:00,18.30800209453511,110.5,123.54,만기,20.0,5.057585578615324,5.654426446897169,228.02433528722554,11.80090497737558,NVDA@2024-05-30 04:00:00+00:00,⓪운영설정,A,A
ARM,2024-05-30 04:00:00+00:00,2024-06-28 04:00:00+00:00,2024-05-30 04:00:00+00:00,2024-06-28 04:00:00+00:00,16.750414026954918,120.73,163.62,만기,20.0,5.0556937136856686,6.851756857725909,706.517807044685,35.525552886606484,ARM@2024-05-30 04:00:00+00:00,⓪운영설정,A,A
QCOM,2024-05-30 04:00:00+00:00,2024-06-28 04:00:00+00:00,2024-05-30 04:00:00+00:00,2024-06-28 04:00:00+00:00,9.870708118039373,204.8,199.18,만기,20.0,5.0538025564361595,4.915119107377706,-65.44230128719505,-2.744140625000002,QCOM@2024-05-30 04:00:00+00:00,⓪운영설정,A,A
PDD,2024-05-30 04:00:00+00:00,2024-06-28 04:00:00+00:00,2024-05-30 04:00:00+00:00,2024-06-28 04:00:00+00:00,13.291882145897736,152.03,132.95,만기,20.0,5.051912106602082,4.41788932824276,-263.07891277857357,-12.550154574754991,PDD@2024-05-30 04:00:00+00:00,⓪운영설정,A,A
CEG,2024-05-30 04:00:00+00:00,2024-06-28 04:00:00+00:00,2024-05-30 04:00:00+00:00,2024-06-28 04:00:00+00:00,8.979413876100308,224.96,200.27,만기,20.0,5.0500223639188135,4.495768042416522,-231.24751900725164,-10.97528449502133,CEG@2024-05-30 04:00:00+00:00,⓪운영설정,A,A
MRVL,2024-05-30 04:00:00+00:00,2024-06-28 04:00:00+00:00,2024-05-30 04:00:00+00:00,2024-06-28 04:00:00+00:00,0.18705350043163257,76.85,69.9,만기,20.0,0.0359376537704274,0.0326875992004278,-1.3686470809706979,-9.043591411841234,MRVL@2024-05-30 04:00:00+00:00,⓪운영설정,A,A
ADI,2024-05-31 04:00:00+00:00,2024-07-01 04:00:00+00:00,2024-05-31 04:00:00+00:00,2024-07-01 04:00:00+00:00,0.06344923191740806,234.49,225.18,만기,20.0,0.037195525980782546,0.03571874510790487,-0.6636266202397536,-3.9703185636914218,ADI@2024-05-31 04:00:00+00:00,⓪운영설정,A,A
ADBE,2024-06-28 04:00:00+00:00,2024-07-29 04:00:00+00:00,2024-06-28 04:00:00+00:00,2024-07-29 04:00:00+00:00,3.6829600590502505,555.54,536.61,만기,20.0,5.11507907801194,4.940782993217387,-79.77429598905019,-3.407495409871464,ADBE@2024-06-28 04:00:00+00:00,⓪운영설정,A,A
ADSK,2024-06-28 04:00:00+00:00,2024-07-29 04:00:00+00:00,2024-06-28 04:00:00+00:00,2024-07-29 04:00:00+00:00,8.265371924486969,247.45,242.58,만기,20.0,5.113165706785751,5.0125348036051225,-50.378061782642135,-1.96807435845624,ADSK@2024-06-28 04:00:00+00:00,⓪운영설정,A,A
ZS,2024-06-28 04:00:00+00:00,2024-07-29 04:00:00+00:00,2024-06-28 04:00:00+00:00,2024-07-29 04:00:00+00:00,10.63791675172373,192.19,181.15,만기,20.0,5.111253051284459,4.817646548936884,-127.3715005392512,-5.744315521098908,ZS@2024-06-28 04:00:00+00:00,⓪운영설정,A,A
CRWD,2024-06-28 04:00:00+00:00,2024-07-29 04:00:00+00:00,2024-06-28 04:00:00+00:00,2024-07-29 04:00:00+00:00,21.33392253969191,95.7975,64.7025,만기,20.0,5.109341111240339,3.4508953078110394,-671.9385577907713,-32.45909340014093,CRWD@2024-06-28 04:00:00+00:00,⓪운영설정,A,A
AVGO,2024-06-28 04:00:00+00:00,2024-07-29 04:00:00+00:00,2024-06-28 04:00:00+00:00,2024-07-29 04:00:00+00:00,12.724595333343526,160.553,150.22,만기,20.0,5.1074298863857575,4.778721777437162,-141.36939524326112,-6.435880986340958,AVGO@2024-06-28 04:00:00+00:00,⓪운영설정,A,A
INTU,2024-06-28 04:00:00+00:00,2024-07-29 04:00:00+00:00,2024-06-28 04:00:00+00:00,2024-07-29 04:00:00+00:00,3.106746249796183,657.21,636.36,만기,20.0,5.104461757071374,4.942522608800748,-74.82264367412222,-3.172501940019179,INTU@2024-06-28 04:00:00+00:00,⓪운영설정,A,A
TSLA,2024-07-11 04:00:00+00:00,2024-08-08 04:00:00+00:00,2024-07-11 04:00:00+00:00,2024-08-08 04:00:00+00:00,0.04809312754204391,241.03,198.84,만기,20.0,0.02897971632864711,0.023907093701150028,-2.0819358610286276,-17.504045139609183,TSLA@2024-07-11 04:00:00+00:00,⓪운영설정,A,A+B
WBD,2024-07-17 04:00:00+00:00,2024-08-14 04:00:00+00:00,2024-07-17 04:00:00+00:00,2024-08-14 04:00:00+00:00,1.8628271480510488,8.32,6.96,만기,20.0,0.038746804679461816,0.03241319237608825,-2.6046049184049753,-16.346153846153854,WBD@2024-07-17 04:00:00+00:00,⓪운영설정,A,A
GILD,2024-07-18 04:00:00+00:00,2024-08-15 04:00:00+00:00,2024-07-18 04:00:00+00:00,2024-08-15 04:00:00+00:00,0.277216762424298,73.51,74.34,만기,20.0,0.050945510514525366,0.051520735296555785,0.12762366700108885,1.1290980818936092,GILD@2024-07-18 04:00:00+00:00,⓪운영설정,A,A
MSTR,2024-07-19 04:00:00+00:00,2024-08-16 04:00:00+00:00,2024-07-19 04:00:00+00:00,2024-08-16 04:00:00+00:00,0.16311309048379985,177.85,133.04,만기,20.0,0.07252415785635952,0.054251413894911824,-7.4358731563303415,-25.19538937306719,MSTR@2024-07-19 04:00:00+00:00,⓪운영설정,A,A
CHTR,2024-07-29 04:00:00+00:00,2024-08-26 04:00:00+00:00,2024-07-29 04:00:00+00:00,2024-08-26 04:00:00+00:00,4.9672962442426885,377.36,355.37,만기,20.0,4.686147276818552,4.413070165791311,-118.33006185350632,-5.827326690693235,CHTR@2024-07-29 04:00:00+00:00,⓪운영설정,A,A
ON,2024-07-29 04:00:00+00:00,2024-08-26 04:00:00+00:00,2024-07-29 04:00:00+00:00,2024-08-26 04:00:00+00:00,23.93966706987121,78.27,74.82,만기,20.0,4.684394353897049,4.477914725419409,-91.75416047037197,-4.407819087773102,ON@2024-07-29 04:00:00+00:00,⓪운영설정,A,A
ODFL,2024-07-29 04:00:00+00:00,2024-08-26 04:00:00+00:00,2024-07-29 04:00:00+00:00,2024-08-26 04:00:00+00:00,9.29556741773176,201.5,199.12,만기,20.0,4.682642086682375,4.627333460546871,-31.43342600143069,-1.1811414392059572,ODFL@2024-07-29 04:00:00+00:00,⓪운영설정,A,A
FAST,2024-07-29 04:00:00+00:00,2024-08-26 04:00:00+00:00,2024-07-29 04:00:00+00:00,2024-08-26 04:00:00+00:00,52.89888939035741,35.395,33.965,만기,20.0,4.680890474929252,4.491776945358724,-84.81807924849886,-4.040118660827796,FAST@2024-07-29 04:00:00+00:00,⓪운영설정,A,A
AEP,2024-07-29 04:00:00+00:00,2024-08-26 04:00:00+00:00,2024-07-29 04:00:00+00:00,2024-08-26 04:00:00+00:00,19.281506205387846,97.07,99.02,만기,20.0,4.679139518392495,4.773136861143761,28.146660720969976,2.008859585865874,AEP@2024-07-29 04:00:00+00:00,⓪운영설정,A,A
CTSH,2024-07-29 04:00:00+00:00,2024-08-26 04:00:00+00:00,2024-07-29 04:00:00+00:00,2024-08-26 04:00:00+00:00,24.256977410450236,74.54,76.81,만기,20.0,4.520287740437403,4.657946087241707,45.88510489404325,3.045344781325454,CTSH@2024-07-29 04:00:00+00:00,⓪운영설정,A,A
AXON,2024-08-08 04:00:00+00:00,2024-09-06 04:00:00+00:00,2024-08-08 04:00:00+00:00,2024-09-06 04:00:00+00:00,0.13415911682286782,368.46,354.62,만기,20.0,0.1235806704613847,0.11893876501931347,-2.099281612309177,-3.756174347283281,AXON@2024-08-08 04:00:00+00:00,⓪운영설정,A,A+B
SBUX,2024-08-14 04:00:00+00:00,2024-09-12 04:00:00+00:00,2024-08-14 04:00:00+00:00,2024-09-12 04:00:00+00:00,0.26158941092228233,93.9,99.28,만기,20.0,0.06140811421400578,0.06492649179091048,1.2810164247569666,5.7294994675186395,SBUX@2024-08-14 04:00:00+00:00,⓪운영설정,A,A+B
FTNT,2024-08-16 04:00:00+00:00,2024-09-16 04:00:00+00:00,2024-08-16 04:00:00+00:00,2024-09-16 04:00:00+00:00,0.22526736583395493,74.72,76.34,만기,20.0,0.04207994393778278,0.0429922767694103,0.27986091194381757,2.1680942184154173,FTNT@2024-08-16 04:00:00+00:00,⓪운영설정,A,A
DASH,2024-08-20 04:00:00+00:00,2024-09-18 04:00:00+00:00,2024-08-20 04:00:00+00:00,2024-09-18 04:00:00+00:00,0.042697756344401254,127.54,132.48,만기,20.0,0.013614179610412341,0.014141496901265694,0.18317123982966343,3.873294652657977,DASH@2024-08-20 04:00:00+00:00,⓪운영설정,A,A
SHOP,2024-08-26 04:00:00+00:00,2024-09-24 04:00:00+00:00,2024-08-26 04:00:00+00:00,2024-09-24 04:00:00+00:00,24.481995958940363,74.95,80.33,만기,20.0,4.58731399280645,4.916596838454198,122.20922742783841,7.178118745830542,SHOP@2024-08-26 04:00:00+00:00,⓪운영설정,A,A
MELI,2024-08-26 04:00:00+00:00,2024-09-24 04:00:00+00:00,2024-08-26 04:00:00+00:00,2024-09-24 04:00:00+00:00,0.9149694298281658,2004.7,2111.0,만기,20.0,4.58559803994131,4.8287511659181455,87.84690118487492,5.3025390332718025,MELI@2024-08-26 04:00:00+00:00,⓪운영설정,A,A
PYPL,2024-08-26 04:00:00+00:00,2024-09-24 04:00:00+00:00,2024-08-26 04:00:00+00:00,2024-09-24 04:00:00+00:00,25.451875230171016,72.04,78.34,만기,20.0,4.5838827289538004,4.984749763828994,150.77818145729452,8.745141588006655,PYPL@2024-08-26 04:00:00+00:00,⓪운영설정,A,A
APP,2024-08-26 04:00:00+00:00,2024-09-24 04:00:00+00:00,2024-08-26 04:00:00+00:00,2024-09-24 04:00:00+00:00,20.39011262478059,89.89,129.08,만기,20.0,4.582168059603817,6.579889344016697,787.9264563615316,43.59773055957283,APP@2024-08-26 04:00:00+00:00,⓪운영설정,A,A
WDAY,2024-08-26 04:00:00+00:00,2024-09-24 04:00:00+00:00,2024-08-26 04:00:00+00:00,2024-09-24 04:00:00+00:00,7.036838394056685,260.37,246.95,만기,20.0,4.580454031651349,4.344368103530746,-103.35919338342273,-5.154203633291088,WDAY@2024-08-26 04:00:00+00:00,⓪운영설정,A,A
PLTR,2024-08-26 04:00:00+00:00,2024-09-24 04:00:00+00:00,2024-08-26 04:00:00+00:00,2024-09-24 04:00:00+00:00,56.67765914120952,30.85,36.9,만기,20.0,4.371264461265784,5.228514055776579,333.30005928727564,19.611021069692057,PLTR@2024-08-26 04:00:00+00:00,⓪운영설정,A,A
TEAM,2024-09-06 04:00:00+00:00,2024-10-04 04:00:00+00:00,2024-09-06 04:00:00+00:00,2024-10-04 04:00:00+00:00,0.5883326317938777,161.31,171.0,만기,20.0,0.23725984208667605,0.25151220009188274,5.212171159904116,6.0070671378091856,TEAM@2024-09-06 04:00:00+00:00,⓪운영설정,A,A
CEG,2024-09-24 04:00:00+00:00,2024-10-22 04:00:00+00:00,2024-09-24 04:00:00+00:00,2024-10-22 04:00:00+00:00,8.052971189996738,253.49,266.0,만기,20.0,5.103369167380683,5.35522584134783,90.28407457813069,4.935105921338123,CEG@2024-09-24 04:00:00+00:00,⓪운영설정,A,A
TSLA,2024-09-24 04:00:00+00:00,2024-10-22 04:00:00+00:00,2024-09-24 04:00:00+00:00,2024-10-22 04:00:00+00:00,8.02526476016882,254.27,217.97,만기,20.0,5.101460176420315,4.373167399434995,-300.79173836998325,-14.2761631336768,TSLA@2024-09-24 04:00:00+00:00,⓪운영설정,A,A
PDD,2024-09-24 04:00:00+00:00,2024-10-22 04:00:00+00:00,2024-09-24 04:00:00+00:00,2024-10-22 04:00:00+00:00,17.92461124620859,113.8,128.51,만기,20.0,5.099551899546343,5.758729478125664,252.81275005405655,12.926186291739894,PDD@2024-09-24 04:00:00+00:00,⓪운영설정,A,A
ABNB,2024-09-24 04:00:00+00:00,2024-10-22 04:00:00+00:00,2024-09-24 04:00:00+00:00,2024-10-22 04:00:00+00:00,15.508501175818832,131.48,135.59,만기,20.0,5.0976443364916495,5.256994186073189,53.38530131005109,3.125950714937642,ABNB@2024-09-24 04:00:00+00:00,⓪운영설정,A,A
INTC,2024-09-24 04:00:00+00:00,2024-10-22 04:00:00+00:00,2024-09-24 04:00:00+00:00,2024-10-22 04:00:00+00:00,89.35971042506308,22.81,22.4,만기,20.0,5.095737486989222,5.004143783803532,-46.73736254506821,-1.7974572555896517,INTC@2024-09-24 04:00:00+00:00,⓪운영설정,A,A
ARM,2024-09-24 04:00:00+00:00,2024-10-22 04:00:00+00:00,2024-09-24 04:00:00+00:00,2024-10-22 04:00:00+00:00,13.650300979193128,143.3,152.58,만기,20.0,4.890220325795938,5.206907308513219,116.57766545260324,6.475924633635732,ARM@2024-09-24 04:00:00+00:00,⓪운영설정,A,A
APP,2024-10-04 04:00:00+00:00,2024-11-01 04:00:00+00:00,2024-10-04 04:00:00+00:00,2024-11-01 04:00:00+00:00,0.09749482754262831,139.66,163.53,만기,20.0,0.03404031903650867,0.03985832287011502,2.253302891535917,17.091507947873417,APP@2024-10-04 04:00:00+00:00,⓪운영설정,A,A+B
MSTR,2024-10-07 04:00:00+00:00,2024-11-04 05:00:00+00:00,2024-10-07 04:00:00+00:00,2024-11-04 05:00:00+00:00,0.08229614451828181,186.09,222.99,만기,20.0,0.03828622383351766,0.04587804316532916,2.9525634657257562,19.829114944381754,MSTR@2024-10-07 04:00:00+00:00,⓪운영설정,A,A+B
PLTR,2024-10-09 04:00:00+00:00,2024-11-06 05:00:00+00:00,2024-10-09 04:00:00+00:00,2024-11-06 05:00:00+00:00,0.14391753507900296,43.13,55.53,만기,20.0,0.015517908219893494,0.019979351807342588,1.7490801749524012,28.750289821469966,PLTR@2024-10-09 04:00:00+00:00,⓪운영설정,A,A
CRWD,2024-10-10 04:00:00+00:00,2024-11-07 05:00:00+00:00,2024-10-10 04:00:00+00:00,2024-11-07 05:00:00+00:00,0.0849971313240799,78.73,82.695,만기,20.0,0.01672956037286203,0.017572094437111968,0.3027119708900017,5.036199669757391,CRWD@2024-10-10 04:00:00+00:00,⓪운영설정,A,A
TEAM,2024-10-22 04:00:00+00:00,2024-11-19 05:00:00+00:00,2024-10-22 04:00:00+00:00,2024-11-19 05:00:00+00:00,10.664210806037701,193.87,247.73,만기,20.0,5.168676372416323,6.604612357449299,562.6011052833251,27.781503069066883,TEAM@2024-10-22 04:00:00+00:00,⓪운영설정,A,A
NVDA,2024-10-22 04:00:00+00:00,2024-11-19 05:00:00+00:00,2024-10-22 04:00:00+00:00,2024-11-19 05:00:00+00:00,14.393043951046424,143.59,147.01,만기,20.0,5.16674295232689,5.289803478108337,38.76766388214355,2.3817814611045263,NVDA@2024-10-22 04:00:00+00:00,⓪운영설정,A,A
MRVL,2024-10-22 04:00:00+00:00,2024-11-19 05:00:00+00:00,2024-10-22 04:00:00+00:00,2024-11-19 05:00:00+00:00,24.786131999817304,83.35,89.34,만기,20.0,5.16481025546193,5.535982582159195,137.7681378412849,7.186562687462517,MRVL@2024-10-22 04:00:00+00:00,⓪운영설정,A,A
MU,2024-10-22 04:00:00+00:00,2024-11-19 05:00:00+00:00,2024-10-22 04:00:00+00:00,2024-11-19 05:00:00+00:00,19.153694236879648,107.82,97.73,만기,20.0,5.162878281550909,4.67972634442562,-203.10337947609196,-9.358189575217946,MU@2024-10-22 04:00:00+00:00,⓪운영설정,A,A
AXON,2024-10-22 04:00:00+00:00,2024-11-19 05:00:00+00:00,2024-10-22 04:00:00+00:00,2024-11-19 05:00:00+00:00,4.591487760791259,449.61,610.2,만기,20.0,5.1609470303233955,7.004314579087066,725.1817578960581,35.717621939013824,AXON@2024-10-22 04:00:00+00:00,⓪운영설정,A,A
LULU,2024-10-22 04:00:00+00:00,2024-11-19 05:00:00+00:00,2024-10-22 04:00:00+00:00,2024-11-19 05:00:00+00:00,6.797310273593196,298.88,301.85,만기,20.0,5.078950236428836,5.129420265210266,9.979641010933165,0.9937098501070718,LULU@2024-10-22 04:00:00+00:00,⓪운영설정,A,A
CHTR,2024-11-04 05:00:00+00:00,2024-12-03 05:00:00+00:00,2024-11-04 05:00:00+00:00,2024-12-03 05:00:00+00:00,0.061315283095457265,375.83,397.61,만기,20.0,0.057610307114414255,0.06094892427896191,1.2168876344256887,5.795173349652782,CHTR@2024-11-04 05:00:00+00:00,⓪운영설정,A,A
APP,2024-11-19 05:00:00+00:00,2024-12-18 05:00:00+00:00,2024-11-19 05:00:00+00:00,2024-12-18 05:00:00+00:00,7.03066444471319,321.19,313.07,만기,20.0,5.645447782493574,5.502725294265896,-68.23716836783069,-2.528098633207765,APP@2024-11-19 05:00:00+00:00,⓪운영설정,A,A
MSTR,2024-11-19 05:00:00+00:00,2024-12-18 05:00:00+00:00,2024-11-19 05:00:00+00:00,2024-12-18 05:00:00+00:00,5.243030630356214,430.54,349.64,만기,20.0,5.643336018983912,4.582933073994367,-434.3874470887963,-18.790356296743628,MSTR@2024-11-19 05:00:00+00:00,⓪운영설정,A,A
TSLA,2024-11-19 05:00:00+00:00,2024-12-18 05:00:00+00:00,2024-11-19 05:00:00+00:00,2024-12-18 05:00:00+00:00,6.521647451341879,346.0,440.13,만기,20.0,5.641225045410725,7.1759317318977525,601.065517817503,27.20520231213872,TSLA@2024-11-19 05:00:00+00:00,⓪운영설정,A,A
PLTR,2024-11-19 05:00:00+00:00,2024-12-18 05:00:00+00:00,2024-11-19 05:00:00+00:00,2024-12-18 05:00:00+00:00,35.81527381059719,62.98,71.51,만기,20.0,5.639114861478528,6.402875575489514,293.4622951674264,13.543982216576712,PLTR@2024-11-19 05:00:00+00:00,⓪운영설정,A,A
SHOP,2024-11-19 05:00:00+00:00,2024-12-18 05:00:00+00:00,2024-11-19 05:00:00+00:00,2024-12-18 05:00:00+00:00,21.55848730047591,104.59,109.7,만기,20.0,5.637005466891939,5.912415142155519,98.61444949638508,4.885744335022468,SHOP@2024-11-19 05:00:00+00:00,⓪운영설정,A,A
WBD,2024-11-19 05:00:00+00:00,2024-12-18 05:00:00+00:00,2024-11-19 05:00:00+00:00,2024-12-18 05:00:00+00:00,236.41040606608482,9.5,10.63,만기,20.0,5.614747144069514,6.282606541206205,255.24640516940053,11.894736842105269,WBD@2024-11-19 05:00:00+00:00,⓪운영설정,A,A
AXON,2024-11-21 05:00:00+00:00,2024-12-20 05:00:00+00:00,2024-11-21 05:00:00+00:00,2024-12-20 05:00:00+00:00,0.01374310753796167,631.27,631.69,만기,20.0,0.02168902873872266,0.021703459001637518,-0.037620382574415245,0.06653254550352816,AXON@2024-11-21 05:00:00+00:00,⓪운영설정,A,A+B
AVGO,2024-12-18 05:00:00+00:00,2025-01-21 05:00:00+00:00,2024-12-18 05:00:00+00:00,2025-01-21 05:00:00+00:00,10.597557142371723,223.62,240.31,만기,20.0,5.924564320442912,6.366747392208372,164.581916993533,7.463554243806447,AVGO@2024-12-18 05:00:00+00:00,⓪운영설정,A,A
LULU,2024-12-18 05:00:00+00:00,2025-01-21 05:00:00+00:00,2024-12-18 05:00:00+00:00,2025-01-21 05:00:00+00:00,6.366918213508991,372.07,372.81,만기,20.0,5.922348149250726,5.9341269479457175,-7.144955619199209,0.1988873061520735,LULU@2024-12-18 05:00:00+00:00,⓪운영설정,A,A
MRVL,2024-12-18 05:00:00+00:00,2025-01-21 05:00:00+00:00,2024-12-18 05:00:00+00:00,2025-01-21 05:00:00+00:00,22.492905801862683,105.28,123.78,만기,20.0,5.920132807050258,6.960429700386408,403.2381948270231,17.572188449848024,MRVL@2024-12-18 05:00:00+00:00,⓪운영설정,A,A
SMCI,2024-12-18 05:00:00+00:00,2025-01-21 05:00:00+00:00,2024-12-18 05:00:00+00:00,2025-01-21 05:00:00+00:00,73.4460849336818,32.23,32.45,만기,20.0,5.917918293531411,5.9583136402449375,4.281906751634324,0.6825938566553003,SMCI@2024-12-18 05:00:00+00:00,⓪운영설정,A,A
DDOG,2024-12-18 05:00:00+00:00,2025-01-21 05:00:00+00:00,2024-12-18 05:00:00+00:00,2025-01-21 05:00:00+00:00,15.754206680117722,150.2,138.4,만기,20.0,5.915704608384204,5.450955511320732,-197.2662989450937,-7.856191744340868,DDOG@2024-12-18 05:00:00+00:00,⓪운영설정,A,A
AAPL,2024-12-18 05:00:00+00:00,2025-01-21 05:00:00+00:00,2024-12-18 05:00:00+00:00,2025-01-21 05:00:00+00:00,9.535967347387661,248.05,222.64,만기,20.0,5.913491751298774,5.307719425555972,-253.53014147397516,-10.2439024390244,AAPL@2024-12-18 05:00:00+00:00,⓪운영설정,A,A
ASML,2024-12-18 05:00:00+00:00,2025-01-21 05:00:00+00:00,2024-12-18 05:00:00+00:00,2025-01-21 05:00:00+00:00,0.011773777819017053,719.49,763.0,만기,20.0,0.02117778850751145,0.02245848118977503,0.46864080320814594,6.0473390874091315,ASML@2024-12-18 05:00:00+00:00,⓪운영설정,A,A
TSLA,2024-12-19 05:00:00+00:00,2025-01-22 05:00:00+00:00,2024-12-19 05:00:00+00:00,2025-01-22 05:00:00+00:00,0.015630591262887187,436.17,415.11,만기,20.0,0.017043987477833762,0.016221036847842752,-0.36244527632208,-4.828392599215903,TSLA@2024-12-19 05:00:00+00:00,⓪운영설정,A,A
CEG,2025-01-14 05:00:00+00:00,2025-02-12 05:00:00+00:00,2025-01-14 05:00:00+00:00,2025-02-12 05:00:00+00:00,0.04052445943287772,288.87,313.8,만기,20.0,0.029265751490938467,0.03179143842509257,0.9492175837456127,8.630179665593518,CEG@2025-01-14 05:00:00+00:00,⓪운영설정,A,A
KLAC,2025-01-21 05:00:00+00:00,2025-02-19 05:00:00+00:00,2025-01-21 05:00:00+00:00,2025-02-19 05:00:00+00:00,31.11404874332769,76.724,77.475,만기,20.0,5.967985689457684,6.026402315973281,11.372262600807971,0.9788332203743089,KLAC@2025-01-21 05:00:00+00:00,⓪운영설정,A,A
BKR,2025-01-21 05:00:00+00:00,2025-02-19 05:00:00+00:00,2025-01-21 05:00:00+00:00,2025-02-19 05:00:00+00:00,50.729194522603194,47.04,46.89,만기,20.0,5.965753275858135,5.94672982791216,-19.521862282159873,-0.3188775510204023,BKR@2025-01-21 05:00:00+00:00,⓪운영설정,A,A
AMAT,2025-01-21 05:00:00+00:00,2025-02-19 05:00:00+00:00,2025-01-21 05:00:00+00:00,2025-02-19 05:00:00+00:00,12.36796121185466,192.87,174.06,만기,20.0,5.963521697326021,5.3819183213385555,-243.98679041365085,-9.752683154456365,AMAT@2025-01-21 05:00:00+00:00,⓪운영설정,A,A
ISRG,2025-01-21 05:00:00+00:00,2025-02-19 05:00:00+00:00,2025-01-21 05:00:00+00:00,2025-02-19 05:00:00+00:00,3.947090613486701,604.12,608.48,만기,20.0,5.961290953548964,6.004314241235971,5.243709880017377,0.7217109183605963,ISRG@2025-01-21 05:00:00+00:00,⓪운영설정,A,A
DXCM,2025-01-21 05:00:00+00:00,2025-02-19 05:00:00+00:00,2025-01-21 05:00:00+00:00,2025-02-19 05:00:00+00:00,27.613813921291566,86.32,89.68,만기,20.0,5.959061044214719,6.19101708115357,80.63233665017196,3.892493049119561,DXCM@2025-01-21 05:00:00+00:00,⓪운영설정,A,A
ARM,2025-01-21 05:00:00+00:00,2025-02-19 05:00:00+00:00,2025-01-21 05:00:00+00:00,2025-02-19 05:00:00+00:00,15.331187831908013,155.2,154.36,만기,20.0,5.948500878780309,5.916305384333302,-24.74300404191581,-0.5412371134020488,ARM@2025-01-21 05:00:00+00:00,⓪운영설정,A,A
MU,2025-01-24 05:00:00+00:00,2025-02-24 05:00:00+00:00,2025-01-24 05:00:00+00:00,2025-02-24 05:00:00+00:00,0.16939294183594203,103.19,95.41,만기,20.0,0.04369914417012715,0.04040445145141807,-1.4019806831051724,-7.539490260684179,MU@2025-01-24 05:00:00+00:00,⓪운영설정,A,A
GEHC,2025-01-27 05:00:00+00:00,2025-02-25 05:00:00+00:00,2025-01-27 05:00:00+00:00,2025-02-25 05:00:00+00:00,0.8216318056675465,88.99,90.81,만기,20.0,0.18279253596588738,0.18653096068167474,1.126046389667394,2.0451736150129296,GEHC@2025-01-27 05:00:00+00:00,⓪운영설정,A,A
SMCI,2025-02-19 05:00:00+00:00,2025-03-19 04:00:00+00:00,2025-02-19 05:00:00+00:00,2025-03-19 04:00:00+00:00,39.15281579609189,60.25,40.1,만기,20.0,5.8973928792863415,3.9250697835582122,-798.7517009540959,-33.44398340248962,SMCI@2025-02-19 05:00:00+00:00,⓪운영설정,A,A
PLTR,2025-02-19 05:00:00+00:00,2025-03-19 04:00:00+00:00,2025-02-19 05:00:00+00:00,2025-03-19 04:00:00+00:00,21.04296581108295,112.06,86.1,만기,20.0,5.895186871974889,4.529498390835605,-556.7000777185237,-23.16616098518651,PLTR@2025-02-19 05:00:00+00:00,⓪운영설정,A,A
APP,2025-02-19 05:00:00+00:00,2025-03-19 04:00:00+00:00,2025-02-19 05:00:00+00:00,2025-03-19 04:00:00+00:00,4.770003593786107,494.17,297.03,만기,20.0,5.892981689853202,3.5420854186557182,-949.7935755875023,-39.893154177712134,APP@2025-02-19 05:00:00+00:00,⓪운영설정,A,A
CRWD,2025-02-19 05:00:00+00:00,2025-03-19 04:00:00+00:00,2025-02-19 05:00:00+00:00,2025-03-19 04:00:00+00:00,20.93847188025986,112.535,93.7625,만기,20.0,5.8907773326126085,4.908108674182164,-403.8663493789725,-16.681476873861456,CRWD@2025-02-19 05:00:00+00:00,⓪운영설정,A,A
SHOP,2025-02-19 05:00:00+00:00,2025-03-19 04:00:00+00:00,2025-02-19 05:00:00+00:00,2025-03-19 04:00:00+00:00,18.450803070482685,127.66,101.54,만기,20.0,5.888573799944549,4.68373635944203,-492.5072863603939,-20.460598464671776,SHOP@2025-02-19 05:00:00+00:00,⓪운영설정,A,A
TMUS,2025-02-19 05:00:00+00:00,2025-03-19 04:00:00+00:00,2025-02-19 05:00:00+00:00,2025-03-19 04:00:00+00:00,8.647258234545166,263.35,259.25,만기,20.0,5.693138640168675,5.604504243264586,-46.7514016450682,-1.5568634896525602,TMUS@2025-02-19 05:00:00+00:00,⓪운영설정,A,A
PDD,2025-02-20 05:00:00+00:00,2025-03-20 04:00:00+00:00,2025-02-20 05:00:00+00:00,2025-03-20 04:00:00+00:00,0.4088844292943571,124.41,130.92,만기,20.0,0.1271732796212774,0.13382787370804308,2.400836481376949,5.232698336146613,PDD@2025-02-20 05:00:00+00:00,⓪운영설정,A,A
MELI,2025-02-21 05:00:00+00:00,2025-03-21 04:00:00+00:00,2025-02-21 05:00:00+00:00,2025-03-21 04:00:00+00:00,0.030690375630826428,2260.0,2095.27,만기,20.0,0.17340062231416933,0.16076155837000422,-5.389787758350209,-7.288938053097349,MELI@2025-02-21 05:00:00+00:00,⓪운영설정,A,A
GILD,2025-02-24 05:00:00+00:00,2025-03-24 04:00:00+00:00,2025-02-24 05:00:00+00:00,2025-03-24 04:00:00+00:00,0.5793080243032466,111.03,106.74,만기,20.0,0.16080142484597368,0.15458834628532134,-2.8006211953922175,-3.863820589029998,GILD@2025-02-24 05:00:00+00:00,⓪운영설정,A,A
SBUX,2025-02-25 05:00:00+00:00,2025-03-25 04:00:00+00:00,2025-02-25 05:00:00+00:00,2025-03-25 04:00:00+00:00,1.1561421135452188,114.59,95.88,만기,20.0,0.3312058119778666,0.27712726461678894,-22.239752021025694,-16.327777292957503,SBUX@2025-02-25 05:00:00+00:00,⓪운영설정,A,A
MNST,2025-03-19 04:00:00+00:00,2025-04-16 04:00:00+00:00,2025-03-19 04:00:00+00:00,2025-04-16 04:00:00+00:00,65.77117863706847,28.41,28.975,만기,20.0,4.671397962697789,4.764299752522648,27.725018214723605,1.9887363604364605,MNST@2025-03-19 04:00:00+00:00,⓪운영설정,A,A
EA,2025-03-19 04:00:00+00:00,2025-04-16 04:00:00+00:00,2025-03-19 04:00:00+00:00,2025-04-16 04:00:00+00:00,13.156724820669382,141.97,142.97,만기,20.0,4.66965055697608,4.702542369027754,3.784531894665861,0.7043741635556877,EA@2025-03-19 04:00:00+00:00,⓪운영설정,A,A
VRTX,2025-03-19 04:00:00+00:00,2025-04-16 04:00:00+00:00,2025-03-19 04:00:00+00:00,2025-04-16 04:00:00+00:00,3.643099824317031,512.52,485.89,만기,20.0,4.667903804897412,4.425364434093505,-106.1090165605533,-5.195894794349487,VRTX@2025-03-19 04:00:00+00:00,⓪운영설정,A,A
AMGN,2025-03-19 04:00:00+00:00,2025-04-16 04:00:00+00:00,2025-03-19 04:00:00+00:00,2025-04-16 04:00:00+00:00,5.911205328541284,315.75,282.64,만기,20.0,4.666157706217276,4.176857685147271,-204.56302381936598,-10.486144101346007,AMGN@2025-03-19 04:00:00+00:00,⓪운영설정,A,A
EXC,2025-03-19 04:00:00+00:00,2025-04-16 04:00:00+00:00,2025-03-19 04:00:00+00:00,2025-04-16 04:00:00+00:00,41.983908737095035,44.44,46.51,만기,20.0,4.664412260691258,4.881678988405725,77.36059983668997,4.657965796579666,EXC@2025-03-19 04:00:00+00:00,⓪운영설정,A,A
INTU,2025-03-19 04:00:00+00:00,2025-04-16 04:00:00+00:00,2025-03-19 04:00:00+00:00,2025-04-16 04:00:00+00:00,2.6309492268793018,603.11,588.08,만기,20.0,3.9668794705579393,3.86802155335795,-47.37806790391164,-2.492082704647569,INTU@2025-03-19 04:00:00+00:00,⓪운영설정,A,A
BIIB,2025-03-20 04:00:00+00:00,2025-04-17 04:00:00+00:00,2025-03-20 04:00:00+00:00,2025-04-17 04:00:00+00:00,0.3752410440836445,141.38,118.61,만기,20.0,0.13262894703136413,0.11126835059690268,-8.788135871412848,-16.105531192530766,BIIB@2025-03-20 04:00:00+00:00,⓪운영설정,A,A+C
AXON,2025-03-21 04:00:00+00:00,2025-04-21 04:00:00+00:00,2025-03-21 04:00:00+00:00,2025-04-21 04:00:00+00:00,0.11717007033198563,560.0,541.93,만기,20.0,0.16403809846477987,0.15874494053753244,-2.4400462099012827,-3.226785714285718,AXON@2025-03-21 04:00:00+00:00,⓪운영설정,A,A+C
MSTR,2025-03-24 04:00:00+00:00,2025-04-22 04:00:00+00:00,2025-03-24 04:00:00+00:00,2025-04-22 04:00:00+00:00,0.16665457077166598,335.72,343.03,만기,20.0,0.13987318124865927,0.14291879352951145,0.935452937562701,2.177409746217074,MSTR@2025-03-24 04:00:00+00:00,⓪운영설정,A,A
ZS,2025-03-25 04:00:00+00:00,2025-04-23 04:00:00+00:00,2025-03-25 04:00:00+00:00,2025-04-23 04:00:00+00:00,0.5454109720709235,215.73,200.59,만기,20.0,0.2941537725121508,0.27350996721926635,-8.825185856885184,-7.018031799008018,ZS@2025-03-25 04:00:00+00:00,⓪운영설정,A,A
DLTR,2025-04-16 04:00:00+00:00,2025-05-15 04:00:00+00:00,2025-04-16 04:00:00+00:00,2025-05-15 04:00:00+00:00,24.9686124845126,73.21,86.58,만기,20.0,4.5698802999779184,5.404456172272752,323.85601244568306,18.262532440923373,DLTR@2025-04-16 04:00:00+00:00,⓪운영설정,A,A
CPRT,2025-04-16 04:00:00+00:00,2025-05-15 04:00:00+00:00,2025-04-16 04:00:00+00:00,2025-05-15 04:00:00+00:00,30.741392116044825,59.44,62.97,만기,20.0,4.568170868444261,4.839463653868356,99.10947964732577,5.938761776581436,CPRT@2025-04-16 04:00:00+00:00,⓪운영설정,A,A
ROST,2025-04-16 04:00:00+00:00,2025-05-15 04:00:00+00:00,2025-04-16 04:00:00+00:00,2025-05-15 04:00:00+00:00,13.171220295208634,138.68,151.89,만기,20.0,4.5664620763488335,5.0014416265980985,164.42391639675907,9.525526391693084,ROST@2025-04-16 04:00:00+00:00,⓪운영설정,A,A
PLTR,2025-04-16 04:00:00+00:00,2025-05-15 04:00:00+00:00,2025-04-16 04:00:00+00:00,2025-05-15 04:00:00+00:00,19.694763988577044,92.71,128.12,만기,20.0,4.564753923452444,6.308232905541228,686.51860600652,38.19436953942403,PLTR@2025-04-16 04:00:00+00:00,⓪운영설정,A,A
COST,2025-04-16 04:00:00+00:00,2025-05-15 04:00:00+00:00,2025-04-16 04:00:00+00:00,2025-05-15 04:00:00+00:00,1.8860434655710627,967.75,1010.47,만기,20.0,4.56304640951599,4.76447585163898,71.24425458804103,4.4143632136398825,COST@2025-04-16 04:00:00+00:00,⓪운영설정,A,A
TRI,2025-04-16 04:00:00+00:00,2025-05-15 04:00:00+00:00,2025-04-16 04:00:00+00:00,2025-05-15 04:00:00+00:00,8.68179153397313,180.25,189.65,만기,20.0,3.9122323099966416,4.11625441104501,73.58035369830577,5.214979195561731,TRI@2025-04-16 04:00:00+00:00,⓪운영설정,A,A
FAST,2025-04-17 04:00:00+00:00,2025-05-16 04:00:00+00:00,2025-04-17 04:00:00+00:00,2025-05-16 04:00:00+00:00,0.4743985795490747,40.79,41.515,만기,20.0,0.04837679514951689,0.04923664257494959,0.24632553244861555,1.7773964206913462,FAST@2025-04-17 04:00:00+00:00,⓪운영설정,A,A+C
EXC,2025-04-21 04:00:00+00:00,2025-05-19 04:00:00+00:00,2025-04-21 04:00:00+00:00,2025-05-19 04:00:00+00:00,1.8437489564621996,46.23,44.39,만기,20.0,0.2130912856431187,0.20461004044339262,-3.810199405976931,-3.980099502487555,EXC@2025-04-21 04:00:00+00:00,⓪운영설정,A,A+C
CCEP,2025-04-22 04:00:00+00:00,2025-05-20 04:00:00+00:00,2025-04-22 04:00:00+00:00,2025-05-20 04:00:00+00:00,0.3243251902134148,90.71,88.56,만기,20.0,0.07354884501064715,0.07180559711325005,-0.8426536010827306,-2.370190717671694,CCEP@2025-04-22 04:00:00+00:00,⓪운영설정,A,A
CTAS,2025-04-23 04:00:00+00:00,2025-05-21 04:00:00+00:00,2025-04-23 04:00:00+00:00,2025-05-21 04:00:00+00:00,0.43699187782252985,207.69,221.05,만기,20.0,0.22689710776240307,0.2414926364816756,5.369821743464939,6.432664066637783,CTAS@2025-04-23 04:00:00+00:00,⓪운영설정,A,A
MCHP,2025-05-15 04:00:00+00:00,2025-06-13 04:00:00+00:00,2025-05-15 04:00:00+00:00,2025-06-13 04:00:00+00:00,33.55437817267686,60.8,65.73,만기,20.0,5.100265482246883,5.513823193225126,154.80899571582518,8.10855263157897,MCHP@2025-05-15 04:00:00+00:00,⓪운영설정,A,A
APP,2025-05-15 04:00:00+00:00,2025-06-13 04:00:00+00:00,2025-05-15 04:00:00+00:00,2025-06-13 04:00:00+00:00,5.562704402243248,366.61,364.49,만기,20.0,5.098357652265993,5.068875318934103,-21.960166303955475,-0.5782711873653201,APP@2025-05-15 04:00:00+00:00,⓪운영설정,A,A
TSLA,2025-05-15 04:00:00+00:00,2025-06-13 04:00:00+00:00,2025-05-15 04:00:00+00:00,2025-06-13 04:00:00+00:00,5.9465031631027525,342.82,325.31,만기,20.0,5.0964505359372145,4.836142359972391,-114.05586328183836,-5.107636660638237,TSLA@2025-05-15 04:00:00+00:00,⓪운영설정,A,A
CEG,2025-05-15 04:00:00+00:00,2025-06-13 04:00:00+00:00,2025-05-15 04:00:00+00:00,2025-06-13 04:00:00+00:00,7.16532226862672,284.4,296.89,만기,20.0,5.094544132993597,5.318281320831467,79.08204968132304,4.391701828410688,CEG@2025-05-15 04:00:00+00:00,⓪운영설정,A,A
SMCI,2025-05-15 04:00:00+00:00,2025-06-13 04:00:00+00:00,2025-05-15 04:00:00+00:00,2025-06-13 04:00:00+00:00,46.33883933729107,43.96,41.56,만기,20.0,5.092638443168289,4.814605407144542,-121.12045825981113,-5.459508644222022,SMCI@2025-05-15 04:00:00+00:00,⓪운영설정,A,A
MU,2025-05-15 04:00:00+00:00,2025-06-13 04:00:00+00:00,2025-05-15 04:00:00+00:00,2025-06-13 04:00:00+00:00,19.144898107327613,95.45,115.6,만기,20.0,4.568451310861052,5.532875553017679,375.6683699987723,21.110529072812987,MU@2025-05-15 04:00:00+00:00,⓪운영설정,A,A
NVDA,2025-05-19 04:00:00+00:00,2025-06-17 04:00:00+00:00,2025-05-19 04:00:00+00:00,2025-06-17 04:00:00+00:00,0.6139401864425691,135.57,144.12,만기,20.0,0.20807967769004773,0.22120264917525767,4.819906267218684,6.306705023235248,NVDA@2025-05-19 04:00:00+00:00,⓪운영설정,A,A
AVGO,2025-05-20 04:00:00+00:00,2025-06-18 04:00:00+00:00,2025-05-20 04:00:00+00:00,2025-06-18 04:00:00+00:00,0.18406219751224623,231.68,251.26,만기,20.0,0.10660882479909303,0.11561866936731746,3.3817103331233724,8.451312154696122,AVGO@2025-05-20 04:00:00+00:00,⓪운영설정,A,A
AXON,2025-05-21 04:00:00+00:00,2025-06-20 04:00:00+00:00,2025-05-21 04:00:00+00:00,2025-06-20 04:00:00+00:00,0.1671964527297281,735.38,777.32,만기,20.0,0.30738231852096864,0.32491286658968066,6.379924042374171,5.703173869292066,AXON@2025-05-21 04:00:00+00:00,⓪운영설정,A,A
DXCM,2025-05-23 04:00:00+00:00,2025-06-24 04:00:00+00:00,2025-05-23 04:00:00+00:00,2025-06-24 04:00:00+00:00,0.16981658633338606,84.51,87.57,만기,20.0,0.03587799927758614,0.03717709616303654,0.4465836587395362,3.620873269435565,DXCM@2025-05-23 04:00:00+00:00,⓪운영설정,A,A
ZS,2025-06-13 04:00:00+00:00,2025-07-15 04:00:00+00:00,2025-06-13 04:00:00+00:00,2025-07-15 04:00:00+00:00,6.939190491291937,301.95,288.9,만기,20.0,5.238221422114001,5.011830332335601,-100.8064876658093,-4.3219076005961305,ZS@2025-06-13 04:00:00+00:00,⓪운영설정,A,A
ON,2025-06-13 04:00:00+00:00,2025-07-15 04:00:00+00:00,2025-06-13 04:00:00+00:00,2025-07-15 04:00:00+00:00,41.05262240428715,51.02,58.93,만기,20.0,5.236261987666826,6.048077595711605,313.441903634533,15.503724029792231,ON@2025-06-13 04:00:00+00:00,⓪운영설정,A,A
INTU,2025-06-13 04:00:00+00:00,2025-07-15 04:00:00+00:00,2025-06-13 04:00:00+00:00,2025-07-15 04:00:00+00:00,2.7768923770790632,753.98,745.95,만기,20.0,5.234303286175181,5.178557171705319,-32.711306245824744,-1.065014987134938,INTU@2025-06-13 04:00:00+00:00,⓪운영설정,A,A
MRNA,2025-06-13 04:00:00+00:00,2025-07-15 04:00:00+00:00,2025-06-13 04:00:00+00:00,2025-07-15 04:00:00+00:00,78.47537033918094,26.67,31.58,만기,20.0,5.2323453173648895,6.1956304882783355,373.88609255973506,18.410198725159344,MRNA@2025-06-13 04:00:00+00:00,⓪운영설정,A,A
CRWD,2025-06-13 04:00:00+00:00,2025-07-15 04:00:00+00:00,2025-06-13 04:00:00+00:00,2025-07-15 04:00:00+00:00,17.412136260536425,120.155,118.32,만기,20.0,5.230388080961886,5.150509905866675,-42.33216802491279,-1.5271940410303442,CRWD@2025-06-13 04:00:00+00:00,⓪운영설정,A,A
DASH,2025-06-13 04:00:00+00:00,2025-07-15 04:00:00+00:00,2025-06-13 04:00:00+00:00,2025-07-15 04:00:00+00:00,8.353336380504205,218.96,236.77,만기,20.0,4.572616334688002,4.944548637029952,139.25575596506224,8.133905736207536,DASH@2025-06-13 04:00:00+00:00,⓪운영설정,A,A
MU,2025-06-17 04:00:00+00:00,2025-07-17 04:00:00+00:00,2025-06-17 04:00:00+00:00,2025-07-17 04:00:00+00:00,0.6422256677224438,120.34,113.26,만기,20.0,0.19321359213429723,0.18184619781560998,-4.9220175174248055,-5.883330563403688,MU@2025-06-17 04:00:00+00:00,⓪운영설정,A,A+B
MRVL,2025-06-18 04:00:00+00:00,2025-07-18 04:00:00+00:00,2025-06-18 04:00:00+00:00,2025-07-18 04:00:00+00:00,0.7484910243981717,74.95,74.65,만기,20.0,0.14024850569660743,0.13968713742830882,-0.5044829504443555,-0.4002668445630353,MRVL@2025-06-18 04:00:00+00:00,⓪운영설정,A,A
WBD,2025-06-20 04:00:00+00:00,2025-07-21 04:00:00+00:00,2025-06-20 04:00:00+00:00,2025-07-21 04:00:00+00:00,12.069091761550963,10.52,12.8,만기,20.0,0.3174171133287903,0.38621093636963083,26.81390116663779,21.673003802281386,WBD@2025-06-20 04:00:00+00:00,⓪운영설정,A,A
AMD,2025-07-15 04:00:00+00:00,2025-08-12 04:00:00+00:00,2025-07-15 04:00:00+00:00,2025-08-12 04:00:00+00:00,14.107065776105818,155.61,174.95,만기,20.0,5.488001263549567,6.170077893824282,261.1725729525124,12.428507165349245,AMD@2025-07-15 04:00:00+00:00,⓪운영설정,A,A
SMCI,2025-07-15 04:00:00+00:00,2025-08-12 04:00:00+00:00,2025-07-15 04:00:00+00:00,2025-08-12 04:00:00+00:00,41.27100541844267,53.17,46.43,만기,20.0,5.485948395246492,4.790531953945733,-288.44305686949565,-12.676321233778454,SMCI@2025-07-15 04:00:00+00:00,⓪운영설정,A,A
NVDA,2025-07-15 04:00:00+00:00,2025-08-12 04:00:00+00:00,2025-07-15 04:00:00+00:00,2025-08-12 04:00:00+00:00,12.850372102751654,170.7,183.16,만기,20.0,5.483896294849268,5.884185385849983,148.7475547195868,7.299355594610435,NVDA@2025-07-15 04:00:00+00:00,⓪운영설정,A,A
SNPS,2025-07-15 04:00:00+00:00,2025-08-12 04:00:00+00:00,2025-07-15 04:00:00+00:00,2025-08-12 04:00:00+00:00,3.852992417550973,569.1,625.8,만기,20.0,5.481844962070648,6.028006637258496,206.9548184758105,9.963099630996307,SNPS@2025-07-15 04:00:00+00:00,⓪운영설정,A,A
AMAT,2025-07-15 04:00:00+00:00,2025-08-12 04:00:00+00:00,2025-07-15 04:00:00+00:00,2025-08-12 04:00:00+00:00,10.99863394374728,199.29,188.45,만기,20.0,5.479794396623488,5.181731416747937,-129.8867177635916,-5.4393095488985965,AMAT@2025-07-15 04:00:00+00:00,⓪운영설정,A,A
DDOG,2025-07-15 04:00:00+00:00,2025-08-12 04:00:00+00:00,2025-07-15 04:00:00+00:00,2025-08-12 04:00:00+00:00,13.732971530089783,140.56,128.96,만기,20.0,4.82576619567355,4.427510021300946,-168.5557459660156,-8.252703471826973,DDOG@2025-07-15 04:00:00+00:00,⓪운영설정,A,A
MRNA,2025-07-17 04:00:00+00:00,2025-08-14 04:00:00+00:00,2025-07-17 04:00:00+00:00,2025-08-14 04:00:00+00:00,1.8826844280648691,32.2,26.69,만기,20.0,0.15155609645922197,0.1256221184626284,-10.650769413559267,-17.111801242236023,MRNA@2025-07-17 04:00:00+00:00,⓪운영설정,A,A+B
SHOP,2025-07-18 04:00:00+00:00,2025-08-15 04:00:00+00:00,2025-07-18 04:00:00+00:00,2025-08-15 04:00:00+00:00,0.5246724506987402,127.07,141.47,만기,20.0,0.1666753207757223,0.18556352900087697,7.203044440285268,11.332336507436857,SHOP@2025-07-18 04:00:00+00:00,⓪운영설정,A,A
MSTR,2025-07-21 04:00:00+00:00,2025-08-18 04:00:00+00:00,2025-07-21 04:00:00+00:00,2025-08-18 04:00:00+00:00,0.3537852722206134,426.28,363.6,만기,20.0,0.37702896460550767,0.3215908124485376,-22.87388063984207,-14.703950455099923,MSTR@2025-07-21 04:00:00+00:00,⓪운영설정,A,A
WBD,2025-07-22 04:00:00+00:00,2025-08-19 04:00:00+00:00,2025-07-22 04:00:00+00:00,2025-08-19 04:00:00+00:00,1.0046937748150022,12.85,11.56,만기,20.0,0.03227578751593195,0.029035650092153566,-1.3573664071194376,-10.038910505836574,WBD@2025-07-22 04:00:00+00:00,⓪운영설정,A,A
APP,2025-08-12 04:00:00+00:00,2025-09-10 04:00:00+00:00,2025-08-12 04:00:00+00:00,2025-09-10 04:00:00+00:00,4.707549844967747,467.0,567.12,만기,20.0,5.4960644439998445,6.674364170195271,459.14946186397583,21.43897216274091,APP@2025-08-12 04:00:00+00:00,⓪운영설정,A,A
PLTR,2025-08-12 04:00:00+00:00,2025-09-10 04:00:00+00:00,2025-08-12 04:00:00+00:00,2025-09-10 04:00:00+00:00,11.753775599389169,186.97,166.74,만기,20.0,5.494008559544482,4.899561358605375,-248.17245029379228,-10.819917633845,PLTR@2025-08-12 04:00:00+00:00,⓪운영설정,A,A
IDXX,2025-08-12 04:00:00+00:00,2025-09-10 04:00:00+00:00,2025-08-12 04:00:00+00:00,2025-09-10 04:00:00+00:00,3.367901908181095,652.27,637.95,만기,20.0,5.491953444123206,5.3713825558103245,-59.09169132508623,-2.1954098762782204,IDXX@2025-08-12 04:00:00+00:00,⓪운영설정,A,A
EA,2025-08-12 04:00:00+00:00,2025-09-10 04:00:00+00:00,2025-08-12 04:00:00+00:00,2025-09-10 04:00:00+00:00,12.34309279399325,177.91,170.27,만기,20.0,5.489899097448348,5.2541460250830765,-105.04527406864008,-4.294306109830803,EA@2025-08-12 04:00:00+00:00,⓪운영설정,A,A
ROST,2025-08-12 04:00:00+00:00,2025-09-10 04:00:00+00:00,2025-08-12 04:00:00+00:00,2025-09-10 04:00:00+00:00,14.832014916844171,148.0,149.24,만기,20.0,5.487845519232343,5.53382476547456,7.370028212179932,0.8378378378378404,ROST@2025-08-12 04:00:00+00:00,⓪운영설정,A,A
ORLY,2025-08-12 04:00:00+00:00,2025-09-10 04:00:00+00:00,2025-08-12 04:00:00+00:00,2025-09-10 04:00:00+00:00,18.967827419266563,101.89,105.11,만기,20.0,4.831579839372676,4.984270850097771,51.26055360056807,3.160270880361171,ORLY@2025-08-12 04:00:00+00:00,⓪운영설정,A,A
AZN,2025-08-14 04:00:00+00:00,2025-09-12 04:00:00+00:00,2025-08-14 04:00:00+00:00,2025-09-12 04:00:00+00:00,0.46621241603818264,158.258296,160.456608,만기,20.0,0.18445495634061465,0.18701715721242895,0.6534082351726767,1.3890658850516102,AZN@2025-08-14 04:00:00+00:00,⓪운영설정,A,A
AMD,2025-08-15 04:00:00+00:00,2025-09-15 04:00:00+00:00,2025-08-15 04:00:00+00:00,2025-09-15 04:00:00+00:00,0.46853483325696665,177.51,161.16,만기,20.0,0.2079240456286104,0.1887726843192319,-8.057241253699232,-9.210748690214633,AMD@2025-08-15 04:00:00+00:00,⓪운영설정,A,A
CDNS,2025-08-18 04:00:00+00:00,2025-09-16 04:00:00+00:00,2025-08-18 04:00:00+00:00,2025-09-16 04:00:00+00:00,0.4061557731009193,356.25,349.01,만기,20.0,0.36173248541800623,0.3543810659248796,-3.656681348593537,-2.0322807017543854,CDNS@2025-08-18 04:00:00+00:00,⓪운영설정,A,A
SHOP,2025-08-19 04:00:00+00:00,2025-09-17 04:00:00+00:00,2025-08-19 04:00:00+00:00,2025-09-17 04:00:00+00:00,0.26097385616783547,139.25,147.87,만기,20.0,0.09085152367842772,0.09647551027884457,2.062267606209474,6.190305206463198,SHOP@2025-08-19 04:00:00+00:00,⓪운영설정,A,A
AVGO,2025-09-10 04:00:00+00:00,2025-10-08 04:00:00+00:00,2025-09-10 04:00:00+00:00,2025-10-08 04:00:00+00:00,5.980425623844047,369.57,345.5,만기,20.0,5.525464744510112,5.165592632595295,-154.63990214303158,-6.512974537976568,AVGO@2025-09-10 04:00:00+00:00,⓪운영설정,A,A
GOOGL,2025-09-10 04:00:00+00:00,2025-10-08 04:00:00+00:00,2025-09-10 04:00:00+00:00,2025-10-08 04:00:00+00:00,9.237609838083548,239.17,244.62,만기,20.0,5.523397862436106,5.649260296479993,39.17231545863933,2.2787138855207667,GOOGL@2025-09-10 04:00:00+00:00,⓪운영설정,A,A
GOOG,2025-09-10 04:00:00+00:00,2025-10-08 04:00:00+00:00,2025-09-10 04:00:00+00:00,2025-10-08 04:00:00+00:00,9.219121311587921,239.56,245.46,만기,20.0,5.521331753510006,5.657313792855928,43.21417019200271,2.462848555685415,GOOG@2025-09-10 04:00:00+00:00,⓪운영설정,A,A
ADSK,2025-09-10 04:00:00+00:00,2025-10-08 04:00:00+00:00,2025-09-10 04:00:00+00:00,2025-10-08 04:00:00+00:00,6.818117872072402,323.8,311.41,만기,20.0,5.519266417442609,5.308075216355166,-95.30382206877448,-3.826436071649164,ADSK@2025-09-10 04:00:00+00:00,⓪운영설정,A,A
INTC,2025-09-10 04:00:00+00:00,2025-10-08 04:00:00+00:00,2025-09-10 04:00:00+00:00,2025-10-08 04:00:00+00:00,89.09490276858801,24.77,37.43,만기,20.0,5.517201853944813,8.337055526570623,1114.0872116698088,51.1102139685103,INTC@2025-09-10 04:00:00+00:00,⓪운영설정,A,A
PANW,2025-09-10 04:00:00+00:00,2025-10-08 04:00:00+00:00,2025-09-10 04:00:00+00:00,2025-10-08 04:00:00+00:00,9.611700229417684,197.33,217.79,만기,20.0,4.741692015677479,5.233330482412193,186.6803641957963,10.368418385445688,PANW@2025-09-10 04:00:00+00:00,⓪운영설정,A,A
WBD,2025-09-12 04:00:00+00:00,2025-10-10 04:00:00+00:00,2025-09-12 04:00:00+00:00,2025-10-10 04:00:00+00:00,4.654523584368113,18.87,17.1,만기,20.0,0.21957715009256576,0.19898088323173685,-8.657064777655847,-9.379968203497613,WBD@2025-09-12 04:00:00+00:00,⓪운영설정,A,A+B
APP,2025-09-15 04:00:00+00:00,2025-10-13 04:00:00+00:00,2025-09-15 04:00:00+00:00,2025-10-13 04:00:00+00:00,0.06746700167770714,593.14,590.11,만기,20.0,0.10004344343778802,0.0995323809000794,-0.4040008394213146,-0.5108406109855967,APP@2025-09-15 04:00:00+00:00,⓪운영설정,A,A+B
MU,2025-09-16 04:00:00+00:00,2025-10-14 04:00:00+00:00,2025-09-16 04:00:00+00:00,2025-10-14 04:00:00+00:00,0.8947698508988561,158.82,187.06,만기,20.0,0.3552683692993908,0.41843912077285006,24.494593099311487,17.78113587709358,MU@2025-09-16 04:00:00+00:00,⓪운영설정,A,A
TSLA,2025-09-17 04:00:00+00:00,2025-10-15 04:00:00+00:00,2025-09-17 04:00:00+00:00,2025-10-15 04:00:00+00:00,0.11899853396992627,425.86,435.15,만기,20.0,0.126691789191082,0.12945553014253353,0.849349061247004,2.181468088104066,TSLA@2025-09-17 04:00:00+00:00,⓪운영설정,A,A
AMD,2025-10-08 04:00:00+00:00,2025-11-05 05:00:00+00:00,2025-10-08 04:00:00+00:00,2025-11-05 05:00:00+00:00,10.12591659124141,235.56,256.33,만기,20.0,5.963152280582066,6.488940499582276,197.86319481991995,8.817286466293073,AMD@2025-10-08 04:00:00+00:00,⓪운영설정,A,A
MRVL,2025-10-08 04:00:00+00:00,2025-11-05 05:00:00+00:00,2025-10-08 04:00:00+00:00,2025-11-05 05:00:00+00:00,25.776958594554927,92.5,92.9,만기,20.0,5.960921674990828,5.986698633585383,-1.6368368707539958,0.432432432432428,MRVL@2025-10-08 04:00:00+00:00,⓪운영설정,A,A
SMCI,2025-10-08 04:00:00+00:00,2025-11-05 05:00:00+00:00,2025-10-08 04:00:00+00:00,2025-11-05 05:00:00+00:00,40.61821338643971,58.68,42.03,만기,20.0,5.958691903790706,4.267958771580153,-686.5199035595917,-28.37423312883436,SMCI@2025-10-08 04:00:00+00:00,⓪운영설정,A,A
AMAT,2025-10-08 04:00:00+00:00,2025-11-05 05:00:00+00:00,2025-10-08 04:00:00+00:00,2025-11-05 05:00:00+00:00,10.953911023253344,217.51,240.89,만기,20.0,5.956462966669587,6.5967190659787445,243.5492576910151,10.748931083628332,AMAT@2025-10-08 04:00:00+00:00,⓪운영설정,A,A
LRCX,2025-10-08 04:00:00+00:00,2025-11-05 05:00:00+00:00,2025-10-08 04:00:00+00:00,2025-11-05 05:00:00+00:00,16.708951489590213,142.54,165.05,만기,20.0,5.954234863315472,6.894531108392162,363.2697320589682,15.792058369580486,LRCX@2025-10-08 04:00:00+00:00,⓪운영설정,A,A
SNPS,2025-10-08 04:00:00+00:00,2025-11-05 05:00:00+00:00,2025-10-08 04:00:00+00:00,2025-11-05 05:00:00+00:00,4.177332259462611,489.36,409.11,만기,20.0,5.1105482862265585,4.272471001671873,-344.6139331097729,-16.3989700833742,SNPS@2025-10-08 04:00:00+00:00,⓪운영설정,A,A
INTC,2025-10-10 04:00:00+00:00,2025-11-07 05:00:00+00:00,2025-10-10 04:00:00+00:00,2025-11-07 05:00:00+00:00,5.284232451417436,36.37,38.13,만기,20.0,0.4804688356451303,0.5037194584313671,8.316060820418244,4.839153148199071,INTC@2025-10-10 04:00:00+00:00,⓪운영설정,A,A+B
CEG,2025-10-14 04:00:00+00:00,2025-11-11 05:00:00+00:00,2025-10-14 04:00:00+00:00,2025-11-11 05:00:00+00:00,0.45549756388267176,389.56,351.67,만기,20.0,0.44360907746533407,0.40046207072654794,-18.102873843706305,-9.726357942293863,CEG@2025-10-14 04:00:00+00:00,⓪운영설정,A,A
MU,2025-10-16 04:00:00+00:00,2025-11-13 05:00:00+00:00,2025-10-16 04:00:00+00:00,2025-11-13 05:00:00+00:00,0.04986002785143072,202.53,236.95,만기,20.0,0.025245378601875663,0.029535833998491273,1.6614009460458785,16.995013084481304,MU@2025-10-16 04:00:00+00:00,⓪운영설정,A,A
ARM,2025-10-17 04:00:00+00:00,2025-11-14 05:00:00+00:00,2025-10-17 04:00:00+00:00,2025-11-14 05:00:00+00:00,0.06416403166885623,165.61,139.77,만기,20.0,0.026565513211698203,0.02242051676589009,-1.7069846083008322,-15.602922528832796,ARM@2025-10-17 04:00:00+00:00,⓪운영설정,A,A
WBD,2025-11-05 05:00:00+00:00,2025-12-04 05:00:00+00:00,2025-11-05 05:00:00+00:00,2025-12-04 05:00:00+00:00,103.18906741243295,22.76,24.54,만기,20.0,5.871457935767435,6.330649285752761,171.47443277261027,7.820738137082595,WBD@2025-11-05 05:00:00+00:00,⓪운영설정,A,A
ISRG,2025-11-05 05:00:00+00:00,2025-12-04 05:00:00+00:00,2025-11-05 05:00:00+00:00,2025-12-04 05:00:00+00:00,4.2798371195380005,548.55,568.63,만기,20.0,5.8692616298064255,6.084109453207233,73.98575827730974,3.660559657278295,ISRG@2025-11-05 05:00:00+00:00,⓪운영설정,A,A
DLTR,2025-11-05 05:00:00+00:00,2025-12-04 05:00:00+00:00,2025-11-05 05:00:00+00:00,2025-12-04 05:00:00+00:00,22.3677702836685,104.92,115.87,만기,20.0,5.867066145406247,6.479383856921673,232.5806346038421,10.436523065192539,DLTR@2025-11-05 05:00:00+00:00,⓪운영설정,A,A
GOOGL,2025-11-05 05:00:00+00:00,2025-12-04 05:00:00+00:00,2025-11-05 05:00:00+00:00,2025-12-04 05:00:00+00:00,8.251375586169445,284.31,317.62,만기,20.0,5.864871482259588,6.552004784197848,262.43644450884676,11.716084555590722,GOOGL@2025-11-05 05:00:00+00:00,⓪운영설정,A,A
GOOG,2025-11-05 05:00:00+00:00,2025-12-04 05:00:00+00:00,2025-11-05 05:00:00+00:00,2025-12-04 05:00:00+00:00,8.235543655921672,284.75,318.39,만기,20.0,5.862677640059241,6.555286861522253,264.6257240836235,11.81387181738367,GOOG@2025-11-05 05:00:00+00:00,⓪운영설정,A,A
KLAC,2025-11-05 05:00:00+00:00,2025-12-04 05:00:00+00:00,2025-11-05 05:00:00+00:00,2025-12-04 05:00:00+00:00,16.06125290126793,122.71,120.808,만기,20.0,4.927190858786469,4.850819601240941,-40.32651347823867,-1.5499959253524431,KLAC@2025-11-05 05:00:00+00:00,⓪운영설정,A,A
LRCX,2025-11-07 05:00:00+00:00,2025-12-08 05:00:00+00:00,2025-11-07 05:00:00+00:00,2025-12-08 05:00:00+00:00,1.3159504469035899,159.35,162.74,만기,20.0,0.5242417592852177,0.5353944393227256,3.401435816395235,2.1273925321619203,LRCX@2025-11-07 05:00:00+00:00,⓪운영설정,A,A
DDOG,2025-11-11 05:00:00+00:00,2025-12-10 05:00:00+00:00,2025-11-11 05:00:00+00:00,2025-12-10 05:00:00+00:00,0.6590375618082576,197.86,151.2,만기,20.0,0.32599292994845464,0.24911619836352134,-31.32580176228528,-23.58233094106945,DDOG@2025-11-11 05:00:00+00:00,⓪운영설정,A,A
REGN,2025-11-13 05:00:00+00:00,2025-12-12 05:00:00+00:00,2025-11-13 05:00:00+00:00,2025-12-12 05:00:00+00:00,0.08269973787338177,694.99,741.29,만기,20.0,0.143688727061554,0.1532612217203979,3.53204791475563,6.6619663592281775,REGN@2025-11-13 05:00:00+00:00,⓪운영설정,A,A+B
MU,2025-11-14 05:00:00+00:00,2025-12-15 05:00:00+00:00,2025-11-14 05:00:00+00:00,2025-12-15 05:00:00+00:00,0.047435916043006184,246.83,237.5,만기,20.0,0.029271517892238044,0.02816507515053492,-0.500013689724021,-3.7799295061378357,MU@2025-11-14 05:00:00+00:00,⓪운영설정,A,A
BIIB,2025-12-04 05:00:00+00:00,2026-01-05 05:00:00+00:00,2025-12-04 05:00:00+00:00,2026-01-05 05:00:00+00:00,13.665171180483238,181.98,174.63,만기,20.0,6.2169696285608484,5.96587210811947,-112.62184991323102,-4.038905374216939,BIIB@2025-12-04 05:00:00+00:00,⓪운영설정,A,A
ADI,2025-12-04 05:00:00+00:00,2026-01-05 05:00:00+00:00,2025-12-04 05:00:00+00:00,2026-01-05 05:00:00+00:00,8.965799724193147,277.26,277.29,만기,20.0,6.21464407882448,6.215316513803795,-12.160986600902106,0.0108201687946341,ADI@2025-12-04 05:00:00+00:00,⓪운영설정,A,A
SNPS,2025-12-04 05:00:00+00:00,2026-01-05 05:00:00+00:00,2025-12-04 05:00:00+00:00,2026-01-05 05:00:00+00:00,5.358450337684475,463.74,494.19,만기,20.0,6.212319398994497,6.620231430950727,150.33226195254701,6.566179324621557,SNPS@2025-12-04 05:00:00+00:00,⓪운영설정,A,A
AMAT,2025-12-04 05:00:00+00:00,2026-01-05 05:00:00+00:00,2025-12-04 05:00:00+00:00,2026-01-05 05:00:00+00:00,9.219114591368015,269.44,284.32,만기,20.0,6.209995588745495,6.552946651544385,124.41748287926657,5.522565320665085,AMAT@2025-12-04 05:00:00+00:00,⓪운영설정,A,A
AZN,2025-12-04 05:00:00+00:00,2026-01-05 05:00:00+00:00,2025-12-04 05:00:00+00:00,2026-01-05 05:00:00+00:00,13.675358352170326,181.572504,183.972496,만기,20.0,6.207672647752201,6.289724524358055,20.323353470231723,1.3217816283461081,AZN@2025-12-04 05:00:00+00:00,⓪운영설정,A,A
APP,2025-12-04 05:00:00+00:00,2026-01-05 05:00:00+00:00,2025-12-04 05:00:00+00:00,2026-01-05 05:00:00+00:00,3.1034041798761893,683.78,632.91,만기,20.0,5.305114275289352,4.910438848713597,-168.0857237543048,-7.439527333352835,APP@2025-12-04 05:00:00+00:00,⓪운영설정,A,A
WBD,2025-12-08 05:00:00+00:00,2026-01-07 05:00:00+00:00,2025-12-08 05:00:00+00:00,2026-01-07 05:00:00+00:00,7.644181593751404,27.23,28.59,만기,20.0,0.5203776619946269,0.5463678794133816,9.329341426093919,4.994491369812715,WBD@2025-12-08 05:00:00+00:00,⓪운영설정,A,A
MCHP,2025-12-10 05:00:00+00:00,2026-01-09 05:00:00+00:00,2025-12-10 05:00:00+00:00,2026-01-09 05:00:00+00:00,1.2154538651742346,67.9,75.22,만기,20.0,0.20632329361332635,0.2285660993460148,8.46223290011605,10.780559646539011,MCHP@2025-12-10 05:00:00+00:00,⓪운영설정,A,A
DLTR,2025-12-12 05:00:00+00:00,2026-01-13 05:00:00+00:00,2025-12-12 05:00:00+00:00,2026-01-13 05:00:00+00:00,0.8399266166387618,129.87,137.37,만기,20.0,0.27270317425719,0.2884517983191668,5.738294652214364,5.7750057750057815,DLTR@2025-12-12 05:00:00+00:00,⓪운영설정,A,A
LULU,2025-12-16 05:00:00+00:00,2026-01-15 05:00:00+00:00,2025-12-16 05:00:00+00:00,2026-01-15 05:00:00+00:00,0.02441678380499281,206.74,205.01,만기,20.0,0.012619814709610535,0.01251421211965394,-0.06737506281190164,-0.8367998452162184,LULU@2025-12-16 05:00:00+00:00,⓪운영설정,A,A
MU,2026-01-05 05:00:00+00:00,2026-02-03 05:00:00+00:00,2026-01-05 05:00:00+00:00,2026-02-03 05:00:00+00:00,7.9745442338330434,312.15,419.44,만기,20.0,6.223134956477461,8.36210708359733,841.0036088078732,34.37129585135352,MU@2026-01-05 05:00:00+00:00,⓪운영설정,A,A
MRNA,2026-01-05 05:00:00+00:00,2026-02-03 05:00:00+00:00,2026-01-05 05:00:00+00:00,2026-02-03 05:00:00+00:00,77.349171283913,32.17,42.2,만기,20.0,6.2208071005087024,8.160337570452821,761.4310433066867,31.178116257382648,MRNA@2026-01-05 05:00:00+00:00,⓪운영설정,A,A
LRCX,2026-01-05 05:00:00+00:00,2026-02-03 05:00:00+00:00,2026-01-05 05:00:00+00:00,2026-02-03 05:00:00+00:00,12.771575508952582,194.76,230.1,만기,20.0,6.218480115309013,7.346848811524973,437.78214955955036,18.145409735058536,LRCX@2026-01-05 05:00:00+00:00,⓪운영설정,A,A
ABNB,2026-01-05 05:00:00+00:00,2026-02-03 05:00:00+00:00,2026-01-05 05:00:00+00:00,2026-02-03 05:00:00+00:00,18.30029881667082,135.87,122.075,만기,20.0,6.216154000552661,5.585022445112727,-264.25379862163936,-10.153087510119974,ABNB@2026-01-05 05:00:00+00:00,⓪운영설정,A,A
KLAC,2026-01-05 05:00:00+00:00,2026-02-03 05:00:00+00:00,2026-01-05 05:00:00+00:00,2026-02-03 05:00:00+00:00,18.377991810163927,135.245,135.554,만기,20.0,6.213828755914051,6.228025754587402,-6.763055041160442,0.22847425043439618,KLAC@2026-01-05 05:00:00+00:00,⓪운영설정,A,A
ASML,2026-01-05 05:00:00+00:00,2026-02-03 05:00:00+00:00,2026-01-05 05:00:00+00:00,2026-02-03 05:00:00+00:00,1.7016263291440357,1228.19,1395.88,만기,20.0,5.2248011029785335,5.938165400813942,274.18275263037094,13.653424958679029,ASML@2026-01-05 05:00:00+00:00,⓪운영설정,A,A
REGN,2026-01-07 05:00:00+00:00,2026-02-05 05:00:00+00:00,2026-01-07 05:00:00+00:00,2026-02-05 05:00:00+00:00,0.18749448398862084,812.27,766.63,만기,20.0,0.3807403612735927,0.35934724065049095,-9.297335851164746,-5.618821327883583,REGN@2026-01-07 05:00:00+00:00,⓪운영설정,A,A
MAR,2026-01-09 05:00:00+00:00,2026-02-09 05:00:00+00:00,2026-01-09 05:00:00+00:00,2026-02-09 05:00:00+00:00,0.18388309352483445,328.18,331.21,만기,20.0,0.15086688408245044,0.15225979851590105,0.25403909078189457,0.9232738131513152,MAR@2026-01-09 05:00:00+00:00,⓪운영설정,A,A
INTC,2026-01-13 05:00:00+00:00,2026-02-11 05:00:00+00:00,2026-01-13 05:00:00+00:00,2026-02-11 05:00:00+00:00,1.6161936620560784,47.29,48.29,만기,20.0,0.1910744956965799,0.19511497985172008,1.2300041865077844,2.11461196870375,INTC@2026-01-13 05:00:00+00:00,⓪운영설정,A,A
TXN,2026-02-03 05:00:00+00:00,2026-03-04 05:00:00+00:00,2026-02-03 05:00:00+00:00,2026-03-04 05:00:00+00:00,12.415414682259271,225.21,202.39,만기,20.0,6.990188851479027,6.281889443856135,-296.5918413444915,-10.132764974912313,TXN@2026-02-03 05:00:00+00:00,⓪운영설정,A,A
GILD,2026-02-03 05:00:00+00:00,2026-03-04 05:00:00+00:00,2026-02-03 05:00:00+00:00,2026-03-04 05:00:00+00:00,19.50746529206971,143.28,148.22,만기,20.0,6.987574067619371,7.228491263976431,82.15081321122852,3.447794528196546,GILD@2026-02-03 05:00:00+00:00,⓪운영설정,A,A
BKR,2026-02-03 05:00:00+00:00,2026-03-04 05:00:00+00:00,2026-02-03 05:00:00+00:00,2026-03-04 05:00:00+00:00,48.172139736954584,58.0,60.88,만기,20.0,6.984960261858415,7.3317996679644875,124.41900251260631,4.965517241379325,BKR@2026-02-03 05:00:00+00:00,⓪운영설정,A,A
PEP,2026-02-03 05:00:00+00:00,2026-03-04 05:00:00+00:00,2026-02-03 05:00:00+00:00,2026-03-04 05:00:00+00:00,17.150377485613234,162.85,163.92,만기,20.0,6.982347433830288,7.028224693604304,4.340331782172143,0.6570463616825339,PEP@2026-02-03 05:00:00+00:00,⓪운영설정,A,A
ODFL,2026-02-03 05:00:00+00:00,2026-03-04 05:00:00+00:00,2026-02-03 05:00:00+00:00,2026-03-04 05:00:00+00:00,14.711989425450295,189.77,216.19,만기,20.0,6.979735583169257,7.951462484720248,373.7595625525073,13.922116245981965,ODFL@2026-02-03 05:00:00+00:00,⓪운영설정,A,A
HON,2026-02-03 05:00:00+00:00,2026-03-04 05:00:00+00:00,2026-02-03 05:00:00+00:00,2026-03-04 05:00:00+00:00,10.957612754510643,230.91,245.97,만기,20.0,6.325555902860132,6.738110023067458,151.95798215700324,6.522021566844227,HON@2026-02-03 05:00:00+00:00,⓪운영설정,A,A
MDLZ,2026-02-05 05:00:00+00:00,2026-03-06 05:00:00+00:00,2026-02-05 05:00:00+00:00,2026-03-06 05:00:00+00:00,1.7731720149622763,60.31,58.4,만기,20.0,0.2673500105559372,0.25888311418449234,-3.912991673318359,-3.1669706516332385,MDLZ@2026-02-05 05:00:00+00:00,⓪운영설정,A,A
MRNA,2026-02-09 05:00:00+00:00,2026-03-10 04:00:00+00:00,2026-02-09 05:00:00+00:00,2026-03-10 04:00:00+00:00,1.3279446875269463,41.95,54.98,만기,20.0,0.1392681991043885,0.18252599730057878,16.98132508207115,31.06078665077472,MRNA@2026-02-09 05:00:00+00:00,⓪운영설정,A,A
CHTR,2026-02-10 05:00:00+00:00,2026-03-11 04:00:00+00:00,2026-02-10 05:00:00+00:00,2026-03-11 04:00:00+00:00,0.02473298244441845,248.19,224.36,만기,20.0,0.015346197282200538,0.013872729853074311,-0.6186058987857654,-9.601514968370994,CHTR@2026-02-10 05:00:00+00:00,⓪운영설정,A,A
MU,2026-02-11 05:00:00+00:00,2026-03-12 04:00:00+00:00,2026-02-11 05:00:00+00:00,2026-03-12 04:00:00+00:00,0.09948359614675276,410.34,405.35,만기,20.0,0.10205524710714631,0.10081418924521557,-0.6992925811246522,-1.2160647268119051,MU@2026-02-11 05:00:00+00:00,⓪운영설정,A,A
AXON,2026-03-04 05:00:00+00:00,2026-04-01 04:00:00+00:00,2026-03-04 05:00:00+00:00,2026-04-01 04:00:00+00:00,5.027251291719556,569.81,423.57,만기,20.0,7.161445146336799,5.32348207408413,-747.6701561214882,-25.664695249293622,AXON@2026-03-04 05:00:00+00:00,⓪운영설정,A,A
NFLX,2026-03-04 05:00:00+00:00,2026-04-01 04:00:00+00:00,2026-03-04 05:00:00+00:00,2026-04-01 04:00:00+00:00,29.023986626876017,98.66,95.55,만기,20.0,7.15876630151897,6.933104805495009,-104.35646951659828,-3.1522400162173114,NFLX@2026-03-04 05:00:00+00:00,⓪운영설정,A,A
CEG,2026-03-04 05:00:00+00:00,2026-04-01 04:00:00+00:00,2026-03-04 05:00:00+00:00,2026-04-01 04:00:00+00:00,8.866146456574619,322.85,279.46,만기,20.0,7.156088458762789,6.194333221885857,-398.0525164314213,-13.439677868979416,CEG@2026-03-04 05:00:00+00:00,⓪운영설정,A,A
ARM,2026-03-04 05:00:00+00:00,2026-04-01 04:00:00+00:00,2026-03-04 05:00:00+00:00,2026-04-01 04:00:00+00:00,23.055069269820077,124.11,155.07,만기,20.0,7.153411617693425,8.937873979177498,697.693658996759,24.94561276287164,ARM@2026-03-04 05:00:00+00:00,⓪운영설정,A,A
GFS,2026-03-04 05:00:00+00:00,2026-04-01 04:00:00+00:00,2026-03-04 05:00:00+00:00,2026-04-01 04:00:00+00:00,60.1281124905292,47.57,44.24,만기,20.0,7.150735777936185,6.650169241452529,-214.02751961285048,-7.000210216523017,GFS@2026-03-04 05:00:00+00:00,⓪운영설정,A,A
TRI,2026-03-04 05:00:00+00:00,2026-04-01 04:00:00+00:00,2026-03-04 05:00:00+00:00,2026-04-01 04:00:00+00:00,25.309983364076142,104.82,88.05,만기,20.0,6.632481140556153,5.571360088017261,-436.6522622441298,-15.998855180309102,TRI@2026-03-04 05:00:00+00:00,⓪운영설정,A,A
APP,2026-03-06 05:00:00+00:00,2026-04-06 04:00:00+00:00,2026-03-06 05:00:00+00:00,2026-04-06 04:00:00+00:00,0.22848475328189327,502.14,412.68,만기,20.0,0.2868283350324247,0.23572771996092928,-20.962802083591512,-17.815748596009072,APP@2026-03-06 05:00:00+00:00,⓪운영설정,A,공통
VRSK,2026-03-10 04:00:00+00:00,2026-04-08 04:00:00+00:00,2026-03-10 04:00:00+00:00,2026-04-08 04:00:00+00:00,0.5397616451871353,202.66,175.43,만기,20.0,0.27347023753406213,0.2367259635379479,-15.207905799517704,-13.436297246619954,VRSK@2026-03-10 04:00:00+00:00,⓪운영설정,A,A
MRNA,2026-03-11 04:00:00+00:00,2026-04-09 04:00:00+00:00,2026-03-11 04:00:00+00:00,2026-04-09 04:00:00+00:00,0.8957925007349066,55.97,51.28,만기,20.0,0.12534376566533179,0.11484059859421503,-4.441451192706246,-8.379489011970698,MRNA@2026-03-11 04:00:00+00:00,⓪운영설정,A,A
PLTR,2026-03-12 04:00:00+00:00,2026-04-10 04:00:00+00:00,2026-03-12 04:00:00+00:00,2026-04-10 04:00:00+00:00,0.5681273010226944,153.5,128.06,만기,20.0,0.218018851767459,0.18188595542241562,-14.853063345207218,-16.57328990228013,PLTR@2026-03-12 04:00:00+00:00,⓪운영설정,A,A
MRVL,2026-04-01 04:00:00+00:00,2026-04-30 04:00:00+00:00,2026-04-01 04:00:00+00:00,2026-04-30 04:00:00+00:00,25.085797501067315,106.71,165.15,만기,20.0,6.6922636283472325,10.357298643253168,1448.9644436907747,54.765251616530804,MRVL@2026-04-01 04:00:00+00:00,⓪운영설정,A,A
INTC,2026-04-01 04:00:00+00:00,2026-04-30 04:00:00+00:00,2026-04-01 04:00:00+00:00,2026-04-30 04:00:00+00:00,55.7131816601114,48.03,94.48,만기,20.0,6.689760287837877,13.159453508118313,2568.0280743162193,96.71038933999586,INTC@2026-04-01 04:00:00+00:00,⓪운영설정,A,A
AMD,2026-04-01 04:00:00+00:00,2026-04-30 04:00:00+00:00,2026-04-01 04:00:00+00:00,2026-04-30 04:00:00+00:00,12.724909155111899,210.21,354.49,만기,20.0,6.68725788374018,11.277132615989043,1817.9855023998152,68.63612577898293,AMD@2026-04-01 04:00:00+00:00,⓪운영설정,A,A
ROST,2026-04-01 04:00:00+00:00,2026-04-30 04:00:00+00:00,2026-04-01 04:00:00+00:00,2026-04-30 04:00:00+00:00,12.156865497983851,219.95,227.79,만기,20.0,6.68475641570387,6.923030979464354,81.70203810902558,3.5644464651056973,ROST@2026-04-01 04:00:00+00:00,⓪운영설정,A,A
KLAC,2026-04-01 04:00:00+00:00,2026-04-30 04:00:00+00:00,2026-04-01 04:00:00+00:00,2026-04-30 04:00:00+00:00,17.586735138906185,151.984,175.035,만기,20.0,6.682255883378795,7.695735462596111,391.01384034095145,15.166728076639636,KLAC@2026-04-01 04:00:00+00:00,⓪운영설정,A,A
PANW,2026-04-01 04:00:00+00:00,2026-04-30 04:00:00+00:00,2026-04-01 04:00:00+00:00,2026-04-30 04:00:00+00:00,14.78393224487102,160.67,179.32,만기,20.0,5.938335984458567,6.627636825375678,263.1543635570106,11.607642994958622,PANW@2026-04-01 04:00:00+00:00,⓪운영설정,A,A
ARM,2026-04-06 04:00:00+00:00,2026-05-04 04:00:00+00:00,2026-04-06 04:00:00+00:00,2026-05-04 04:00:00+00:00,0.34905630970449913,148.77,203.26,만기,20.0,0.12982276798684586,0.17737296377634124,18.712882584034972,36.62700813336019,ARM@2026-04-06 04:00:00+00:00,⓪운영설정,A,A+B
LRCX,2026-04-10 04:00:00+00:00,2026-05-08 04:00:00+00:00,2026-04-10 04:00:00+00:00,2026-05-08 04:00:00+00:00,0.17028956686847585,263.66,294.05,만기,20.0,0.11224636800135587,0.12518411784418831,4.937669451287441,11.526207995145255,LRCX@2026-04-10 04:00:00+00:00,⓪운영설정,A,A
ON,2026-04-30 04:00:00+00:00,2026-05-29 04:00:00+00:00,2026-04-30 04:00:00+00:00,2026-05-29 04:00:00+00:00,36.32366463336645,100.81,120.62,만기,20.0,9.154471579224179,10.953401070191653,699.4639237375741,19.650828290844167,ON@2026-04-30 04:00:00+00:00,⓪운영설정,A,A
NXPI,2026-04-30 04:00:00+00:00,2026-05-29 04:00:00+00:00,2026-04-30 04:00:00+00:00,2026-05-29 04:00:00+00:00,12.467791427905297,293.59,321.35,만기,20.0,9.15104721329679,10.01631193839342,326.93853088696187,9.455362921080447,NXPI@2026-04-30 04:00:00+00:00,⓪운영설정,A,A
GFS,2026-04-30 04:00:00+00:00,2026-05-29 04:00:00+00:00,2026-04-30 04:00:00+00:00,2026-05-29 04:00:00+00:00,56.64163546937638,64.6,79.97,만기,20.0,9.147624128304285,11.324078971215075,850.1102340647972,23.79256965944274,GFS@2026-04-30 04:00:00+00:00,⓪운영설정,A,A
TXN,2026-04-30 04:00:00+00:00,2026-05-29 04:00:00+00:00,2026-04-30 04:00:00+00:00,2026-05-29 04:00:00+00:00,13.012953356720523,281.08,305.68,만기,20.0,9.14420232376751,9.944498955205823,301.029951296352,8.751956738295164,TXN@2026-04-30 04:00:00+00:00,⓪운영설정,A,A
MCHP,2026-04-30 04:00:00+00:00,2026-05-29 04:00:00+00:00,2026-04-30 04:00:00+00:00,2026-05-29 04:00:00+00:00,39.35327434811108,92.91,94.65,만기,20.0,9.1407817992075,9.311968542621784,50.02194702388488,1.8727801097836672,MCHP@2026-04-30 04:00:00+00:00,⓪운영설정,A,A
QCOM,2026-04-30 04:00:00+00:00,2026-05-29 04:00:00+00:00,2026-04-30 04:00:00+00:00,2026-05-29 04:00:00+00:00,19.8408039206144,179.58,251.02,만기,20.0,8.907528920159834,12.451096500381567,1396.068406668152,39.781712885622,QCOM@2026-04-30 04:00:00+00:00,⓪운영설정,A,A
INTC,2026-05-04 04:00:00+00:00,2026-06-02 04:00:00+00:00,2026-05-04 04:00:00+00:00,2026-06-02 04:00:00+00:00,0.68940843670282,95.78,107.93,만기,20.0,0.16507885016849028,0.18601963143333844,8.025214024337444,12.685320526205901,INTC@2026-05-04 04:00:00+00:00,⓪운영설정,A,A+B
MU,2026-05-29 04:00:00+00:00,2026-06-29 04:00:00+00:00,2026-05-29 04:00:00+00:00,2026-06-29 04:00:00+00:00,4.3320402866475485,971.0,1145.28,만기,20.0,10.516027795836925,12.40349774872926,732.0684556123688,17.94850669412975,MU@2026-05-29 04:00:00+00:00,⓪운영설정,A,A
DDOG,2026-05-29 04:00:00+00:00,2026-06-29 04:00:00+00:00,2026-05-29 04:00:00+00:00,2026-06-29 04:00:00+00:00,16.999545776598456,247.35,248.57,만기,20.0,10.51209411960407,10.563942734222696,-0.33659100637487427,0.4932282191226989,DDOG@2026-05-29 04:00:00+00:00,⓪운영설정,A,A
SMCI,2026-05-29 04:00:00+00:00,2026-06-29 04:00:00+00:00,2026-05-29 04:00:00+00:00,2026-06-29 04:00:00+00:00,91.19689229612648,46.09,28.15,만기,20.0,10.508161914821173,6.4179812953399,-1652.9983910026704,-38.92384465176829,SMCI@2026-05-29 04:00:00+00:00,⓪운영설정,A,A
ARM,2026-05-29 04:00:00+00:00,2026-06-29 04:00:00+00:00,2026-05-29 04:00:00+00:00,2026-06-29 04:00:00+00:00,11.893041049492288,353.29,343.58,만기,20.0,10.504231180937827,10.2155276094614,-136.2011873809697,-2.748450281638326,ARM@2026-05-29 04:00:00+00:00,⓪운영설정,A,A
CRWD,2026-05-29 04:00:00+00:00,2026-06-29 04:00:00+00:00,2026-05-29 04:00:00+00:00,2026-06-29 04:00:00+00:00,22.982876973797666,182.75,185.7275,만기,20.0,10.500301917403808,10.671380707877516,47.25983356420147,1.6292749658002759,CRWD@2026-05-29 04:00:00+00:00,⓪운영설정,A,A
FTNT,2026-05-29 04:00:00+00:00,2026-06-29 04:00:00+00:00,2026-05-29 04:00:00+00:00,2026-06-29 04:00:00+00:00,30.068251930045133,137.97,155.42,만기,20.0,10.371291796970818,11.683019287419036,502.636685094898,12.647677031238658,FTNT@2026-05-29 04:00:00+00:00,⓪운영설정,A,A
MRVL,2026-06-05 04:00:00+00:00,2026-07-07 04:00:00+00:00,2026-06-05 04:00:00+00:00,2026-07-07 04:00:00+00:00,0.8018426889499031,263.47,230.7,만기,20.0,0.5281537331440774,0.4624627708518566,-27.26700142088427,-12.437848711428256,MRVL@2026-06-05 04:00:00+00:00,⓪운영설정,A,A
DXCM,2026-06-09 04:00:00+00:00,2026-07-09 04:00:00+00:00,2026-06-09 04:00:00+00:00,2026-07-09 04:00:00+00:00,0.569790516711426,78.19,73.02,만기,20.0,0.111379801254166,0.10401525882567081,-3.161212031477909,-6.612098733853433,DXCM@2026-06-09 04:00:00+00:00,⓪운영설정,A,A
CDW,2026-06-10 04:00:00+00:00,2026-07-10 04:00:00+00:00,2026-06-10 04:00:00+00:00,2026-07-10 04:00:00+00:00,1.089748233062693,129.3,144.39,만기,20.0,0.35226111633751556,0.3933718684298056,15.698667852148702,11.670533642691394,CDW@2026-06-10 04:00:00+00:00,⓪운영설정,A,A
AMAT,2026-06-29 04:00:00+00:00,2026-07-28 04:00:00+00:00,2026-06-29 04:00:00+00:00,2026-07-28 04:00:00+00:00,5.9488676693164475,694.64,476.46,만기,20.0,10.330803594534943,7.085993724306286,-1315.340745410304,-31.409075204422432,AMAT@2026-06-29 04:00:00+00:00,⓪운영설정,A,A
MRNA,2026-06-29 04:00:00+00:00,2026-07-28 04:00:00+00:00,2026-06-29 04:00:00+00:00,2026-07-28 04:00:00+00:00,59.26507434239839,69.7,55.805,만기,20.0,10.32693920416292,8.268218684193856,-842.083365875982,-19.935437589670013,MRNA@2026-06-29 04:00:00+00:00,⓪운영설정,A,A
KLAC,2026-06-29 04:00:00+00:00,2026-07-28 04:00:00+00:00,2026-06-29 04:00:00+00:00,2026-07-28 04:00:00+00:00,14.83253889769526,278.39,190.8,만기,20.0,10.323076259323459,7.075121054200639,-1316.5802793626513,-31.463055425841436,KLAC@2026-06-29 04:00:00+00:00,⓪운영설정,A,A
LRCX,2026-06-29 04:00:00+00:00,2026-07-28 04:00:00+00:00,2026-06-29 04:00:00+00:00,2026-07-28 04:00:00+00:00,10.045231081721868,410.91,269.61,만기,20.0,10.319214759475834,6.770736879857582,-1436.4811034866334,-34.38709206395561,LRCX@2026-06-29 04:00:00+00:00,⓪운영설정,A,A
PANW,2026-06-29 04:00:00+00:00,2026-07-28 04:00:00+00:00,2026-06-29 04:00:00+00:00,2026-07-28 04:00:00+00:00,12.428138197686167,332.0,319.0,만기,20.0,10.31535470407952,9.911440212654718,-181.79259148665415,-3.915662650602414,PANW@2026-06-29 04:00:00+00:00,⓪운영설정,A,A
ASML,2026-06-29 04:00:00+00:00,2026-07-28 04:00:00+00:00,2026-06-29 04:00:00+00:00,2026-07-28 04:00:00+00:00,1.9855464307135555,1883.11,1582.95,만기,20.0,9.347505847852508,7.8575518062450564,-613.1866742970778,-15.939589296429835,ASML@2026-06-29 04:00:00+00:00,⓪운영설정,A,A
AXON,2026-07-01 04:00:00+00:00,2026-07-30 04:00:00+00:00,2026-07-01 04:00:00+00:00,2026-07-30 04:00:00+00:00,0.053597102920433265,593.96,525.3,만기,20.0,0.07958633812655136,0.07038639541025898,-3.829949820053759,-11.559700989965672,AXON@2026-07-01 04:00:00+00:00,⓪운영설정,A,A
DASH,2026-07-07 04:00:00+00:00,2026-08-04 04:00:00+00:00,2026-07-07 04:00:00+00:00,2026-08-04 04:00:00+00:00,1.9284540044081937,195.72,202.37,만기,20.0,0.9435925443569292,0.9756530921802155,10.904973492777344,3.3977110157367596,DASH@2026-07-07 04:00:00+00:00,⓪운영설정,A,A
AMD,2026-07-10 04:00:00+00:00,2026-08-07 04:00:00+00:00,2026-07-10 04:00:00+00:00,2026-08-07 04:00:00+00:00,0.35060411682323855,557.89,483.36,만기,20.0,0.48899632683629135,0.4236700147692015,-27.04319116844141,-13.359264371112578,AMD@2026-07-10 04:00:00+00:00,⓪운영설정,A,A
TRI,2026-07-13 04:00:00+00:00,2026-08-10 04:00:00+00:00,2026-07-13 04:00:00+00:00,2026-08-10 04:00:00+00:00,0.7188646828612071,94.29,104.36,만기,20.0,0.16945437736745805,0.18755179575848893,6.881961183286407,10.67981758404921,TRI@2026-07-13 04:00:00+00:00,⓪운영설정,A,A
PYPL,2026-07-28 04:00:00+00:00,2026-08-25 04:00:00+00:00,2026-07-28 04:00:00+00:00,2026-08-25 04:00:00+00:00,56.04803861342292,58.32,62.27,만기,20.0,8.17180402983706,8.725278411144613,204.4926700820397,6.772976680384102,PYPL@2026-07-28 04:00:00+00:00,⓪운영설정,A,A
CTSH,2026-07-28 04:00:00+00:00,2026-08-25 04:00:00+00:00,2026-07-28 04:00:00+00:00,2026-08-25 04:00:00+00:00,64.94730467332337,50.31,63.06,만기,20.0,8.168747245287248,10.23894258174943,809.6704447578368,25.342874180083474,CTSH@2026-07-28 04:00:00+00:00,⓪운영설정,A,A
WDAY,2026-07-28 04:00:00+00:00,2026-08-25 04:00:00+00:00,2026-07-28 04:00:00+00:00,2026-08-25 04:00:00+00:00,20.453858361007075,159.69,194.42,만기,20.0,8.16569160417305,9.941597856367489,692.2552114172349,21.748387500782762,WDAY@2026-07-28 04:00:00+00:00,⓪운영설정,A,A
CTAS,2026-07-28 04:00:00+00:00,2026-08-25 04:00:00+00:00,2026-07-28 04:00:00+00:00,2026-08-25 04:00:00+00:00,15.193368275601213,214.9,204.76,만기,20.0,8.162637106066752,7.777485220280261,-170.00087664094326,-4.718473708701731,CTAS@2026-07-28 04:00:00+00:00,⓪운영설정,A,A
TEAM,2026-07-28 04:00:00+00:00,2026-08-25 04:00:00+00:00,2026-07-28 04:00:00+00:00,2026-08-25 04:00:00+00:00,32.644863974958156,99.98,166.49,만기,20.0,8.159583750540792,13.58760850797696,2149.46271071595,66.5233046609322,TEAM@2026-07-28 04:00:00+00:00,⓪운영설정,A,A
ADSK,2026-07-28 04:00:00+00:00,2026-08-25 04:00:00+00:00,2026-07-28 04:00:00+00:00,2026-08-25 04:00:00+00:00,11.149069053814683,237.38,251.21,만기,20.0,6.6164150299863245,7.001894092521967,140.5733158917492,5.826101609234136,ADSK@2026-07-28 04:00:00+00:00,⓪운영설정,A,A
ROST,2026-07-30 04:00:00+00:00,2026-08-27 04:00:00+00:00,2026-07-30 04:00:00+00:00,2026-08-27 04:00:00+00:00,0.1283991133068927,252.57,229.87,만기,20.0,0.08107441011980472,0.07378776043963856,-3.069522042625902,-8.987607395969432,ROST@2026-07-30 04:00:00+00:00,⓪운영설정,A,A
MSFT,2026-08-04 04:00:00+00:00,2026-09-01 04:00:00+00:00,2026-08-04 04:00:00+00:00,2026-09-01 04:00:00+00:00,0.6125172390631023,492.81,501.02,만기,20.0,0.7546365514567187,0.7672084677884888,3.506921513462885,1.665956453805717,MSFT@2026-08-04 04:00:00+00:00,⓪운영설정,A,A
PLTR,2026-08-10 04:00:00+00:00,2026-09-08 04:00:00+00:00,2026-08-10 04:00:00+00:00,2026-09-08 04:00:00+00:00,0.26144370628812325,175.23,171.06,만기,20.0,0.11453195163216959,0.1118064009941159,-1.3165586078477531,-2.3797294983735617,PLTR@2026-08-10 04:00:00+00:00,⓪운영설정,A,A+C
SMCI,2026-08-12 04:00:00+00:00,,2026-08-12 04:00:00+00:00,,0.37998627441930355,37.61,,미청산(표본종료),,0.03572820945227502,0.0,,,SMCI@2026-08-12 04:00:00+00:00,⓪운영설정,A,A
MRNA,2026-08-25 04:00:00+00:00,,2026-08-25 04:00:00+00:00,,24.20143528414127,158.83,,미청산(표본종료),,9.609784915450396,0.0,,,MRNA@2026-08-25 04:00:00+00:00,⓪운영설정,A,A
MRVL,2026-08-25 04:00:00+00:00,,2026-08-25 04:00:00+00:00,,15.98500745954521,240.38,,미청산(표본종료),,9.606190232813695,0.0,,,MRVL@2026-08-25 04:00:00+00:00,⓪운영설정,A,A
MSTR,2026-08-25 04:00:00+00:00,,2026-08-25 04:00:00+00:00,,30.284938562867996,126.83,,미청산(표본종료),,9.602596894821371,0.0,,,MSTR@2026-08-25 04:00:00+00:00,⓪운영설정,A,A
ABNB,2026-08-25 04:00:00+00:00,,2026-08-25 04:00:00+00:00,,20.1553908681794,190.5,,미청산(표본종료),,9.599004900970439,0.0,,,ABNB@2026-08-25 04:00:00+00:00,⓪운영설정,A,A
REGN,2026-08-25 04:00:00+00:00,,2026-08-25 04:00:00+00:00,,4.604546403742073,833.56,,미청산(표본종료),,9.595414250758106,0.0,,,REGN@2026-08-25 04:00:00+00:00,⓪운영설정,A,A
DASH,2026-08-25 04:00:00+00:00,,2026-08-25 04:00:00+00:00,,14.86994060592928,233.5,,미청산(표본종료),,8.680327828711217,0.0,,,DASH@2026-08-25 04:00:00+00:00,⓪운영설정,A,A
TEAM,2026-08-27 04:00:00+00:00,,2026-08-27 04:00:00+00:00,,0.3280065652707455,185.62,,미청산(표본종료),,0.15221144661388947,0.0,,,TEAM@2026-08-27 04:00:00+00:00,⓪운영설정,A,A+B
WDAY,2026-09-01 04:00:00+00:00,,2026-09-01 04:00:00+00:00,,1.8702731696006314,198.38,,미청산(표본종료),,0.9275619784634331,0.0,,,WDAY@2026-09-01 04:00:00+00:00,⓪운영설정,A,A+B
MU,2026-09-08 04:00:00+00:00,,2026-09-08 04:00:00+00:00,,0.055711084680743705,1020.89,,미청산(표본종료),,0.1421872230993111,0.0,,,MU@2026-09-08 04:00:00+00:00,⓪운영설정,A,A
EA,2023-09-12 04:00:00+00:00,2023-10-10 04:00:00+00:00,2023-09-11 04:00:00+00:00,2023-10-09 04:00:00+00:00,12.256383941849178,122.08,126.48,만기,20.0,3.7406483790523692,3.87546860241271,46.31197236267144,3.6041939711664472,EA@2023-09-12 04:00:00+00:00,⓪운영설정,B,B+C
SMCI,2023-10-11 04:00:00+00:00,2023-11-08 05:00:00+00:00,2023-10-10 04:00:00+00:00,2023-11-07 05:00:00+00:00,48.318509283025186,31.11,25.54,만기,20.0,3.757972059487284,3.085136817721158,-275.9772055836586,-17.904210864673743,SMCI@2023-10-11 04:00:00+00:00,⓪운영설정,B,B+C
PLTR,2023-10-11 04:00:00+00:00,2023-11-08 05:00:00+00:00,2023-10-10 04:00:00+00:00,2023-11-07 05:00:00+00:00,83.99591944222085,17.87,18.85,만기,20.0,3.7525177010812167,3.958307703714658,74.60517564858083,5.484051482932295,PLTR@2023-10-11 04:00:00+00:00,⓪운영설정,B,B+C
PDD,2023-10-11 04:00:00+00:00,2023-11-08 05:00:00+00:00,2023-10-10 04:00:00+00:00,2023-11-07 05:00:00+00:00,13.677211889403802,109.75,107.73,만기,20.0,3.7526850121551685,3.683615092113679,-35.064268120864426,-1.8405466970387252,PDD@2023-10-11 04:00:00+00:00,⓪운영설정,B,B+C
CRWD,2023-10-11 04:00:00+00:00,2023-11-08 05:00:00+00:00,2023-10-10 04:00:00+00:00,2023-11-07 05:00:00+00:00,32.66069893621868,45.9625,48.13,만기,20.0,3.752918437139878,3.9298985995005125,63.109247907613735,4.7158009246668575,CRWD@2023-10-11 04:00:00+00:00,⓪운영설정,B,B+C
SNPS,2023-10-11 04:00:00+00:00,2023-11-08 05:00:00+00:00,2023-10-10 04:00:00+00:00,2023-11-07 05:00:00+00:00,3.071601463758594,490.28,500.0,만기,20.0,3.7648619141289084,3.839501829698243,22.25160248390671,1.9825405890511627,SNPS@2023-10-11 04:00:00+00:00,⓪운영설정,B,B+C
ZS,2023-10-11 04:00:00+00:00,2023-11-08 05:00:00+00:00,2023-10-10 04:00:00+00:00,2023-11-07 05:00:00+00:00,8.687800607699351,173.1,172.0,만기,20.0,3.7596457129818943,3.735754261310721,-17.05198064276169,-0.6354708261120723,ZS@2023-10-11 04:00:00+00:00,⓪운영설정,B,B+C
AMGN,2023-10-12 04:00:00+00:00,2023-11-09 05:00:00+00:00,2023-10-11 04:00:00+00:00,2023-11-08 05:00:00+00:00,0.050511078753932466,283.975,272.13,만기,20.0,0.035859708972869934,0.0343639496532691,-0.6685273864664705,-4.171141825864966,AMGN@2023-10-12 04:00:00+00:00,⓪운영설정,B,B
FAST,2023-10-13 04:00:00+00:00,2023-11-10 05:00:00+00:00,2023-10-12 04:00:00+00:00,2023-11-09 05:00:00+00:00,0.4997248829997517,30.355,29.76,만기,20.0,0.03792287205864366,0.03717953129518153,-0.3724387087386756,-1.9601383627079527,FAST@2023-10-13 04:00:00+00:00,⓪운영설정,B,B+C
PANW,2023-10-19 04:00:00+00:00,2023-11-16 05:00:00+00:00,2023-10-18 04:00:00+00:00,2023-11-15 05:00:00+00:00,0.13516670106569337,131.75,119.995,만기,20.0,0.044520532163512753,0.04054832073594469,-1.673953423926676,-8.922201138519926,PANW@2023-10-19 04:00:00+00:00,⓪운영설정,B,A+B
AXON,2023-10-20 04:00:00+00:00,2023-11-17 05:00:00+00:00,2023-10-19 04:00:00+00:00,2023-11-16 05:00:00+00:00,0.15497441291668712,212.93,224.95,만기,20.0,0.08249675435587549,0.08715373546402191,1.6931419534386762,5.645047668247782,AXON@2023-10-20 04:00:00+00:00,⓪운영설정,B,B
MSTR,2023-11-08 05:00:00+00:00,2023-12-07 05:00:00+00:00,2023-11-07 05:00:00+00:00,2023-12-06 05:00:00+00:00,31.509054565859042,46.908,55.72,만기,20.0,3.69506682893829,4.389211301024164,269.57351070438745,18.78570819476422,MSTR@2023-11-08 05:00:00+00:00,⓪운영설정,B,B+C
NFLX,2023-11-08 05:00:00+00:00,2023-12-07 05:00:00+00:00,2023-11-07 05:00:00+00:00,2023-12-06 05:00:00+00:00,34.02365865832241,43.5,45.085,만기,20.0,3.7000728790925623,3.834891626526165,46.39253446782254,3.64367816091955,NFLX@2023-11-08 05:00:00+00:00,⓪운영설정,B,B+C
SHOP,2023-11-08 05:00:00+00:00,2023-12-07 05:00:00+00:00,2023-11-07 05:00:00+00:00,2023-12-06 05:00:00+00:00,23.926224508811167,61.87,70.86,만기,20.0,3.7007887759003673,4.238530671735898,207.1574388865763,14.530467108453205,SHOP@2023-11-08 05:00:00+00:00,⓪운영설정,B,B+C
DXCM,2023-11-08 05:00:00+00:00,2023-12-07 05:00:00+00:00,2023-11-07 05:00:00+00:00,2023-12-06 05:00:00+00:00,15.573160703765287,95.22,118.3,만기,20.0,3.707190905531327,4.605762278138584,351.11559585923305,24.238605335013652,DXCM@2023-11-08 05:00:00+00:00,⓪운영설정,B,B+C
DDOG,2023-11-08 05:00:00+00:00,2023-12-07 05:00:00+00:00,2023-11-07 05:00:00+00:00,2023-12-06 05:00:00+00:00,14.519070839935981,101.7,117.08,만기,20.0,3.691473761053724,4.249732034849262,215.36210372231244,15.122910521140609,DDOG@2023-11-08 05:00:00+00:00,⓪운영설정,B,B+C
SBUX,2023-11-08 05:00:00+00:00,2023-12-07 05:00:00+00:00,2023-11-07 05:00:00+00:00,2023-12-06 05:00:00+00:00,13.435948078956805,103.74,97.25,만기,20.0,3.484613134277448,3.2666148766963734,-93.95053104340354,-6.256024677077299,SBUX@2023-11-08 05:00:00+00:00,⓪운영설정,B,B+C
MNST,2023-11-09 05:00:00+00:00,2023-12-08 05:00:00+00:00,2023-11-08 05:00:00+00:00,2023-12-07 05:00:00+00:00,0.5889747537551696,28.0,27.08,만기,20.0,0.041228232762861874,0.03987359082922498,-0.6229585970468428,-3.285714285714292,MNST@2023-11-09 05:00:00+00:00,⓪운영설정,B,A+B
PDD,2023-12-07 05:00:00+00:00,2024-01-08 05:00:00+00:00,2023-12-06 05:00:00+00:00,2024-01-05 05:00:00+00:00,11.45696034824545,141.99,144.01,만기,20.0,4.066934499618429,4.124792149377068,14.951333254459996,1.4226353968589178,PDD@2023-12-07 05:00:00+00:00,⓪운영설정,B,B+C
CRWD,2023-12-07 05:00:00+00:00,2024-01-08 05:00:00+00:00,2023-12-06 05:00:00+00:00,2024-01-05 05:00:00+00:00,27.095956961633302,59.9075,62.975,만기,20.0,4.058127604197617,4.265919724147143,74.79280065146554,5.12039394065853,CRWD@2023-12-07 05:00:00+00:00,⓪운영설정,B,B+C
IDXX,2023-12-07 05:00:00+00:00,2024-01-08 05:00:00+00:00,2023-12-06 05:00:00+00:00,2024-01-05 05:00:00+00:00,3.1095616194591833,522.0,540.88,만기,20.0,4.057977913394234,4.204749221832707,50.44579624016251,3.616858237547893,IDXX@2023-12-07 05:00:00+00:00,⓪운영설정,B,B+C
WDAY,2023-12-07 05:00:00+00:00,2024-01-08 05:00:00+00:00,2023-12-06 05:00:00+00:00,2024-01-05 05:00:00+00:00,6.035573699866172,268.92,265.55,만기,20.0,4.057716198420028,4.0068664899986555,-28.40446605696752,-1.2531607913134013,WDAY@2023-12-07 05:00:00+00:00,⓪운영설정,B,B+C
PANW,2023-12-07 05:00:00+00:00,2024-01-08 05:00:00+00:00,2023-12-06 05:00:00+00:00,2024-01-05 05:00:00+00:00,11.281865437640535,144.09,141.76,만기,20.0,4.064009977274062,3.9982931110998057,-34.34904955807633,-1.6170449024915046,PANW@2023-12-07 05:00:00+00:00,⓪운영설정,B,B+C
ZS,2023-12-07 05:00:00+00:00,2024-01-08 05:00:00+00:00,2023-12-06 05:00:00+00:00,2024-01-05 05:00:00+00:00,8.190164248824,197.91,213.28,만기,20.0,4.052288516211895,4.366995577472958,117.46354041074028,7.766156333687024,ZS@2023-12-07 05:00:00+00:00,⓪운영설정,B,B+C
DXCM,2023-12-08 05:00:00+00:00,2024-01-09 05:00:00+00:00,2023-12-07 05:00:00+00:00,2024-01-08 05:00:00+00:00,0.08081571270729365,118.48,128.81,만기,20.0,0.02393761410390038,0.02602467988456624,0.7848640182778777,8.718771100607704,DXCM@2023-12-08 05:00:00+00:00,⓪운영설정,B,B
MRNA,2024-01-08 05:00:00+00:00,2024-02-06 05:00:00+00:00,2024-01-05 05:00:00+00:00,2024-02-05 05:00:00+00:00,14.856508463765737,111.47,95.65,만기,20.0,4.140137496139917,3.552562586397982,-242.72266397931162,-14.192159325379016,MRNA@2024-01-08 05:00:00+00:00,⓪운영설정,B,B+C
TEAM,2024-01-08 05:00:00+00:00,2024-02-06 05:00:00+00:00,2024-01-05 05:00:00+00:00,2024-02-05 05:00:00+00:00,7.301629951435884,227.93,216.14,만기,20.0,4.160651287076953,3.9454357442583796,-94.1923041587645,-5.1726407230290095,TEAM@2024-01-08 05:00:00+00:00,⓪운영설정,B,B+C
MRVL,2024-01-08 05:00:00+00:00,2024-02-06 05:00:00+00:00,2024-01-05 05:00:00+00:00,2024-02-05 05:00:00+00:00,27.866777077955046,60.0,67.22,만기,20.0,4.180016561693257,4.683011887950346,192.3351020531918,12.03333333333334,MRVL@2024-01-08 05:00:00+00:00,⓪운영설정,B,B+C
AMD,2024-01-08 05:00:00+00:00,2024-02-06 05:00:00+00:00,2024-01-05 05:00:00+00:00,2024-02-05 05:00:00+00:00,12.029910311307095,140.36,173.15,만기,20.0,4.22129552823766,5.207447426007059,385.03201615351486,23.361356511826713,AMD@2024-01-08 05:00:00+00:00,⓪운영설정,B,B+C
VRTX,2024-01-08 05:00:00+00:00,2024-02-06 05:00:00+00:00,2024-01-05 05:00:00+00:00,2024-02-05 05:00:00+00:00,4.081915345737698,416.07,428.76,만기,20.0,4.245906294752711,4.375405059096239,43.17819438356264,3.049967553536659,VRTX@2024-01-08 05:00:00+00:00,⓪운영설정,B,B+C
AVGO,2024-01-08 05:00:00+00:00,2024-02-06 05:00:00+00:00,2024-01-05 05:00:00+00:00,2024-02-05 05:00:00+00:00,14.364919518520281,105.65,126.357,만기,20.0,3.7941343678291695,4.537770339004168,289.122483763166,19.599621391386645,AVGO@2024-01-08 05:00:00+00:00,⓪운영설정,B,B+C
SMCI,2024-01-09 05:00:00+00:00,2024-02-07 05:00:00+00:00,2024-01-08 05:00:00+00:00,2024-02-06 05:00:00+00:00,0.38768713129331006,31.833,67.5,만기,20.0,0.03085311112614985,0.06542220340574607,13.731361597306595,112.04410517387618,SMCI@2024-01-09 05:00:00+00:00,⓪운영설정,B,B
NVDA,2024-02-06 05:00:00+00:00,2024-03-06 05:00:00+00:00,2024-02-05 05:00:00+00:00,2024-03-05 05:00:00+00:00,25.044412616209005,69.63,88.022,만기,20.0,4.359606126166582,5.511148218259873,450.7460824928901,26.4139020537125,NVDA@2024-02-06 05:00:00+00:00,⓪운영설정,B,B+C
META,2024-02-06 05:00:00+00:00,2024-03-06 05:00:00+00:00,2024-02-05 05:00:00+00:00,2024-03-05 05:00:00+00:00,3.7455122804867655,464.0,497.63,만기,20.0,4.344794245364648,4.659698190346573,116.95708555705892,7.247844827586203,META@2024-02-06 05:00:00+00:00,⓪운영설정,B,B+C
ASML,2024-02-06 05:00:00+00:00,2024-03-06 05:00:00+00:00,2024-02-05 05:00:00+00:00,2024-03-05 05:00:00+00:00,1.9270881764879988,898.8,986.94,만기,20.0,4.3301671325685325,4.754801012257665,160.76858373082655,9.80640854472632,ASML@2024-02-06 05:00:00+00:00,⓪운영설정,B,B+C
CRWD,2024-02-06 05:00:00+00:00,2024-03-06 05:00:00+00:00,2024-02-05 05:00:00+00:00,2024-03-05 05:00:00+00:00,22.70262242862658,76.3425,90.0125,만기,20.0,4.332937381893562,5.108799503391875,300.90311171404005,17.906146641778832,CRWD@2024-02-06 05:00:00+00:00,⓪운영설정,B,B+C
PANW,2024-02-06 05:00:00+00:00,2024-03-06 05:00:00+00:00,2024-02-05 05:00:00+00:00,2024-03-05 05:00:00+00:00,10.013361651820748,172.745,149.49,만기,20.0,4.324395396359438,3.7422435833267094,-240.9273641927773,-13.462039422269811,PANW@2024-02-06 05:00:00+00:00,⓪운영설정,B,B+C
APP,2024-02-06 05:00:00+00:00,2024-03-06 05:00:00+00:00,2024-02-05 05:00:00+00:00,2024-03-05 05:00:00+00:00,37.43471263578496,46.11,62.53,만기,20.0,4.315286499090112,5.851981452789085,604.5107135277101,35.61049663847322,APP@2024-02-06 05:00:00+00:00,⓪운영설정,B,B+C
ISRG,2024-02-06 05:00:00+00:00,2024-03-06 05:00:00+00:00,2024-02-05 05:00:00+00:00,2024-03-05 05:00:00+00:00,0.12026145582725584,385.26,386.76,만기,20.0,0.11582982118002147,0.11628080163937368,-0.05171843907850615,0.38934745366765444,ISRG@2024-02-06 05:00:00+00:00,⓪운영설정,B,B+C
SMCI,2024-02-21 05:00:00+00:00,2024-03-20 04:00:00+00:00,2024-02-20 05:00:00+00:00,2024-03-19 04:00:00+00:00,0.43501142994984526,74.975,90.0,만기,20.0,0.0815374549012241,0.0978775717387152,6.356631708356495,20.04001333777927,SMCI@2024-02-21 05:00:00+00:00,⓪운영설정,B,B
MSTR,2024-03-06 05:00:00+00:00,2024-04-04 04:00:00+00:00,2024-03-05 05:00:00+00:00,2024-04-03 04:00:00+00:00,17.145944585594098,114.0,169.298,만기,20.0,4.886594206894318,7.256935316129774,935.9929141711584,48.50701754385965,MSTR@2024-03-06 05:00:00+00:00,⓪운영설정,B,B+C
ARM,2024-03-06 05:00:00+00:00,2024-04-04 04:00:00+00:00,2024-03-05 05:00:00+00:00,2024-04-03 04:00:00+00:00,14.346835131377338,138.09,126.5,만기,20.0,4.952886158229742,4.537186610298083,-175.7698919411912,-8.393076978781956,ARM@2024-03-06 05:00:00+00:00,⓪운영설정,B,B
PLTR,2024-03-06 05:00:00+00:00,2024-04-04 04:00:00+00:00,2024-03-05 05:00:00+00:00,2024-04-03 04:00:00+00:00,76.81755567313617,25.75,23.82,만기,20.0,4.945130146458141,4.574485440335259,-157.7774980359461,-7.495145631067956,PLTR@2024-03-06 05:00:00+00:00,⓪운영설정,B,B+C
CEG,2024-03-06 05:00:00+00:00,2024-04-04 04:00:00+00:00,2024-03-05 05:00:00+00:00,2024-04-03 04:00:00+00:00,11.212449155899888,176.77,193.44,만기,20.0,4.955061593221059,5.4223404117931855,176.53412542383694,9.430333201335062,CEG@2024-03-06 05:00:00+00:00,⓪운영설정,B,B+C
GEHC,2024-03-06 05:00:00+00:00,2024-04-04 04:00:00+00:00,2024-03-05 05:00:00+00:00,2024-04-03 04:00:00+00:00,21.697996532382746,91.56,90.15,만기,20.0,4.966671406262411,4.890185968485762,-40.451032485407495,-1.5399737876802044,GEHC@2024-03-06 05:00:00+00:00,⓪운영설정,B,B+C
AXON,2024-03-06 05:00:00+00:00,2024-04-04 04:00:00+00:00,2024-03-05 05:00:00+00:00,2024-04-03 04:00:00+00:00,5.626149379630207,315.01,312.12,만기,20.0,4.430733290193279,4.390084360925451,-25.080389358249704,-0.917431192660545,AXON@2024-03-06 05:00:00+00:00,⓪운영설정,B,B+C
NVDA,2024-03-18 04:00:00+00:00,2024-04-16 04:00:00+00:00,2024-03-15 04:00:00+00:00,2024-04-15 04:00:00+00:00,0.06134349725422056,90.388,86.4325,만기,20.0,0.01386179007453622,0.013255179566063547,-0.26976117302966873,-4.376134000088506,NVDA@2024-03-18 04:00:00+00:00,⓪운영설정,B,B
MRNA,2024-03-19 04:00:00+00:00,2024-04-17 04:00:00+00:00,2024-03-18 04:00:00+00:00,2024-04-16 04:00:00+00:00,0.16814100525936684,103.9,105.14,만기,20.0,0.043674626116120545,0.044195863232424575,0.12062435717307096,1.1934552454282876,MRNA@2024-03-19 04:00:00+00:00,⓪운영설정,B,B
MU,2024-04-02 04:00:00+00:00,2024-04-30 04:00:00+00:00,2024-04-01 04:00:00+00:00,2024-04-29 04:00:00+00:00,0.08067928794854864,122.71,114.18,만기,20.0,0.024750388560416007,0.023029902744913212,-0.7359746175064465,-6.951348708336713,MU@2024-04-02 04:00:00+00:00,⓪운영설정,B,B
APP,2024-04-04 04:00:00+00:00,2024-05-02 04:00:00+00:00,2024-04-03 04:00:00+00:00,2024-05-01 04:00:00+00:00,28.17829052746687,73.1,71.255,만기,20.0,5.1495825938945705,5.01961022883663,-62.15813884590716,-2.5239398084815345,APP@2024-04-04 04:00:00+00:00,⓪운영설정,B,B+C
GOOG,2024-04-04 04:00:00+00:00,2024-05-02 04:00:00+00:00,2024-04-03 04:00:00+00:00,2024-05-01 04:00:00+00:00,13.26872157250233,155.08,166.67,만기,20.0,5.144283353659154,5.528744561222408,143.1114551104206,7.473562032499337,GOOG@2024-04-04 04:00:00+00:00,⓪운영설정,B,B+C
GOOGL,2024-04-04 04:00:00+00:00,2024-05-02 04:00:00+00:00,2024-04-03 04:00:00+00:00,2024-05-01 04:00:00+00:00,13.359671924122093,153.5,164.785,만기,20.0,5.126774100881853,5.503683845041147,140.13343971779477,7.351791530944629,GOOGL@2024-04-04 04:00:00+00:00,⓪운영설정,B,B+C
DXCM,2024-04-04 04:00:00+00:00,2024-05-02 04:00:00+00:00,2024-04-03 04:00:00+00:00,2024-05-01 04:00:00+00:00,14.646070868231359,139.56,127.03,만기,20.0,5.110014125925921,4.651225955978574,-193.2765080608433,-8.978217254227571,DXCM@2024-04-04 04:00:00+00:00,⓪운영설정,B,B+C
BKR,2024-04-04 04:00:00+00:00,2024-05-02 04:00:00+00:00,2024-04-03 04:00:00+00:00,2024-05-01 04:00:00+00:00,59.83521086015344,33.92,32.13,만기,20.0,5.074025880941012,4.806263312341826,-116.98531663295739,-5.277122641509435,BKR@2024-04-04 04:00:00+00:00,⓪운영설정,B,B+C
PYPL,2024-04-04 04:00:00+00:00,2024-05-02 04:00:00+00:00,2024-04-03 04:00:00+00:00,2024-05-01 04:00:00+00:00,30.744827193649524,65.99,66.7,만기,20.0,5.0721278662723295,5.126699934541058,11.629999506678132,1.0759205940294114,PYPL@2024-04-04 04:00:00+00:00,⓪운영설정,B,B+C
XEL,2024-04-04 04:00:00+00:00,2024-05-02 04:00:00+00:00,2024-04-03 04:00:00+00:00,2024-05-01 04:00:00+00:00,1.4875225413133613,54.78,53.84,만기,20.0,0.20371621203286483,0.20022053406077844,-1.802207934928191,-1.715954728002922,XEL@2024-04-04 04:00:00+00:00,⓪운영설정,B,B
CEG,2024-04-16 04:00:00+00:00,2024-05-14 04:00:00+00:00,2024-04-15 04:00:00+00:00,2024-05-13 04:00:00+00:00,0.03245020282066402,185.03,214.57,만기,20.0,0.015010652569768659,0.0174071000480747,0.926161238704573,15.964978652110462,CEG@2024-04-16 04:00:00+00:00,⓪운영설정,B,B
AVGO,2024-04-17 04:00:00+00:00,2024-05-15 04:00:00+00:00,2024-04-16 04:00:00+00:00,2024-05-14 04:00:00+00:00,0.17722865215828956,134.311,138.0,만기,20.0,0.059509393750080075,0.0611438849946099,0.5331432190672416,2.746610478665179,AVGO@2024-04-17 04:00:00+00:00,⓪운영설정,B,B
AZN,2024-05-02 04:00:00+00:00,2024-05-31 04:00:00+00:00,2024-05-01 04:00:00+00:00,2024-05-30 04:00:00+00:00,13.31344385207523,153.801168,155.918808,만기,20.0,5.1190580363789735,5.189540739476246,17.8844824630537,1.3768686073957648,AZN@2024-05-02 04:00:00+00:00,⓪운영설정,B,B+C
MRNA,2024-05-02 04:00:00+00:00,2024-05-31 04:00:00+00:00,2024-05-01 04:00:00+00:00,2024-05-30 04:00:00+00:00,17.804363596379172,114.86,152.1,만기,20.0,5.112523006700279,6.77010925752318,651.1518680649374,32.42207905275987,MRNA@2024-05-02 04:00:00+00:00,⓪운영설정,B,B+C
KDP,2024-05-02 04:00:00+00:00,2024-05-31 04:00:00+00:00,2024-05-01 04:00:00+00:00,2024-05-30 04:00:00+00:00,61.949459001753816,33.46,33.92,만기,20.0,5.182072245496706,5.253314123348725,18.061364771961962,1.3747758517633102,KDP@2024-05-02 04:00:00+00:00,⓪운영설정,B,B+C
TSLA,2024-05-02 04:00:00+00:00,2024-05-31 04:00:00+00:00,2024-05-01 04:00:00+00:00,2024-05-30 04:00:00+00:00,11.336434706149323,182.86,178.5,만기,20.0,5.182451125916164,5.058883987619136,-59.668190432346364,-2.384337744722742,TSLA@2024-05-02 04:00:00+00:00,⓪운영설정,B,B+C
PANW,2024-05-02 04:00:00+00:00,2024-05-31 04:00:00+00:00,2024-05-01 04:00:00+00:00,2024-05-30 04:00:00+00:00,14.220462106438506,145.38,148.75,만기,20.0,5.168426952585074,5.288234345831819,37.46629600028109,2.318063007291249,PANW@2024-05-02 04:00:00+00:00,⓪운영설정,B,B+C
BIIB,2024-05-02 04:00:00+00:00,2024-05-31 04:00:00+00:00,2024-05-01 04:00:00+00:00,2024-05-30 04:00:00+00:00,8.881693146833342,217.99,219.23,만기,20.0,4.840300722695501,4.8678339714506835,1.3051648079269853,0.5688334327262679,BIIB@2024-05-02 04:00:00+00:00,⓪운영설정,B,B+C
AMGN,2024-05-10 04:00:00+00:00,2024-06-10 04:00:00+00:00,2024-05-09 04:00:00+00:00,2024-06-07 04:00:00+00:00,0.05351068923449252,312.89,304.55,만기,20.0,0.04185739888645092,0.04074170101591174,-0.5288782481180299,-2.6654734890856124,AMGN@2024-05-10 04:00:00+00:00,⓪운영설정,B,B
MSTR,2024-05-31 04:00:00+00:00,2024-07-01 04:00:00+00:00,2024-05-30 04:00:00+00:00,2024-06-28 04:00:00+00:00,13.448607803014397,159.7,141.0,만기,20.0,5.369356665353498,4.740634250562575,-261.5989568322848,-11.709455228553534,MSTR@2024-05-31 04:00:00+00:00,⓪운영설정,B,B+C
NVDA,2024-05-31 04:00:00+00:00,2024-07-01 04:00:00+00:00,2024-05-30 04:00:00+00:00,2024-06-28 04:00:00+00:00,18.9508386962739,112.52,123.47,만기,20.0,5.3308709252618485,5.8496501345723475,196.33116266436537,9.731603270529687,NVDA@2024-05-31 04:00:00+00:00,⓪운영설정,B,B+C
ARM,2024-05-31 04:00:00+00:00,2024-07-01 04:00:00+00:00,2024-05-30 04:00:00+00:00,2024-06-28 04:00:00+00:00,17.70650882544964,119.92,163.43,만기,20.0,5.308411345869802,7.234436843358086,757.867350806086,36.28252168112076,ARM@2024-05-31 04:00:00+00:00,⓪운영설정,B,B+C
QCOM,2024-05-31 04:00:00+00:00,2024-07-01 04:00:00+00:00,2024-05-30 04:00:00+00:00,2024-06-28 04:00:00+00:00,10.212307087023792,208.0,199.47,만기,20.0,5.3103996852523725,5.092622236621589,-97.51400137418705,-4.100961538461534,QCOM@2024-05-31 04:00:00+00:00,⓪운영설정,B,B+C
PDD,2024-05-31 04:00:00+00:00,2024-07-01 04:00:00+00:00,2024-05-30 04:00:00+00:00,2024-06-28 04:00:00+00:00,14.210265757648504,149.0,133.55,만기,20.0,5.2933239947240684,4.744452479834895,-229.5863824302278,-10.36912751677852,PDD@2024-05-31 04:00:00+00:00,⓪운영설정,B,B+C
CEG,2024-05-31 04:00:00+00:00,2024-07-01 04:00:00+00:00,2024-05-30 04:00:00+00:00,2024-06-28 04:00:00+00:00,9.453700054865013,224.06,208.19,만기,20.0,5.295490085732637,4.920414536055867,-160.24612449249594,-7.08292421672766,CEG@2024-05-31 04:00:00+00:00,⓪운영설정,B,B+C
MRVL,2024-05-31 04:00:00+00:00,2024-07-01 04:00:00+00:00,2024-05-30 04:00:00+00:00,2024-06-28 04:00:00+00:00,1.751817306130699,76.285,70.05,만기,20.0,0.3340934579954509,0.30678700573613865,-11.563461367456483,-8.173297502785603,MRVL@2024-05-31 04:00:00+00:00,⓪운영설정,B,B+C
ADBE,2024-07-01 04:00:00+00:00,2024-07-30 04:00:00+00:00,2024-06-28 04:00:00+00:00,2024-07-29 04:00:00+00:00,3.947815708408884,551.37,541.85,만기,20.0,5.441767867863517,5.347809854003384,-48.372783265919225,-1.7266082666811733,ADBE@2024-07-01 04:00:00+00:00,⓪운영설정,B,B+C
ADSK,2024-07-01 04:00:00+00:00,2024-07-30 04:00:00+00:00,2024-06-28 04:00:00+00:00,2024-07-29 04:00:00+00:00,8.772409812854992,248.62,244.19,만기,20.0,5.45249131918002,5.3553368805026516,-49.66960367062984,-1.7818357332475276,ADSK@2024-07-01 04:00:00+00:00,⓪운영설정,B,B+C
ZS,2024-07-01 04:00:00+00:00,2024-07-30 04:00:00+00:00,2024-06-28 04:00:00+00:00,2024-07-29 04:00:00+00:00,11.277298421235157,193.0,182.24,만기,20.0,5.441296488245963,5.137937160714738,-131.92296466145035,-5.575129533678746,ZS@2024-07-01 04:00:00+00:00,⓪운영설정,B,B+C
CRWD,2024-07-01 04:00:00+00:00,2024-07-30 04:00:00+00:00,2024-06-28 04:00:00+00:00,2024-07-29 04:00:00+00:00,22.686747208831076,96.32,61.8875,만기,20.0,5.4629687278865235,3.510065169716333,-790.1344571656789,-35.74802740863786,CRWD@2024-07-01 04:00:00+00:00,⓪운영설정,B,B+C
AVGO,2024-07-01 04:00:00+00:00,2024-07-30 04:00:00+00:00,2024-06-28 04:00:00+00:00,2024-07-29 04:00:00+00:00,13.61895403155454,160.82,153.28,만기,20.0,5.475500468386502,5.2187831848917,-113.3811970511988,-4.6884715831364225,AVGO@2024-07-01 04:00:00+00:00,⓪운영설정,B,B+C
INTU,2024-07-01 04:00:00+00:00,2024-07-30 04:00:00+00:00,2024-06-28 04:00:00+00:00,2024-07-29 04:00:00+00:00,3.2762027424057365,652.51,640.0,만기,20.0,5.344387628617918,5.241924387849179,-51.571608323962664,-1.9172119967510115,INTU@2024-07-01 04:00:00+00:00,⓪운영설정,B,B+C
TSLA,2024-07-11 04:00:00+00:00,2024-08-08 04:00:00+00:00,2024-07-10 04:00:00+00:00,2024-08-07 04:00:00+00:00,0.04907588419006118,263.3,195.7,만기,20.0,0.03230420076810778,0.024010376339987434,-3.373844348356231,-25.67413596657806,TSLA@2024-07-11 04:00:00+00:00,⓪운영설정,B,A+B
PLTR,2024-07-17 04:00:00+00:00,2024-08-14 04:00:00+00:00,2024-07-16 04:00:00+00:00,2024-08-13 04:00:00+00:00,0.599381695604441,28.0,30.62,만기,20.0,0.04195671869231087,0.04588266879851996,1.4825406549928069,9.357142857142865,PLTR@2024-07-17 04:00:00+00:00,⓪운영설정,B,B
WBD,2024-07-18 04:00:00+00:00,2024-08-15 04:00:00+00:00,2024-07-17 04:00:00+00:00,2024-08-14 04:00:00+00:00,2.461678335579572,8.76,7.02,만기,20.0,0.053910755549192634,0.04320245478942149,-4.38043351424707,-19.863013698630137,WBD@2024-07-18 04:00:00+00:00,⓪운영설정,B,B+C
GILD,2024-07-19 04:00:00+00:00,2024-08-16 04:00:00+00:00,2024-07-18 04:00:00+00:00,2024-08-15 04:00:00+00:00,0.4204993982670924,73.51,73.94,만기,20.0,0.07727727691653491,0.07772931376967203,0.025808150568643384,0.5849544279689756,GILD@2024-07-19 04:00:00+00:00,⓪운영설정,B,B+C
CHTR,2024-07-30 04:00:00+00:00,2024-08-27 04:00:00+00:00,2024-07-29 04:00:00+00:00,2024-08-26 04:00:00+00:00,5.291014730752787,377.85,356.11,만기,20.0,4.998024790037351,4.710458139420937,-124.73514317602371,-5.753605928278416,CHTR@2024-07-30 04:00:00+00:00,⓪운영설정,B,B+C
MSTR,2024-07-30 04:00:00+00:00,2024-08-27 04:00:00+00:00,2024-07-29 04:00:00+00:00,2024-08-26 04:00:00+00:00,11.863782457733423,168.799,144.48,만기,20.0,5.00648653770736,4.285198223733312,-297.8070103510597,-14.407075871302567,MSTR@2024-07-30 04:00:00+00:00,⓪운영설정,B,B
ON,2024-07-30 04:00:00+00:00,2024-08-27 04:00:00+00:00,2024-07-29 04:00:00+00:00,2024-08-26 04:00:00+00:00,25.539185446181474,77.8,74.34,만기,20.0,4.967371569282297,4.746457615172828,-98.07941082824254,-4.4473007712082175,ON@2024-07-30 04:00:00+00:00,⓪운영설정,B,B+C
ODFL,2024-07-30 04:00:00+00:00,2024-08-27 04:00:00+00:00,2024-07-29 04:00:00+00:00,2024-08-26 04:00:00+00:00,9.698311315066544,203.29,198.08,만기,20.0,4.928924268099694,4.802603763220953,-60.25972998281668,-2.562841261252391,ODFL@2024-07-30 04:00:00+00:00,⓪운영설정,B,B+C
FAST,2024-07-30 04:00:00+00:00,2024-08-27 04:00:00+00:00,2024-07-29 04:00:00+00:00,2024-08-26 04:00:00+00:00,55.59535594373679,35.495,33.85,만기,20.0,4.933392898057344,4.704756996738726,-101.09251042224264,-4.63445555712071,FAST@2024-07-30 04:00:00+00:00,⓪운영설정,B,B+C
AEP,2024-07-30 04:00:00+00:00,2024-08-27 04:00:00+00:00,2024-07-29 04:00:00+00:00,2024-08-26 04:00:00+00:00,20.54164222831847,96.01,99.02,만기,20.0,4.930507675852141,5.085083533620237,51.8147518977662,3.1350900947817895,AEP@2024-07-30 04:00:00+00:00,⓪운영설정,B,B+C
AXON,2024-08-08 04:00:00+00:00,2024-09-06 04:00:00+00:00,2024-08-07 04:00:00+00:00,2024-09-05 04:00:00+00:00,0.27942787496673416,350.9,356.42,만기,20.0,0.24512810331456752,0.2489842079891085,1.0483295585127337,1.573097748646357,AXON@2024-08-08 04:00:00+00:00,⓪운영설정,B,A+B
SBUX,2024-08-14 04:00:00+00:00,2024-09-12 04:00:00+00:00,2024-08-13 04:00:00+00:00,2024-09-11 04:00:00+00:00,0.4014656453682185,95.39,98.46,만기,20.0,0.0957395197791859,0.09882076860738698,1.037939242893863,3.2183667051053577,SBUX@2024-08-14 04:00:00+00:00,⓪운영설정,B,A+B
DASH,2024-08-16 04:00:00+00:00,2024-09-16 04:00:00+00:00,2024-08-15 04:00:00+00:00,2024-09-13 04:00:00+00:00,0.1704609744304679,129.65,131.22,만기,20.0,0.055250663337275414,0.05591972266191499,0.15645334385664,1.2109525645969788,DASH@2024-08-16 04:00:00+00:00,⓪운영설정,B,B
FTNT,2024-08-22 04:00:00+00:00,2024-09-20 04:00:00+00:00,2024-08-21 04:00:00+00:00,2024-09-19 04:00:00+00:00,0.11562782272902283,75.6,75.52,만기,20.0,0.021853658495785317,0.021830532931239512,-0.052934417245344534,-0.10582010582009804,FTNT@2024-08-22 04:00:00+00:00,⓪운영설정,B,B
SHOP,2024-08-27 04:00:00+00:00,2024-09-25 04:00:00+00:00,2024-08-26 04:00:00+00:00,2024-09-24 04:00:00+00:00,25.578092792125346,74.47,80.13,만기,20.0,4.762001425573937,5.12393143858251,134.88607233927314,7.600375990331676,SHOP@2024-08-27 04:00:00+00:00,⓪운영설정,B,B+C
MELI,2024-08-27 04:00:00+00:00,2024-09-25 04:00:00+00:00,2024-08-26 04:00:00+00:00,2024-09-24 04:00:00+00:00,0.9507374874943216,2002.99,2097.15,만기,20.0,4.760794200190628,4.984597804746792,79.77604981752825,4.700972046790053,MELI@2024-08-27 04:00:00+00:00,⓪운영설정,B,B+C
PYPL,2024-08-27 04:00:00+00:00,2024-09-25 04:00:00+00:00,2024-08-26 04:00:00+00:00,2024-09-24 04:00:00+00:00,26.596948465722072,71.75,78.23,만기,20.0,4.770827631038896,5.201698196183595,162.37570023065723,9.031358885017426,PYPL@2024-08-27 04:00:00+00:00,⓪운영설정,B,B+C
APP,2024-08-27 04:00:00+00:00,2024-09-25 04:00:00+00:00,2024-08-26 04:00:00+00:00,2024-09-24 04:00:00+00:00,21.429154713382452,88.99,129.34,만기,20.0,4.767451194859761,6.929117176572216,852.9698243135504,45.3421732778964,APP@2024-08-27 04:00:00+00:00,⓪운영설정,B,B+C
WDAY,2024-08-27 04:00:00+00:00,2024-09-25 04:00:00+00:00,2024-08-26 04:00:00+00:00,2024-09-24 04:00:00+00:00,7.347951814159658,260.0,245.26,만기,20.0,4.776168679203778,4.505396654851994,-117.5903750747691,-5.66923076923077,WDAY@2024-08-27 04:00:00+00:00,⓪운영설정,B,B+C
PLTR,2024-08-27 04:00:00+00:00,2024-09-25 04:00:00+00:00,2024-08-26 04:00:00+00:00,2024-09-24 04:00:00+00:00,56.16303835550433,30.55,36.89,만기,20.0,4.289452054401643,5.179636212336386,346.6045749071591,20.752864157119475,PLTR@2024-08-27 04:00:00+00:00,⓪운영설정,B,B+C
MRVL,2024-09-06 04:00:00+00:00,2024-10-04 04:00:00+00:00,2024-09-05 04:00:00+00:00,2024-10-03 04:00:00+00:00,2.188669806820693,69.5,73.72,만기,20.0,0.3802813789350954,0.4033718453970537,8.452533360451213,6.071942446043166,MRVL@2024-09-06 04:00:00+00:00,⓪운영설정,B,B
CEG,2024-09-25 04:00:00+00:00,2024-10-23 04:00:00+00:00,2024-09-24 04:00:00+00:00,2024-10-22 04:00:00+00:00,8.34498615639876,254.44,265.0,만기,20.0,5.308245694085251,5.528553328614178,77.28625478887125,4.150290834774406,CEG@2024-09-25 04:00:00+00:00,⓪운영설정,B,B+C
TSLA,2024-09-25 04:00:00+00:00,2024-10-23 04:00:00+00:00,2024-09-24 04:00:00+00:00,2024-10-22 04:00:00+00:00,8.446255881597994,252.54,217.125,만기,20.0,5.332543650846893,4.584733270729911,-309.0414289683695,-14.023521026372055,TSLA@2024-09-25 04:00:00+00:00,⓪운영설정,B,B+C
PDD,2024-09-25 04:00:00+00:00,2024-10-23 04:00:00+00:00,2024-09-24 04:00:00+00:00,2024-10-22 04:00:00+00:00,19.274083151249272,110.92,129.295,만기,20.0,5.344703257841424,6.230106452601936,342.58646819376145,16.565993508835184,PDD@2024-09-25 04:00:00+00:00,⓪운영설정,B,B+C
ABNB,2024-09-25 04:00:00+00:00,2024-10-23 04:00:00+00:00,2024-09-24 04:00:00+00:00,2024-10-22 04:00:00+00:00,16.341413320504625,131.31,135.0,만기,20.0,5.364477457788657,5.515226995670311,49.42011069920318,2.8101439342015144,ABNB@2024-09-25 04:00:00+00:00,⓪운영설정,B,B+C
INTC,2024-09-25 04:00:00+00:00,2024-10-23 04:00:00+00:00,2024-09-24 04:00:00+00:00,2024-10-22 04:00:00+00:00,94.0140902898778,22.8,22.3,만기,20.0,5.358803146523035,5.241285533660688,-57.60713382512222,-2.1929824561403466,INTC@2024-09-25 04:00:00+00:00,⓪운영설정,B,B+C
ARM,2024-09-25 04:00:00+00:00,2024-10-23 04:00:00+00:00,2024-09-24 04:00:00+00:00,2024-10-22 04:00:00+00:00,13.126254234800944,143.3,147.8,만기,20.0,4.702480579617439,4.85015093975895,49.51551253722823,3.140265177948365,ARM@2024-09-25 04:00:00+00:00,⓪운영설정,B,B+C
APP,2024-10-04 04:00:00+00:00,2024-11-01 04:00:00+00:00,2024-10-03 04:00:00+00:00,2024-10-31 04:00:00+00:00,0.6098646842175048,137.5,171.14,만기,20.0,0.20964098519976732,0.2609306051424594,20.045276386734628,24.465454545454545,APP@2024-10-04 04:00:00+00:00,⓪운영설정,B,A+B
MSTR,2024-10-07 04:00:00+00:00,2024-11-04 05:00:00+00:00,2024-10-04 04:00:00+00:00,2024-11-01 04:00:00+00:00,0.08927175258351047,179.71,226.97,만기,20.0,0.04010756664195667,0.050655024209698425,4.128220436245048,26.297924433810028,MSTR@2024-10-07 04:00:00+00:00,⓪운영설정,B,A+B
NVDA,2024-10-09 04:00:00+00:00,2024-11-06 05:00:00+00:00,2024-10-08 04:00:00+00:00,2024-11-05 05:00:00+00:00,0.05542896522648321,134.11,142.96,만기,20.0,0.01858394631630916,0.0198103121719451,0.4521520837661228,6.599060472746254,NVDA@2024-10-09 04:00:00+00:00,⓪운영설정,B,B
PLTR,2024-10-10 04:00:00+00:00,2024-11-07 05:00:00+00:00,2024-10-09 04:00:00+00:00,2024-11-06 05:00:00+00:00,0.16508246490761164,42.92,55.82,만기,20.0,0.01771334848458673,0.023037257977857207,2.088813190845748,30.055917986952462,PLTR@2024-10-10 04:00:00+00:00,⓪운영설정,B,B+C
TEAM,2024-10-23 04:00:00+00:00,2024-11-20 05:00:00+00:00,2024-10-22 04:00:00+00:00,2024-11-19 05:00:00+00:00,11.206459102208486,191.79,247.33,만기,20.0,5.373216978031413,6.929233824373063,610.1042877342552,28.958756973773415,TEAM@2024-10-23 04:00:00+00:00,⓪운영설정,B,B+C
MRVL,2024-10-23 04:00:00+00:00,2024-11-20 05:00:00+00:00,2024-10-22 04:00:00+00:00,2024-11-19 05:00:00+00:00,25.856833156651632,82.895,89.2059,만기,20.0,5.3585054613015926,5.766455182222375,152.0549277247892,7.613125037698287,MRVL@2024-10-23 04:00:00+00:00,⓪운영설정,B,B+C
MU,2024-10-23 04:00:00+00:00,2024-11-20 05:00:00+00:00,2024-10-22 04:00:00+00:00,2024-11-19 05:00:00+00:00,20.067565827613766,106.564,97.975,만기,20.0,5.346200212134583,4.9152994049011465,-182.62182251041054,-8.05994519725235,MU@2024-10-23 04:00:00+00:00,⓪운영설정,B,B+C
AXON,2024-10-23 04:00:00+00:00,2024-11-20 05:00:00+00:00,2024-10-22 04:00:00+00:00,2024-11-19 05:00:00+00:00,4.766567249276472,447.52,609.18,만기,20.0,5.332835438490516,7.2592435922856025,757.9711824872584,36.1235252055774,AXON@2024-10-23 04:00:00+00:00,⓪운영설정,B,B+C
LULU,2024-10-23 04:00:00+00:00,2024-11-20 05:00:00+00:00,2024-10-22 04:00:00+00:00,2024-11-19 05:00:00+00:00,7.164728082688671,297.135,298.74,만기,20.0,5.322228697124245,5.350977168556034,0.8261827070355139,0.5401585138068654,LULU@2024-10-23 04:00:00+00:00,⓪운영설정,B,B+C
PANW,2024-10-23 04:00:00+00:00,2024-11-20 05:00:00+00:00,2024-10-22 04:00:00+00:00,2024-11-19 05:00:00+00:00,11.182981061433681,186.78,194.78,만기,20.0,5.221893006636458,5.445552627865132,78.79640285696814,4.283113823749862,PANW@2024-10-23 04:00:00+00:00,⓪운영설정,B,B
BKNG,2024-11-01 04:00:00+00:00,2024-12-02 05:00:00+00:00,2024-10-31 04:00:00+00:00,2024-11-29 05:00:00+00:00,0.32624653910645834,186.76,208.2564,만기,20.0,0.1523245091088054,0.16985732436692558,6.690944269772359,11.510173484686238,BKNG@2024-11-01 04:00:00+00:00,⓪운영설정,B,B
APP,2024-11-04 05:00:00+00:00,2024-12-03 05:00:00+00:00,2024-11-01 04:00:00+00:00,2024-12-02 05:00:00+00:00,0.14460462289361636,161.78,338.0,만기,20.0,0.05848533972932314,0.12219090634510582,25.301550400238646,108.92570157003338,APP@2024-11-04 05:00:00+00:00,⓪운영설정,B,B
MSTR,2024-11-20 05:00:00+00:00,2024-12-19 05:00:00+00:00,2024-11-19 05:00:00+00:00,2024-12-18 05:00:00+00:00,5.108020419805597,463.4,365.44,만기,20.0,5.9176416563447845,4.666687455534394,-510.96600943603516,-21.139404402244278,MSTR@2024-11-20 05:00:00+00:00,⓪운영설정,B,B+C
TSLA,2024-11-20 05:00:00+00:00,2024-12-19 05:00:00+00:00,2024-11-19 05:00:00+00:00,2024-12-18 05:00:00+00:00,6.881573330131461,345.0,451.88,만기,20.0,5.935356997238386,7.774113391049512,721.7930871361627,30.97971014492753,TSLA@2024-11-20 05:00:00+00:00,⓪운영설정,B,B+C
PLTR,2024-11-20 05:00:00+00:00,2024-12-19 05:00:00+00:00,2024-11-19 05:00:00+00:00,2024-12-18 05:00:00+00:00,37.86861511223432,62.59,73.99,만기,20.0,5.925491549686866,7.004747080385544,418.7719736493991,18.21377216807796,PLTR@2024-11-20 05:00:00+00:00,⓪운영설정,B,B+C
SHOP,2024-11-20 05:00:00+00:00,2024-12-19 05:00:00+00:00,2024-11-19 05:00:00+00:00,2024-12-18 05:00:00+00:00,22.57604629394336,104.83,111.3,만기,20.0,5.916617332485206,6.28178488128974,133.86861730803867,6.171897357626643,SHOP@2024-11-20 05:00:00+00:00,⓪운영설정,B,B+C
WBD,2024-11-20 05:00:00+00:00,2024-12-19 05:00:00+00:00,2024-11-19 05:00:00+00:00,2024-12-18 05:00:00+00:00,248.4495549293384,9.51,10.7,만기,20.0,5.906888168445021,6.646025594359802,283.10205660310794,12.513144058885374,WBD@2024-11-20 05:00:00+00:00,⓪운영설정,B,B+C
BKR,2024-11-20 05:00:00+00:00,2024-12-19 05:00:00+00:00,2024-11-19 05:00:00+00:00,2024-12-18 05:00:00+00:00,52.12467991709051,43.01,40.97,만기,20.0,5.604706208085157,5.338870340507996,-117.27792357945782,-4.743083003952564,BKR@2024-11-20 05:00:00+00:00,⓪운영설정,B,B+C
AXON,2024-11-21 05:00:00+00:00,2024-12-20 05:00:00+00:00,2024-11-20 05:00:00+00:00,2024-12-19 05:00:00+00:00,0.03463100081415618,621.99,607.95,만기,20.0,0.053850340490992514,0.05263479236241564,-0.5927043842841577,-2.2572710172189203,AXON@2024-11-21 05:00:00+00:00,⓪운영설정,B,A+B
TEAM,2024-12-02 05:00:00+00:00,2024-12-31 05:00:00+00:00,2024-11-29 05:00:00+00:00,2024-12-30 05:00:00+00:00,0.10762068221011911,263.0,248.25,만기,20.0,0.07076059855315331,0.06679208589665518,-1.7249577470490607,-5.608365019011408,TEAM@2024-12-02 05:00:00+00:00,⓪운영설정,B,B
SMCI,2024-12-03 05:00:00+00:00,2025-01-02 05:00:00+00:00,2024-12-02 05:00:00+00:00,2024-12-31 05:00:00+00:00,0.9347098530825412,44.42,30.97,만기,20.0,0.1037995291848162,0.07236991037491575,-12.748016963519909,-30.27915353444395,SMCI@2024-12-03 05:00:00+00:00,⓪운영설정,B,B
AVGO,2024-12-19 05:00:00+00:00,2025-01-22 05:00:00+00:00,2024-12-18 05:00:00+00:00,2025-01-21 05:00:00+00:00,10.989455809261136,227.91,246.75,만기,20.0,6.261517183721764,6.779120552337964,194.00070971042078,8.266420955640385,AVGO@2024-12-19 05:00:00+00:00,⓪운영설정,B,B+C
LULU,2024-12-19 05:00:00+00:00,2025-01-22 05:00:00+00:00,2024-12-18 05:00:00+00:00,2025-01-21 05:00:00+00:00,6.634402875247205,375.0,371.99,만기,20.0,6.219752695544255,6.169828813908019,-32.35913416394624,-0.8026666666666626,LULU@2024-12-19 05:00:00+00:00,⓪운영설정,B,B+C
MRVL,2024-12-19 05:00:00+00:00,2025-01-22 05:00:00+00:00,2024-12-18 05:00:00+00:00,2025-01-21 05:00:00+00:00,23.074976845860423,107.715,124.8,만기,20.0,6.213802827379639,7.199392775908453,380.822783808238,15.861300654504928,MRVL@2024-12-19 05:00:00+00:00,⓪운영설정,B,B+C
DDOG,2024-12-19 05:00:00+00:00,2025-01-22 05:00:00+00:00,2024-12-18 05:00:00+00:00,2025-01-21 05:00:00+00:00,16.540915500352938,150.5,139.99,만기,20.0,6.223519457007793,5.78890690223602,-185.8574482679528,-6.983388704318926,DDOG@2024-12-19 05:00:00+00:00,⓪운영설정,B,B+C
AAPL,2024-12-19 05:00:00+00:00,2025-01-22 05:00:00+00:00,2024-12-18 05:00:00+00:00,2025-01-21 05:00:00+00:00,10.018751561867594,247.5,219.79,만기,20.0,6.199102528905574,5.505053514457196,-289.32376182271355,-11.195959595959604,AAPL@2024-12-19 05:00:00+00:00,⓪운영설정,B,B+C
ASML,2024-12-19 05:00:00+00:00,2025-01-22 05:00:00+00:00,2024-12-18 05:00:00+00:00,2025-01-21 05:00:00+00:00,3.458256517374754,717.745,777.75,만기,20.0,6.205365810157858,6.724147515970538,194.58316899894407,8.360211495726189,ASML@2024-12-19 05:00:00+00:00,⓪운영설정,B,B+C
AMZN,2024-12-19 05:00:00+00:00,2025-01-22 05:00:00+00:00,2024-12-18 05:00:00+00:00,2025-01-21 05:00:00+00:00,0.1744062036551391,224.91,232.02,만기,20.0,0.09806424816019334,0.10116431843016344,1.040799541397682,3.161264505802319,AMZN@2024-12-19 05:00:00+00:00,⓪운영설정,B,B
TSLA,2024-12-31 05:00:00+00:00,2025-01-31 05:00:00+00:00,2024-12-30 05:00:00+00:00,2025-01-30 05:00:00+00:00,0.0848708854988575,423.79,401.53,만기,20.0,0.08991858141390205,0.08519551663589063,-2.0643400092543587,-5.2526015243398945,TSLA@2024-12-31 05:00:00+00:00,⓪운영설정,B,B
PLTR,2025-01-02 05:00:00+00:00,2025-02-03 05:00:00+00:00,2024-12-31 05:00:00+00:00,2025-01-31 05:00:00+00:00,0.41104345921805924,76.2,80.125,만기,20.0,0.0783037789810403,0.0823371429246175,1.4527046555252312,5.150918635170609,PLTR@2025-01-02 05:00:00+00:00,⓪운영설정,B,B
CEG,2025-01-22 05:00:00+00:00,2025-02-20 05:00:00+00:00,2025-01-21 05:00:00+00:00,2025-02-19 05:00:00+00:00,7.7315985010301596,329.0,317.49,만기,20.0,6.359239767097306,6.1367630202301635,-101.48670153418425,-3.498480243161095,CEG@2025-01-22 05:00:00+00:00,⓪운영설정,B,B
KLAC,2025-01-22 05:00:00+00:00,2025-02-20 05:00:00+00:00,2025-01-21 05:00:00+00:00,2025-02-19 05:00:00+00:00,32.93108850998527,77.336,78.0,만기,20.0,6.366896652520552,6.421562259447128,9.07778385866277,0.8585910830660959,KLAC@2025-01-22 05:00:00+00:00,⓪운영설정,B,B
BKR,2025-01-22 05:00:00+00:00,2025-02-20 05:00:00+00:00,2025-01-21 05:00:00+00:00,2025-02-19 05:00:00+00:00,54.104837226401905,47.04,46.76,만기,20.0,6.362728857824863,6.324855471766382,-27.836938752983315,-0.5952380952380931,BKR@2025-01-22 05:00:00+00:00,⓪운영설정,B,B+C
AMAT,2025-01-22 05:00:00+00:00,2025-02-20 05:00:00+00:00,2025-01-21 05:00:00+00:00,2025-02-19 05:00:00+00:00,12.875305804792356,196.825,175.14,만기,20.0,6.335455162570638,5.637452646628333,-291.17391418612124,-11.017401244760572,AMAT@2025-01-22 05:00:00+00:00,⓪운영설정,B,B+C
ISRG,2025-01-22 05:00:00+00:00,2025-02-20 05:00:00+00:00,2025-01-21 05:00:00+00:00,2025-02-19 05:00:00+00:00,4.1621656936093165,608.025,607.15,만기,20.0,6.326751989642012,6.317647252187242,-16.28629422373706,-0.14390855639159206,ISRG@2025-01-22 05:00:00+00:00,⓪운영설정,B,B+C
DXCM,2025-01-22 05:00:00+00:00,2025-02-20 05:00:00+00:00,2025-01-21 05:00:00+00:00,2025-02-19 05:00:00+00:00,29.159850370727487,85.85,89.45,만기,20.0,6.2584328858173865,6.5208715391539345,92.19615690964793,4.19336051252186,DXCM@2025-01-22 05:00:00+00:00,⓪운영설정,B,B+C
ARM,2025-01-24 05:00:00+00:00,2025-02-24 05:00:00+00:00,2025-01-23 05:00:00+00:00,2025-02-21 05:00:00+00:00,0.06907078823261771,166.5,145.055,만기,20.0,0.028750715601827126,0.02504765796770591,-1.5350214272180196,-12.879879879879875,ARM@2025-01-24 05:00:00+00:00,⓪운영설정,B,B
MU,2025-01-27 05:00:00+00:00,2025-02-25 05:00:00+00:00,2025-01-24 05:00:00+00:00,2025-02-24 05:00:00+00:00,1.11834923799069,94.86,95.5,만기,20.0,0.2652165217894921,0.26700588057027724,0.18352110995429882,0.6746784735399469,MU@2025-01-27 05:00:00+00:00,⓪운영설정,B,B+C
SMCI,2025-02-20 05:00:00+00:00,2025-03-20 04:00:00+00:00,2025-02-19 05:00:00+00:00,2025-03-19 04:00:00+00:00,43.60573486021022,57.21,39.81,만기,20.0,6.2367102283815665,4.339860761962422,-769.3163575580018,-30.414263240692186,SMCI@2025-02-20 05:00:00+00:00,⓪운영설정,B,B+C
PLTR,2025-02-20 05:00:00+00:00,2025-03-20 04:00:00+00:00,2025-02-19 05:00:00+00:00,2025-03-19 04:00:00+00:00,24.3629529530421,102.91,85.54,만기,20.0,6.267978720993906,5.210017489008053,-434.66248900434266,-16.878826158779503,PLTR@2025-02-20 05:00:00+00:00,⓪운영설정,B,B
APP,2025-02-20 05:00:00+00:00,2025-03-20 04:00:00+00:00,2025-02-19 05:00:00+00:00,2025-03-19 04:00:00+00:00,5.1512588078366,488.91,293.82,만기,20.0,6.296254859348481,3.7838571572963744,-1015.039192837487,-39.90304964103824,APP@2025-02-20 05:00:00+00:00,⓪운영설정,B,B+C
CRWD,2025-02-20 05:00:00+00:00,2025-03-20 04:00:00+00:00,2025-02-19 05:00:00+00:00,2025-03-19 04:00:00+00:00,22.516086370118437,110.48,92.82,만기,20.0,6.218943055426713,5.224857842185982,-409.07788619390476,-15.98479362780595,CRWD@2025-02-20 05:00:00+00:00,⓪운영설정,B,B+C
SHOP,2025-02-20 05:00:00+00:00,2025-03-20 04:00:00+00:00,2025-02-19 05:00:00+00:00,2025-03-19 04:00:00+00:00,19.556962299114893,126.9,98.46,만기,20.0,6.2044462893942,4.813946269927131,-567.2184003461489,-22.411347517730505,SHOP@2025-02-20 05:00:00+00:00,⓪운영설정,B,B+C
TMUS,2025-02-20 05:00:00+00:00,2025-03-20 04:00:00+00:00,2025-02-19 05:00:00+00:00,2025-03-19 04:00:00+00:00,9.006799811070353,263.0,258.33,만기,20.0,5.921970875778757,5.816816487984511,-53.800542481461434,-1.7756653992395455,TMUS@2025-02-20 05:00:00+00:00,⓪운영설정,B,B+C
PDD,2025-02-21 05:00:00+00:00,2025-03-21 04:00:00+00:00,2025-02-20 05:00:00+00:00,2025-03-20 04:00:00+00:00,0.5827493593508014,128.435,127.465,만기,20.0,0.18711353492055047,0.18570036772412477,-0.9380807812149499,-0.7552458442013466,PDD@2025-02-21 05:00:00+00:00,⓪운영설정,B,B+C
MELI,2025-02-24 05:00:00+00:00,2025-03-24 04:00:00+00:00,2025-02-21 05:00:00+00:00,2025-03-21 04:00:00+00:00,0.02833074333387105,2280.18,2114.4,만기,20.0,0.16149798583756522,0.1497563092628424,-5.007924924989531,-7.2704786464226405,MELI@2025-02-24 05:00:00+00:00,⓪운영설정,B,B+C
GILD,2025-02-25 05:00:00+00:00,2025-03-25 04:00:00+00:00,2025-02-24 05:00:00+00:00,2025-03-24 04:00:00+00:00,1.5347197071065524,111.1,106.74,만기,20.0,0.4262683986488449,0.4095399538413835,-7.527186275474776,-3.924392439243929,GILD@2025-02-25 05:00:00+00:00,⓪운영설정,B,B+C
INTC,2025-02-27 05:00:00+00:00,2025-03-27 04:00:00+00:00,2025-02-26 05:00:00+00:00,2025-03-26 04:00:00+00:00,2.2582653374661668,23.7,23.285,만기,20.0,0.13380222124487037,0.13145927095724924,-1.2024416072505701,-1.751054852320677,INTC@2025-02-27 05:00:00+00:00,⓪운영설정,B,B
MNST,2025-03-20 04:00:00+00:00,2025-04-17 04:00:00+00:00,2025-03-19 04:00:00+00:00,2025-04-16 04:00:00+00:00,70.55629320511858,28.42,29.23,만기,20.0,5.013024632223675,5.15590112596404,46.98167173795855,2.850105559465166,MNST@2025-03-20 04:00:00+00:00,⓪운영설정,B,B
EA,2025-03-20 04:00:00+00:00,2025-04-17 04:00:00+00:00,2025-03-19 04:00:00+00:00,2025-04-16 04:00:00+00:00,14.175929072633961,141.41,143.27,만기,20.0,5.011545325402921,5.077463395590669,16.278219354106113,1.3153242344954519,EA@2025-03-20 04:00:00+00:00,⓪운영설정,B,B+C
VRTX,2025-03-20 04:00:00+00:00,2025-04-17 04:00:00+00:00,2025-03-19 04:00:00+00:00,2025-04-16 04:00:00+00:00,3.9368832181625746,509.99,492.23,만기,20.0,5.019427681076829,4.844630066190411,-79.7831037018343,-3.4824212239455643,VRTX@2025-03-20 04:00:00+00:00,⓪운영설정,B,B+C
AMGN,2025-03-20 04:00:00+00:00,2025-04-17 04:00:00+00:00,2025-03-19 04:00:00+00:00,2025-04-16 04:00:00+00:00,6.388579477164856,314.175,277.04,만기,20.0,5.017829893095672,4.42473014588438,-246.6824589234966,-11.819845627436932,AMGN@2025-03-20 04:00:00+00:00,⓪운영설정,B,B+C
EXC,2025-03-20 04:00:00+00:00,2025-04-17 04:00:00+00:00,2025-03-19 04:00:00+00:00,2025-04-16 04:00:00+00:00,45.19212002268474,44.415,46.88,만기,20.0,5.018020027018856,5.296516466658652,101.0840393622409,5.549926826522578,EXC@2025-03-20 04:00:00+00:00,⓪운영설정,B,B+C
INTU,2025-03-20 04:00:00+00:00,2025-04-17 04:00:00+00:00,2025-03-19 04:00:00+00:00,2025-04-16 04:00:00+00:00,2.749274673319833,599.11,592.0,만기,20.0,4.117794873831612,4.068926516513352,-27.734064317648972,-1.1867603612024546,INTU@2025-03-20 04:00:00+00:00,⓪운영설정,B,B+C
BIIB,2025-03-21 04:00:00+00:00,2025-04-21 04:00:00+00:00,2025-03-20 04:00:00+00:00,2025-04-17 04:00:00+00:00,0.5344707584570569,141.24,117.97,만기,20.0,0.18872162481118682,0.15762878843794753,-12.783484962544847,-16.47550269045597,BIIB@2025-03-21 04:00:00+00:00,⓪운영설정,B,B
AXON,2025-03-24 04:00:00+00:00,2025-04-22 04:00:00+00:00,2025-03-21 04:00:00+00:00,2025-04-21 04:00:00+00:00,0.09380571054795375,571.99,551.32,만기,20.0,0.13413982094081017,0.12929241084824467,-2.2023962688152565,-3.6136995402017424,AXON@2025-03-24 04:00:00+00:00,⓪운영설정,B,B
MSTR,2025-03-25 04:00:00+00:00,2025-04-23 04:00:00+00:00,2025-03-24 04:00:00+00:00,2025-04-22 04:00:00+00:00,0.5133135008449482,333.48,354.7,만기,20.0,0.4279494656544333,0.4551807468742578,10.009382275401123,6.363200191915541,MSTR@2025-03-25 04:00:00+00:00,⓪운영설정,B,B+C
CHTR,2025-03-27 04:00:00+00:00,2025-04-25 04:00:00+00:00,2025-03-26 04:00:00+00:00,2025-04-24 04:00:00+00:00,0.12168524340336473,385.86,359.5,만기,20.0,0.11738367004905578,0.10936461250877405,-3.434371298670513,-6.831493287720935,CHTR@2025-03-27 04:00:00+00:00,⓪운영설정,B,B
DLTR,2025-04-17 04:00:00+00:00,2025-05-16 04:00:00+00:00,2025-04-16 04:00:00+00:00,2025-05-15 04:00:00+00:00,26.80877397866389,73.57,86.73,만기,20.0,4.930803754025756,5.812812417923798,342.0598493872674,17.88772597526167,DLTR@2025-04-17 04:00:00+00:00,⓪운영설정,B,B+C
CPRT,2025-04-17 04:00:00+00:00,2025-05-16 04:00:00+00:00,2025-04-16 04:00:00+00:00,2025-05-15 04:00:00+00:00,33.43270622003672,59.64,63.48,만기,20.0,4.984816497407476,5.305770477119827,118.09100491041386,6.438631790744465,CPRT@2025-04-17 04:00:00+00:00,⓪운영설정,B,B+C
ROST,2025-04-17 04:00:00+00:00,2025-05-16 04:00:00+00:00,2025-04-16 04:00:00+00:00,2025-05-15 04:00:00+00:00,14.298693329963998,139.41,152.045,만기,20.0,4.9834520928257025,5.43511206838594,170.2454260628831,9.06319489276235,ROST@2025-04-17 04:00:00+00:00,⓪운영설정,B,B
PLTR,2025-04-17 04:00:00+00:00,2025-05-16 04:00:00+00:00,2025-04-16 04:00:00+00:00,2025-05-15 04:00:00+00:00,21.044302223946755,94.71,129.23,만기,20.0,4.982764659074992,6.798887941001598,714.6676601705658,36.448104740787656,PLTR@2025-04-17 04:00:00+00:00,⓪운영설정,B,B+C
COST,2025-04-17 04:00:00+00:00,2025-05-16 04:00:00+00:00,2025-04-16 04:00:00+00:00,2025-05-15 04:00:00+00:00,2.0440594421372222,973.275,1012.49,만기,20.0,4.973579883865263,5.173974361423791,70.01023677812282,4.029179830983032,COST@2025-04-17 04:00:00+00:00,⓪운영설정,B,B+C
TRI,2025-04-17 04:00:00+00:00,2025-05-16 04:00:00+00:00,2025-04-16 04:00:00+00:00,2025-05-15 04:00:00+00:00,8.616162820660314,180.75,190.91,만기,20.0,3.89342857458588,4.112279110230651,79.53450657309236,5.621023513139689,TRI@2025-04-17 04:00:00+00:00,⓪운영설정,B,B+C
FAST,2025-04-21 04:00:00+00:00,2025-05-19 04:00:00+00:00,2025-04-17 04:00:00+00:00,2025-05-16 04:00:00+00:00,2.1090923683387186,40.53,41.29,만기,20.0,0.21370378422192068,0.21771105972176422,1.1714953559937271,1.87515420676041,FAST@2025-04-21 04:00:00+00:00,⓪운영설정,B,B
EXC,2025-04-22 04:00:00+00:00,2025-05-20 04:00:00+00:00,2025-04-21 04:00:00+00:00,2025-05-19 04:00:00+00:00,0.4564668077830947,46.75,44.31,만기,20.0,0.05334955815964919,0.05056511063217232,-1.2176936797825668,-5.21925133689839,EXC@2025-04-22 04:00:00+00:00,⓪운영설정,B,B
CCEP,2025-04-23 04:00:00+00:00,2025-05-21 04:00:00+00:00,2025-04-22 04:00:00+00:00,2025-05-20 04:00:00+00:00,1.7824227328654394,90.47,88.49,만기,20.0,0.40313946160584074,0.3943164690781568,-4.326652941757544,-2.188570796949274,CCEP@2025-04-23 04:00:00+00:00,⓪운영설정,B,B+C
NFLX,2025-04-25 04:00:00+00:00,2025-05-23 04:00:00+00:00,2025-04-24 04:00:00+00:00,2025-05-22 04:00:00+00:00,0.22491413031385854,109.704,118.4,만기,20.0,0.06168494937987884,0.06657458257290214,1.8275937452565394,7.926784802741937,NFLX@2025-04-25 04:00:00+00:00,⓪운영설정,B,B
MCHP,2025-05-16 04:00:00+00:00,2025-06-16 04:00:00+00:00,2025-05-15 04:00:00+00:00,2025-06-13 04:00:00+00:00,36.23987119124672,60.67,66.75,만기,20.0,5.496682462932347,6.047528505039296,208.79420587480809,10.021427394099213,MCHP@2025-05-16 04:00:00+00:00,⓪운영설정,B,B+C
APP,2025-05-16 04:00:00+00:00,2025-06-16 04:00:00+00:00,2025-05-15 04:00:00+00:00,2025-06-13 04:00:00+00:00,5.959970341256542,369.26,367.79,만기,20.0,5.501946620530977,5.48004372952686,-19.743146751704444,-0.3980934842658157,APP@2025-05-16 04:00:00+00:00,⓪운영설정,B,B+C
TSLA,2025-05-16 04:00:00+00:00,2025-06-16 04:00:00+00:00,2025-05-15 04:00:00+00:00,2025-06-13 04:00:00+00:00,6.336022390954274,346.24,331.29,만기,20.0,5.484460981610019,5.247652144748104,-105.45564787112426,-4.317814232902029,TSLA@2025-05-16 04:00:00+00:00,⓪운영설정,B,B+C
CEG,2025-05-16 04:00:00+00:00,2025-06-16 04:00:00+00:00,2025-05-15 04:00:00+00:00,2025-06-13 04:00:00+00:00,7.664291913503521,286.59,300.0,만기,20.0,5.491273548727435,5.748218935127641,91.53866207622741,4.679158379566628,CEG@2025-05-16 04:00:00+00:00,⓪운영설정,B,B+C
SMCI,2025-05-16 04:00:00+00:00,2025-06-16 04:00:00+00:00,2025-05-15 04:00:00+00:00,2025-06-13 04:00:00+00:00,48.37104794853785,45.5,42.28,만기,20.0,5.5022067041461815,5.112819768160451,-166.36980086659833,-7.0769230769230695,SMCI@2025-05-16 04:00:00+00:00,⓪운영설정,B,B+C
MU,2025-05-16 04:00:00+00:00,2025-06-16 04:00:00+00:00,2025-05-15 04:00:00+00:00,2025-06-13 04:00:00+00:00,19.87701117536063,95.9,117.81,만기,20.0,4.765513429292711,5.854276716423089,424.8855247064357,22.846715328467138,MU@2025-05-16 04:00:00+00:00,⓪운영설정,B,B+C
PLTR,2025-05-19 04:00:00+00:00,2025-06-17 04:00:00+00:00,2025-05-16 04:00:00+00:00,2025-06-16 04:00:00+00:00,0.7086187970915966,124.715,141.485,만기,20.0,0.22093848319819617,0.2506473262662614,11.411951417761628,13.446658381108945,PLTR@2025-05-19 04:00:00+00:00,⓪운영설정,B,B
NVDA,2025-05-20 04:00:00+00:00,2025-06-18 04:00:00+00:00,2025-05-19 04:00:00+00:00,2025-06-17 04:00:00+00:00,0.25892098353322884,134.29,144.005,만기,20.0,0.08692624719669326,0.09321479058425654,2.3352763172443645,7.234343584779213,NVDA@2025-05-20 04:00:00+00:00,⓪운영설정,B,B+C
AVGO,2025-05-21 04:00:00+00:00,2025-06-20 04:00:00+00:00,2025-05-20 04:00:00+00:00,2025-06-18 04:00:00+00:00,0.8124578892729526,228.39,253.21,만기,20.0,0.4638931433276241,0.5143061553570109,19.18700551307009,10.86737597968388,AVGO@2025-05-21 04:00:00+00:00,⓪운영설정,B,B+C
AXON,2025-05-23 04:00:00+00:00,2025-06-24 04:00:00+00:00,2025-05-22 04:00:00+00:00,2025-06-23 04:00:00+00:00,0.057589765701138405,717.98,785.0,만기,20.0,0.1033707499452584,0.11301991518848413,3.643275432156557,9.334521852976408,AXON@2025-05-23 04:00:00+00:00,⓪운영설정,B,B
ZS,2025-06-16 04:00:00+00:00,2025-07-16 04:00:00+00:00,2025-06-13 04:00:00+00:00,2025-07-15 04:00:00+00:00,7.461956757984427,304.06,289.825,만기,20.0,5.672206429581862,5.406654043457092,-117.29981492294701,-4.6816417812273965,ZS@2025-06-16 04:00:00+00:00,⓪운영설정,B,B
ON,2025-06-16 04:00:00+00:00,2025-07-16 04:00:00+00:00,2025-06-13 04:00:00+00:00,2025-07-15 04:00:00+00:00,43.31180959742349,52.39,59.08,만기,20.0,5.672764262022541,6.39715427753945,277.68608766720126,12.769612521473551,ON@2025-06-16 04:00:00+00:00,⓪운영설정,B,B+C
INTU,2025-06-16 04:00:00+00:00,2025-07-16 04:00:00+00:00,2025-06-13 04:00:00+00:00,2025-07-15 04:00:00+00:00,2.9900934098252563,761.82,751.8,만기,20.0,5.694782403682693,5.61988056376657,-41.27539893389803,-1.3152713239347968,INTU@2025-06-16 04:00:00+00:00,⓪운영설정,B,B+C
MRNA,2025-06-16 04:00:00+00:00,2025-07-16 04:00:00+00:00,2025-06-13 04:00:00+00:00,2025-07-15 04:00:00+00:00,85.66077664107752,26.615,31.7,만기,20.0,5.699653925755695,6.788616548805393,423.09677874531826,19.105767424384744,MRNA@2025-06-16 04:00:00+00:00,⓪운영설정,B,B+C
CRWD,2025-06-16 04:00:00+00:00,2025-07-16 04:00:00+00:00,2025-06-13 04:00:00+00:00,2025-07-15 04:00:00+00:00,18.853779294864545,120.46,118.955,만기,20.0,5.677815634648457,5.6068782900515295,-39.65963176347077,-1.2493773866843694,CRWD@2025-06-16 04:00:00+00:00,⓪운영설정,B,B+C
DASH,2025-06-16 04:00:00+00:00,2025-07-16 04:00:00+00:00,2025-06-13 04:00:00+00:00,2025-07-15 04:00:00+00:00,8.455228250307957,220.0,236.94,만기,20.0,4.650375537669377,5.008454454069919,133.5727365684777,7.699999999999996,DASH@2025-06-16 04:00:00+00:00,⓪운영설정,B,B+C
MU,2025-06-17 04:00:00+00:00,2025-07-17 04:00:00+00:00,2025-06-16 04:00:00+00:00,2025-07-16 04:00:00+00:00,0.8546642733250522,119.6,113.93,만기,20.0,0.2555446177241906,0.24342975164980804,-5.34492079912701,-4.740802675585276,MU@2025-06-17 04:00:00+00:00,⓪운영설정,B,A+B
WBD,2025-06-18 04:00:00+00:00,2025-07-18 04:00:00+00:00,2025-06-17 04:00:00+00:00,2025-07-17 04:00:00+00:00,4.508295710573828,10.58,12.97,만기,20.0,0.11924442154467775,0.1461814884153564,10.509400838311421,22.589792060491497,WBD@2025-06-18 04:00:00+00:00,⓪운영설정,B,B
MRVL,2025-06-20 04:00:00+00:00,2025-07-21 04:00:00+00:00,2025-06-18 04:00:00+00:00,2025-07-18 04:00:00+00:00,2.6209563585749787,77.06,73.485,만기,20.0,0.5049272424794696,0.4815024450247058,-10.356348669409698,-4.639242148974832,MRVL@2025-06-20 04:00:00+00:00,⓪운영설정,B,B+C
MCHP,2025-06-24 04:00:00+00:00,2025-07-23 04:00:00+00:00,2025-06-23 04:00:00+00:00,2025-07-22 04:00:00+00:00,0.1468655008553592,69.8,70.7,만기,20.0,0.02562802989926018,0.02595847727618474,0.08059244359438011,1.2893982808023008,MCHP@2025-06-24 04:00:00+00:00,⓪운영설정,B,B
AMD,2025-07-16 04:00:00+00:00,2025-08-13 04:00:00+00:00,2025-07-15 04:00:00+00:00,2025-08-12 04:00:00+00:00,15.211810471341428,155.31,179.91,만기,20.0,5.9063657107600935,6.841892054747591,361.46227982949176,15.83928916360826,AMD@2025-07-16 04:00:00+00:00,⓪운영설정,B,B+C
SMCI,2025-07-16 04:00:00+00:00,2025-08-13 04:00:00+00:00,2025-07-15 04:00:00+00:00,2025-08-12 04:00:00+00:00,44.72654250038826,53.045,46.43,만기,20.0,5.931298617332739,5.191633420732568,-306.9890106781336,-12.470543877839567,SMCI@2025-07-16 04:00:00+00:00,⓪운영설정,B,B+C
NVDA,2025-07-16 04:00:00+00:00,2025-08-13 04:00:00+00:00,2025-07-15 04:00:00+00:00,2025-08-12 04:00:00+00:00,13.87117452771942,171.06,182.615,만기,20.0,5.93200778677921,6.3327113409487055,148.01670254007013,6.75493978720918,NVDA@2025-07-16 04:00:00+00:00,⓪운영설정,B,B+C
SNPS,2025-07-16 04:00:00+00:00,2025-08-13 04:00:00+00:00,2025-07-15 04:00:00+00:00,2025-08-12 04:00:00+00:00,4.167868131070629,569.25,628.75,만기,20.0,5.931397334029889,6.551367718526645,235.5053887461463,10.45234958278436,SNPS@2025-07-16 04:00:00+00:00,⓪운영설정,B,B+C
AMAT,2025-07-16 04:00:00+00:00,2025-08-13 04:00:00+00:00,2025-07-15 04:00:00+00:00,2025-08-12 04:00:00+00:00,12.231378886671052,194.0,189.8,만기,20.0,5.932218760035461,5.803789281725415,-63.1077993657791,-2.1649484536082397,AMAT@2025-07-16 04:00:00+00:00,⓪운영설정,B,B+C
DDOG,2025-07-16 04:00:00+00:00,2025-08-13 04:00:00+00:00,2025-07-15 04:00:00+00:00,2025-08-12 04:00:00+00:00,14.069554057762423,139.5,129.7,만기,20.0,4.906756977644645,4.562052903229465,-147.35043964694592,-7.02508960573478,DDOG@2025-07-16 04:00:00+00:00,⓪운영설정,B,B
MRNA,2025-07-17 04:00:00+00:00,2025-08-14 04:00:00+00:00,2025-07-16 04:00:00+00:00,2025-08-13 04:00:00+00:00,2.6965701611596673,32.19,26.4,만기,20.0,0.2170064837193242,0.17797363063653804,-16.008121347470308,-17.986952469711092,MRNA@2025-07-17 04:00:00+00:00,⓪운영설정,B,A+B
MSTR,2025-07-18 04:00:00+00:00,2025-08-15 04:00:00+00:00,2025-07-17 04:00:00+00:00,2025-08-14 04:00:00+00:00,0.1544540924137223,451.72,372.21,만기,20.0,0.1744250065628166,0.14372339434327894,-12.598793288721154,-17.60161161781636,MSTR@2025-07-18 04:00:00+00:00,⓪운영설정,B,B
WBD,2025-07-21 04:00:00+00:00,2025-08-18 04:00:00+00:00,2025-07-18 04:00:00+00:00,2025-08-15 04:00:00+00:00,14.756399419134867,12.83,11.811,만기,20.0,0.4733115113687509,0.43571958384850484,-15.945802103315657,-7.942322681215897,WBD@2025-07-21 04:00:00+00:00,⓪운영설정,B,B
ON,2025-07-23 04:00:00+00:00,2025-08-20 04:00:00+00:00,2025-07-22 04:00:00+00:00,2025-08-19 04:00:00+00:00,0.09003426146893727,60.41,49.67,만기,20.0,0.01359742433834625,0.011180004417905285,-0.9917453969326369,-17.778513491143844,ON@2025-07-23 04:00:00+00:00,⓪운영설정,B,B
APP,2025-08-13 04:00:00+00:00,2025-09-11 04:00:00+00:00,2025-08-12 04:00:00+00:00,2025-09-10 04:00:00+00:00,5.084860695097943,470.38,568.0,만기,20.0,5.979541934400426,7.220502187039078,483.18405693402156,20.753433394276975,APP@2025-08-13 04:00:00+00:00,⓪운영설정,B,B+C
SHOP,2025-08-13 04:00:00+00:00,2025-09-11 04:00:00+00:00,2025-08-12 04:00:00+00:00,2025-09-10 04:00:00+00:00,15.795735615917556,150.21,142.05,만기,20.0,5.93169361716744,5.6094606106027225,-140.43435685365694,-5.43239464749351,SHOP@2025-08-13 04:00:00+00:00,⓪운영설정,B,B
PLTR,2025-08-13 04:00:00+00:00,2025-09-11 04:00:00+00:00,2025-08-12 04:00:00+00:00,2025-09-10 04:00:00+00:00,12.547652367496509,189.0,167.24,만기,20.0,5.9287657436421,5.246173454850291,-284.21185471521585,-11.513227513227509,PLTR@2025-08-13 04:00:00+00:00,⓪운영설정,B,B
IDXX,2025-08-13 04:00:00+00:00,2025-09-11 04:00:00+00:00,2025-08-12 04:00:00+00:00,2025-09-10 04:00:00+00:00,3.627315652770415,651.15,637.14,만기,20.0,5.904816468253639,5.777769737515355,-62.50127850108265,-2.151577977424557,IDXX@2025-08-13 04:00:00+00:00,⓪운영설정,B,B+C
EA,2025-08-13 04:00:00+00:00,2025-09-11 04:00:00+00:00,2025-08-12 04:00:00+00:00,2025-09-10 04:00:00+00:00,13.318937340446361,177.79,171.09,만기,20.0,5.919934674394896,5.69684247394242,-100.85365732932769,-3.7684909162495006,EA@2025-08-13 04:00:00+00:00,⓪운영설정,B,B+C
ROST,2025-08-13 04:00:00+00:00,2025-09-11 04:00:00+00:00,2025-08-12 04:00:00+00:00,2025-09-10 04:00:00+00:00,14.777897754532773,147.94,149.55,만기,20.0,5.465605484513946,5.525086522975942,12.801723377308463,1.0882790320400293,ROST@2025-08-13 04:00:00+00:00,⓪운영설정,B,B+C
AMD,2025-08-14 04:00:00+00:00,2025-09-12 04:00:00+00:00,2025-08-13 04:00:00+00:00,2025-09-11 04:00:00+00:00,0.5327266101285878,179.83,157.0,만기,20.0,0.23950056574855988,0.20909519447547073,-12.610744269459687,-12.695323360952015,AMD@2025-08-14 04:00:00+00:00,⓪운영설정,B,B
AZN,2025-08-15 04:00:00+00:00,2025-09-15 04:00:00+00:00,2025-08-14 04:00:00+00:00,2025-09-12 04:00:00+00:00,0.4505749683625323,158.328884,157.754096,만기,20.0,0.1783475797479376,0.17770011703564972,-0.61503278169873,-0.36303420164319755,AZN@2025-08-15 04:00:00+00:00,⓪운영설정,B,B+C
TMUS,2025-08-18 04:00:00+00:00,2025-09-16 04:00:00+00:00,2025-08-15 04:00:00+00:00,2025-09-15 04:00:00+00:00,0.7366322868354602,255.61,239.88,만기,20.0,0.47072644709503003,0.44175838241522547,-12.499710701432065,-6.153906341692428,TMUS@2025-08-18 04:00:00+00:00,⓪운영설정,B,B
MU,2025-08-20 04:00:00+00:00,2025-09-18 04:00:00+00:00,2025-08-19 04:00:00+00:00,2025-09-17 04:00:00+00:00,0.38477741253673853,118.7,162.99,만기,20.0,0.11418269717027717,0.15678717617340754,16.770821727908476,37.31255265374895,MU@2025-08-20 04:00:00+00:00,⓪운영설정,B,B
AVGO,2025-09-11 04:00:00+00:00,2025-10-09 04:00:00+00:00,2025-09-10 04:00:00+00:00,2025-10-08 04:00:00+00:00,6.399359586370408,371.18,345.75,만기,20.0,5.938285728172421,5.531446442468921,-174.20544645204063,-6.851123444151086,AVGO@2025-09-11 04:00:00+00:00,⓪운영설정,B,B+C
GOOGL,2025-09-11 04:00:00+00:00,2025-10-09 04:00:00+00:00,2025-09-10 04:00:00+00:00,2025-10-08 04:00:00+00:00,9.8522866739044,239.88,244.47,만기,20.0,5.908416318340469,6.021471307923522,33.29210820695744,1.9134567283641823,GOOGL@2025-09-11 04:00:00+00:00,⓪운영설정,B,B
GOOG,2025-09-11 04:00:00+00:00,2025-10-09 04:00:00+00:00,2025-09-10 04:00:00+00:00,2025-10-08 04:00:00+00:00,9.840946165764523,240.14,245.06,만기,20.0,5.908012030616731,6.029055668455635,36.480387436489764,2.0488048638294343,GOOG@2025-09-11 04:00:00+00:00,⓪운영설정,B,B+C
ADSK,2025-09-11 04:00:00+00:00,2025-10-09 04:00:00+00:00,2025-09-10 04:00:00+00:00,2025-10-08 04:00:00+00:00,7.266213243501228,325.24,310.5,만기,20.0,5.908157988290849,5.6403980302678285,-118.65253922776674,-4.5320378797195975,ADSK@2025-09-11 04:00:00+00:00,⓪운영설정,B,B+C
INTC,2025-09-11 04:00:00+00:00,2025-10-09 04:00:00+00:00,2025-09-10 04:00:00+00:00,2025-10-08 04:00:00+00:00,95.37949869172337,24.76,37.53,만기,20.0,5.903990969017677,8.948981464750945,1203.1432258595387,51.57512116316638,INTC@2025-09-11 04:00:00+00:00,⓪운영설정,B,B
PANW,2025-09-11 04:00:00+00:00,2025-10-09 04:00:00+00:00,2025-09-10 04:00:00+00:00,2025-10-08 04:00:00+00:00,10.327788083610393,198.0,217.0,만기,20.0,5.112255101387145,5.602825035358639,185.51289345185205,9.595959595959602,PANW@2025-09-11 04:00:00+00:00,⓪운영설정,B,B+C
WBD,2025-09-12 04:00:00+00:00,2025-10-10 04:00:00+00:00,2025-09-11 04:00:00+00:00,2025-10-09 04:00:00+00:00,5.313661903343711,17.53,17.72,만기,20.0,0.23287123291403813,0.23539522231812637,0.5413293064031421,1.083856246434678,WBD@2025-09-12 04:00:00+00:00,⓪운영설정,B,A+B
APP,2025-09-15 04:00:00+00:00,2025-10-13 04:00:00+00:00,2025-09-12 04:00:00+00:00,2025-10-10 04:00:00+00:00,0.05757514313572774,578.54,590.0,만기,20.0,0.0832738082743598,0.08492333612519841,0.49161399593589294,1.9808483423791046,APP@2025-09-15 04:00:00+00:00,⓪운영설정,B,A+B
TSLA,2025-09-16 04:00:00+00:00,2025-10-14 04:00:00+00:00,2025-09-15 04:00:00+00:00,2025-10-13 04:00:00+00:00,0.4264069164455816,414.495,426.79,만기,20.0,0.4418588370802784,0.4549655196745245,4.3458486809436465,2.966260147890809,TSLA@2025-09-16 04:00:00+00:00,⓪운영설정,B,B
LRCX,2025-09-18 04:00:00+00:00,2025-10-16 04:00:00+00:00,2025-09-17 04:00:00+00:00,2025-10-15 04:00:00+00:00,0.08917521891430182,126.55,147.58,만기,20.0,0.028212809884012237,0.03290119701843166,1.8142408468653244,16.61793757408141,LRCX@2025-09-18 04:00:00+00:00,⓪운영설정,B,B
AMD,2025-10-09 04:00:00+00:00,2025-11-06 05:00:00+00:00,2025-10-08 04:00:00+00:00,2025-11-05 05:00:00+00:00,10.79791074648331,236.3,253.465,만기,20.0,6.378865773485017,6.842231118393482,172.12504107150744,7.264071096064328,AMD@2025-10-09 04:00:00+00:00,⓪운영설정,B,B+C
MU,2025-10-09 04:00:00+00:00,2025-11-06 05:00:00+00:00,2025-10-08 04:00:00+00:00,2025-11-05 05:00:00+00:00,13.189347849016292,192.965,237.84,만기,20.0,6.3627062692135725,7.842386231025088,577.6668922243675,23.255512657735867,MU@2025-10-09 04:00:00+00:00,⓪운영설정,B,B
MRVL,2025-10-09 04:00:00+00:00,2025-11-06 05:00:00+00:00,2025-10-08 04:00:00+00:00,2025-11-05 05:00:00+00:00,27.65800880257092,91.94,96.21,만기,20.0,6.357193323270925,6.65244256723837,105.09006169646909,4.644333260822275,MRVL@2025-10-09 04:00:00+00:00,⓪운영설정,B,B+C
SMCI,2025-10-09 04:00:00+00:00,2025-11-06 05:00:00+00:00,2025-10-08 04:00:00+00:00,2025-11-05 05:00:00+00:00,44.017209794695376,57.63,42.5,만기,20.0,6.341779501170737,4.676828540686384,-676.998992235598,-26.253687315634224,SMCI@2025-10-09 04:00:00+00:00,⓪운영설정,B,B+C
AMAT,2025-10-09 04:00:00+00:00,2025-11-06 05:00:00+00:00,2025-10-08 04:00:00+00:00,2025-11-05 05:00:00+00:00,11.696166112637812,217.0,240.77,만기,20.0,6.345170116106013,7.040214787349515,264.63248359394584,10.953917050691242,AMAT@2025-10-09 04:00:00+00:00,⓪운영설정,B,B+C
SNPS,2025-10-09 04:00:00+00:00,2025-11-06 05:00:00+00:00,2025-10-08 04:00:00+00:00,2025-11-05 05:00:00+00:00,4.666314127110273,487.5,411.0,만기,20.0,5.6870703424156455,4.794637765605806,-367.45473883195723,-15.692307692307693,SNPS@2025-10-09 04:00:00+00:00,⓪운영설정,B,B+C
INTC,2025-10-10 04:00:00+00:00,2025-11-07 05:00:00+00:00,2025-10-09 04:00:00+00:00,2025-11-06 05:00:00+00:00,5.202832637797479,38.46,37.26,만기,20.0,0.5002523581242275,0.48464386021083516,-7.2282953836920285,-3.120124804992208,INTC@2025-10-10 04:00:00+00:00,⓪운영설정,B,A+B
DDOG,2025-10-14 04:00:00+00:00,2025-11-11 05:00:00+00:00,2025-10-13 04:00:00+00:00,2025-11-10 05:00:00+00:00,1.1855914199341555,160.63,198.65,만기,20.0,0.47610387446005853,0.5887943389248,44.01128757251175,23.669302122891132,DDOG@2025-10-14 04:00:00+00:00,⓪운영설정,B,B
WBD,2025-11-06 05:00:00+00:00,2025-12-05 05:00:00+00:00,2025-11-05 05:00:00+00:00,2025-12-04 05:00:00+00:00,113.70830882242919,22.57,25.45,만기,20.0,6.415991325305567,7.234691148827056,313.82924693446284,12.760301284891451,WBD@2025-11-06 05:00:00+00:00,⓪운영설정,B,B+C
ISRG,2025-11-06 05:00:00+00:00,2025-12-05 05:00:00+00:00,2025-11-05 05:00:00+00:00,2025-12-04 05:00:00+00:00,4.6850894368018166,547.03,569.5,만기,20.0,6.407211186534243,6.670396085646586,92.19635237275634,4.107635778659313,ISRG@2025-11-06 05:00:00+00:00,⓪운영설정,B,B+C
DLTR,2025-11-06 05:00:00+00:00,2025-12-05 05:00:00+00:00,2025-11-05 05:00:00+00:00,2025-12-04 05:00:00+00:00,24.622384431770506,104.07,115.92,만기,20.0,6.406128869535891,7.135567008327093,278.23355963861786,11.386566733929104,DLTR@2025-11-06 05:00:00+00:00,⓪운영설정,B,B+C
GOOGL,2025-11-06 05:00:00+00:00,2025-12-05 05:00:00+00:00,2025-11-05 05:00:00+00:00,2025-12-04 05:00:00+00:00,8.950185103104413,285.33,319.49,만기,20.0,6.384390788671956,7.1487365964770735,292.20519573689853,11.972102477832692,GOOGL@2025-11-06 05:00:00+00:00,⓪운영설정,B,B+C
GOOG,2025-11-06 05:00:00+00:00,2025-12-05 05:00:00+00:00,2025-11-05 05:00:00+00:00,2025-12-04 05:00:00+00:00,8.931437593341206,285.735,320.0,만기,20.0,6.380060801833374,7.145150074672966,292.51049825933023,11.991880588657322,GOOG@2025-11-06 05:00:00+00:00,⓪운영설정,B,B+C
LRCX,2025-11-06 05:00:00+00:00,2025-12-05 05:00:00+00:00,2025-11-05 05:00:00+00:00,2025-12-04 05:00:00+00:00,13.418783900465739,163.39,159.005,만기,20.0,5.481237753742743,5.334134335233887,-69.65673949251868,-2.683762776179688,LRCX@2025-11-06 05:00:00+00:00,⓪운영설정,B,B
MU,2025-11-07 05:00:00+00:00,2025-12-08 05:00:00+00:00,2025-11-06 05:00:00+00:00,2025-12-05 05:00:00+00:00,0.8175765816282945,234.03,243.49,만기,20.0,0.4783436184961744,0.4976793046516836,6.758251539055834,4.042216809810717,MU@2025-11-07 05:00:00+00:00,⓪운영설정,B,B
KLAC,2025-11-11 05:00:00+00:00,2025-12-10 05:00:00+00:00,2025-11-10 05:00:00+00:00,2025-12-09 05:00:00+00:00,1.6687523831417312,120.31,123.087,만기,20.0,0.5019189980394543,0.5135043114594157,3.6187020584857237,2.308203806832343,KLAC@2025-11-11 05:00:00+00:00,⓪운영설정,B,B
DDOG,2025-11-12 05:00:00+00:00,2025-12-11 05:00:00+00:00,2025-11-11 05:00:00+00:00,2025-12-10 05:00:00+00:00,0.06976662498002671,199.1,150.11,만기,20.0,0.034726337583808296,0.026181670189379527,-3.4787749655446927,-24.60572576594675,DDOG@2025-11-12 05:00:00+00:00,⓪운영설정,B,B
REGN,2025-11-13 05:00:00+00:00,2025-12-12 05:00:00+00:00,2025-11-12 05:00:00+00:00,2025-12-11 05:00:00+00:00,0.05582518991966969,683.0,741.59,만기,20.0,0.095321511787836,0.10349850648131963,3.0719778591242957,8.57833089311859,REGN@2025-11-13 05:00:00+00:00,⓪운영설정,B,A+B
BIIB,2025-12-05 05:00:00+00:00,2026-01-06 05:00:00+00:00,2025-12-04 05:00:00+00:00,2026-01-05 05:00:00+00:00,15.098894601492368,181.96,174.94,만기,20.0,6.868487154218879,6.603501553962688,-119.46622881065741,-3.857990767201591,BIIB@2025-12-05 05:00:00+00:00,⓪운영설정,B,B+C
ADI,2025-12-05 05:00:00+00:00,2026-01-06 05:00:00+00:00,2025-12-04 05:00:00+00:00,2026-01-05 05:00:00+00:00,9.798929369433369,280.12,279.735,만기,20.0,6.862190237414189,6.852758767896108,-17.487536812541748,-0.13744109667285231,ADI@2025-12-05 05:00:00+00:00,⓪운영설정,B,B+C
SNPS,2025-12-05 05:00:00+00:00,2026-01-06 05:00:00+00:00,2025-12-04 05:00:00+00:00,2026-01-05 05:00:00+00:00,5.904694302721867,464.98,495.6,만기,20.0,6.8639118921990345,7.315916241072394,166.62191141607263,6.5852294722353655,SNPS@2025-12-05 05:00:00+00:00,⓪운영설정,B,B+C
AMAT,2025-12-05 05:00:00+00:00,2026-01-06 05:00:00+00:00,2025-12-04 05:00:00+00:00,2026-01-05 05:00:00+00:00,10.178695872597721,269.79,285.43,만기,20.0,6.865275898670348,7.263262907288919,145.0662646414694,5.797101449275366,AMAT@2025-12-05 05:00:00+00:00,⓪운영설정,B,B+C
AZN,2025-12-05 05:00:00+00:00,2026-01-06 05:00:00+00:00,2025-12-04 05:00:00+00:00,2026-01-05 05:00:00+00:00,14.9934560700751,182.903592,186.533832,만기,20.0,6.855892429277349,6.991967039186922,40.581984495365305,1.9847833278200389,AZN@2025-12-05 05:00:00+00:00,⓪운영설정,B,B+C
APP,2025-12-05 05:00:00+00:00,2026-01-06 05:00:00+00:00,2025-12-04 05:00:00+00:00,2026-01-05 05:00:00+00:00,3.3711606936406247,687.445,629.94,만기,20.0,5.793718907599448,5.309072418379939,-204.96138701378277,-8.36503283899075,APP@2025-12-05 05:00:00+00:00,⓪운영설정,B,B+C
DLTR,2025-12-08 05:00:00+00:00,2026-01-07 05:00:00+00:00,2025-12-05 05:00:00+00:00,2026-01-06 05:00:00+00:00,1.5871087382777809,124.65,134.0,만기,20.0,0.49458276056581346,0.5316814273230566,13.813202515008413,7.501002807862012,DLTR@2025-12-08 05:00:00+00:00,⓪운영설정,B,B+C
WBD,2025-12-10 05:00:00+00:00,2026-01-09 05:00:00+00:00,2025-12-09 05:00:00+00:00,2026-01-08 05:00:00+00:00,6.489218606319221,28.975,28.315,만기,20.0,0.4700627727952486,0.45935556209482187,-5.212302615060736,-2.277825711820536,WBD@2025-12-10 05:00:00+00:00,⓪운영설정,B,B
MCHP,2025-12-11 05:00:00+00:00,2026-01-12 05:00:00+00:00,2025-12-10 05:00:00+00:00,2026-01-09 05:00:00+00:00,0.26979197629737584,67.82,75.32,만기,20.0,0.04574322958122007,0.05080182913679587,1.9268947635123048,11.058684753759952,MCHP@2025-12-11 05:00:00+00:00,⓪운영설정,B,B
GFS,2025-12-12 05:00:00+00:00,2026-01-13 05:00:00+00:00,2025-12-11 05:00:00+00:00,2026-01-12 05:00:00+00:00,2.124334739808139,39.95,39.93,만기,20.0,0.2121679321383379,0.21206171540134747,-0.46671634233584314,-0.050062578222787035,GFS@2025-12-12 05:00:00+00:00,⓪운영설정,B,B
MU,2026-01-06 05:00:00+00:00,2026-02-04 05:00:00+00:00,2026-01-05 05:00:00+00:00,2026-02-03 05:00:00+00:00,8.645653431211366,318.28,410.59,만기,20.0,6.8793464352148845,8.874547105802687,782.3263746941038,29.00276486112856,MU@2026-01-06 05:00:00+00:00,⓪운영설정,B,B+C
MRNA,2026-01-06 05:00:00+00:00,2026-02-04 05:00:00+00:00,2026-01-05 05:00:00+00:00,2026-02-03 05:00:00+00:00,85.95564042719423,32.38,42.59,만기,20.0,6.958109092581373,9.152126814485506,861.4968528545869,31.531809759110562,MRNA@2026-01-06 05:00:00+00:00,⓪운영설정,B,B+C
LRCX,2026-01-06 05:00:00+00:00,2026-02-04 05:00:00+00:00,2026-01-05 05:00:00+00:00,2026-02-03 05:00:00+00:00,14.27972716901524,197.79,229.87,만기,20.0,7.06096809189881,8.206202210853833,442.82647727925723,16.21922240760403,LRCX@2026-01-06 05:00:00+00:00,⓪운영설정,B,B+C
LULU,2026-01-06 05:00:00+00:00,2026-02-04 05:00:00+00:00,2026-01-05 05:00:00+00:00,2026-02-03 05:00:00+00:00,13.38476231435826,212.4,173.11,만기,20.0,7.107308788924237,5.792590510596397,-538.7872106306563,-18.49811676082862,LULU@2026-01-06 05:00:00+00:00,⓪운영설정,B,B
ABNB,2026-01-06 05:00:00+00:00,2026-02-04 05:00:00+00:00,2026-01-05 05:00:00+00:00,2026-02-03 05:00:00+00:00,20.954979773577275,135.95,123.15,만기,20.0,7.122073750544575,6.451514397790104,-281.7973292501233,-9.415226186097813,ABNB@2026-01-06 05:00:00+00:00,⓪운영설정,B,B+C
KLAC,2026-01-06 05:00:00+00:00,2026-02-04 05:00:00+00:00,2026-01-05 05:00:00+00:00,2026-02-03 05:00:00+00:00,13.811509446189715,136.931,136.523,만기,20.0,4.72805949994051,4.713971760305396,-15.077127114291216,-0.2979602865677,KLAC@2026-01-06 05:00:00+00:00,⓪운영설정,B,B+C
AXON,2026-01-07 05:00:00+00:00,2026-02-05 05:00:00+00:00,2026-01-06 05:00:00+00:00,2026-02-04 05:00:00+00:00,0.3672626074357113,619.79,426.41,만기,20.0,0.5690642286564488,0.3915111210916542,-71.98181837566591,-31.200890624243684,AXON@2026-01-07 05:00:00+00:00,⓪운영설정,B,B
REGN,2026-01-09 05:00:00+00:00,2026-02-09 05:00:00+00:00,2026-01-08 05:00:00+00:00,2026-02-06 05:00:00+00:00,0.21188124322086574,802.97,783.17,만기,20.0,0.4253357046726464,0.4148475831332135,-5.035431903578996,-2.4658455484015684,REGN@2026-01-09 05:00:00+00:00,⓪운영설정,B,B
MAR,2026-01-12 05:00:00+00:00,2026-02-10 05:00:00+00:00,2026-01-09 05:00:00+00:00,2026-02-09 05:00:00+00:00,0.03746163690258616,325.15,349.91,만기,20.0,0.030451628097189723,0.03277050342145981,0.8643279981893865,7.614946947562684,MAR@2026-01-12 05:00:00+00:00,⓪운영설정,B,B
ASML,2026-01-13 05:00:00+00:00,2026-02-11 05:00:00+00:00,2026-01-12 05:00:00+00:00,2026-02-10 05:00:00+00:00,0.03210001112266843,1282.32,1440.395,만기,20.0,0.10290621565705044,0.11559173880258998,4.8557113037561805,12.32726620500344,ASML@2026-01-13 05:00:00+00:00,⓪운영설정,B,B
TXN,2026-02-04 05:00:00+00:00,2026-03-05 05:00:00+00:00,2026-02-03 05:00:00+00:00,2026-03-04 05:00:00+00:00,13.180140760773039,222.125,200.91,만기,20.0,7.319096916216778,6.620055200617278,-293.55583835663356,-9.550928531232417,TXN@2026-02-04 05:00:00+00:00,⓪운영설정,B,B+C
INTC,2026-02-04 05:00:00+00:00,2026-03-05 05:00:00+00:00,2026-02-03 05:00:00+00:00,2026-03-04 05:00:00+00:00,59.106004279797425,49.54,44.87,만기,20.0,7.320278630052911,6.6302160300862765,-289.97553464679277,-9.426725878078324,INTC@2026-02-04 05:00:00+00:00,⓪운영설정,B,B+C
GILD,2026-02-04 05:00:00+00:00,2026-03-05 05:00:00+00:00,2026-02-03 05:00:00+00:00,2026-03-04 05:00:00+00:00,20.249084118157903,144.14,146.32,만기,20.0,7.2967574619782,7.40711497042216,29.439130945184388,1.5124184820313635,GILD@2026-02-04 05:00:00+00:00,⓪운영설정,B,B+C
BKR,2026-02-04 05:00:00+00:00,2026-03-05 05:00:00+00:00,2026-02-03 05:00:00+00:00,2026-03-04 05:00:00+00:00,50.23094756674717,58.21,60.505,만기,20.0,7.309858644650882,7.5980587063150935,100.37210731471896,3.942621542690272,BKR@2026-02-04 05:00:00+00:00,⓪운영설정,B,B+C
PEP,2026-02-04 05:00:00+00:00,2026-03-05 05:00:00+00:00,2026-02-03 05:00:00+00:00,2026-03-04 05:00:00+00:00,17.769815827693296,164.89,162.16,만기,20.0,7.325162329570868,7.203883336546863,-63.04064287571964,-1.6556492206925788,PEP@2026-02-04 05:00:00+00:00,⓪운영설정,B,B+C
ODFL,2026-02-04 05:00:00+00:00,2026-03-05 05:00:00+00:00,2026-02-03 05:00:00+00:00,2026-03-04 05:00:00+00:00,13.359165164850616,191.45,213.39,만기,20.0,6.3940304270266255,7.126780636318682,279.5792726534778,11.459911203969696,ODFL@2026-02-04 05:00:00+00:00,⓪운영설정,B,B+C
MRNA,2026-02-05 05:00:00+00:00,2026-03-06 05:00:00+00:00,2026-02-04 05:00:00+00:00,2026-03-05 05:00:00+00:00,3.416815509982435,42.03,52.215,만기,20.0,0.3590218897114044,0.44602255463433216,33.99522152482541,24.232690935046406,MRNA@2026-02-05 05:00:00+00:00,⓪운영설정,B,B
MU,2026-02-09 05:00:00+00:00,2026-03-10 04:00:00+00:00,2026-02-06 05:00:00+00:00,2026-03-09 04:00:00+00:00,0.4043391430587406,380.69,394.01,만기,20.0,0.3848196709275799,0.39828416439143594,4.6026935502233925,3.498909874175826,MU@2026-02-09 05:00:00+00:00,⓪운영설정,B,B
CSCO,2026-02-10 05:00:00+00:00,2026-03-11 04:00:00+00:00,2026-02-09 05:00:00+00:00,2026-03-10 04:00:00+00:00,0.4728611191339075,86.97,77.635,만기,20.0,0.10281182882768984,0.09177643245990227,-4.608746808402621,-10.73358629412441,CSCO@2026-02-10 05:00:00+00:00,⓪운영설정,B,B
CHTR,2026-02-12 05:00:00+00:00,2026-03-13 04:00:00+00:00,2026-02-11 05:00:00+00:00,2026-03-12 04:00:00+00:00,0.15521300785920408,242.82,217.6,만기,20.0,0.09422205642092983,0.08443587627540701,-4.09312999090546,-10.386294374433735,CHTR@2026-02-12 05:00:00+00:00,⓪운영설정,B,B
AXON,2026-03-05 05:00:00+00:00,2026-04-02 04:00:00+00:00,2026-03-04 05:00:00+00:00,2026-04-01 04:00:00+00:00,5.113065298410104,566.93,415.0202,만기,20.0,7.2468752740691,5.305063456898052,-789.276665599386,-26.795159896283483,AXON@2026-03-05 05:00:00+00:00,⓪운영설정,B,B+C
NFLX,2026-03-05 05:00:00+00:00,2026-04-02 04:00:00+00:00,2026-03-04 05:00:00+00:00,2026-04-01 04:00:00+00:00,29.445577229312,98.5,95.27,만기,20.0,7.25097339271808,7.013200356591385,-109.3733881999874,-3.2791878172588884,NFLX@2026-03-05 05:00:00+00:00,⓪운영설정,B,B+C
CEG,2026-03-05 05:00:00+00:00,2026-04-02 04:00:00+00:00,2026-03-04 05:00:00+00:00,2026-04-01 04:00:00+00:00,9.138374395201858,317.59,271.26,만기,20.0,7.255640810430394,6.19718859610614,-436.83371513623797,-14.587990805755846,CEG@2026-03-05 05:00:00+00:00,⓪운영설정,B,B+C
ARM,2026-03-05 05:00:00+00:00,2026-04-02 04:00:00+00:00,2026-03-04 05:00:00+00:00,2026-04-01 04:00:00+00:00,23.776794907660932,122.8496,149.77,만기,20.0,7.302424359220456,8.902626433300945,623.8757788396747,21.913298862999973,ARM@2026-03-05 05:00:00+00:00,⓪운영설정,B,B+C
GFS,2026-03-05 05:00:00+00:00,2026-04-02 04:00:00+00:00,2026-03-04 05:00:00+00:00,2026-04-01 04:00:00+00:00,61.13678418073231,47.63,42.96,만기,20.0,7.279862576320701,6.566090621010651,-299.3547353213512,-9.804744908671005,GFS@2026-03-05 05:00:00+00:00,⓪운영설정,B,B+C
TRI,2026-03-05 05:00:00+00:00,2026-04-02 04:00:00+00:00,2026-03-04 05:00:00+00:00,2026-04-01 04:00:00+00:00,23.220839306776224,104.6,87.94,만기,20.0,6.072249478721982,5.105101521594753,-398.03653385120833,-15.92734225621415,TRI@2026-03-05 05:00:00+00:00,⓪운영설정,B,B
APP,2026-03-06 05:00:00+00:00,2026-04-06 04:00:00+00:00,2026-03-05 05:00:00+00:00,2026-04-02 04:00:00+00:00,0.3906772526353034,507.03,391.01,만기,20.0,0.4952127185091947,0.38189678138232497,-46.2034843506394,-22.882275210539802,APP@2026-03-06 05:00:00+00:00,⓪운영설정,B,공통
MRNA,2026-03-10 04:00:00+00:00,2026-04-08 04:00:00+00:00,2026-03-09 04:00:00+00:00,2026-04-07 04:00:00+00:00,3.5186727978520853,55.215,51.99,만기,20.0,0.4857087963335073,0.4573394969008248,-12.290768066307294,-5.840804129312693,MRNA@2026-03-10 04:00:00+00:00,⓪운영설정,B,B
VRSK,2026-03-11 04:00:00+00:00,2026-04-09 04:00:00+00:00,2026-03-10 04:00:00+00:00,2026-04-08 04:00:00+00:00,0.40360713446584945,203.38,173.87,만기,20.0,0.20521404751916117,0.17543793117394313,-12.291098516780323,-14.509784639590906,VRSK@2026-03-11 04:00:00+00:00,⓪운영설정,B,B+C
PLTR,2026-03-13 04:00:00+00:00,2026-04-13 04:00:00+00:00,2026-03-12 04:00:00+00:00,2026-04-10 04:00:00+00:00,0.5441683678848175,153.3,130.23,만기,20.0,0.2085525269918563,0.17716761637409945,-12.939684390468685,-15.048923679060678,PLTR@2026-03-13 04:00:00+00:00,⓪운영설정,B,B
MRVL,2026-04-02 04:00:00+00:00,2026-05-01 04:00:00+00:00,2026-04-01 04:00:00+00:00,2026-04-30 04:00:00+00:00,26.142545871290498,102.3,162.35,만기,20.0,6.685956106582545,10.610605805510032,1552.5633176589017,58.699902248289334,MRVL@2026-04-02 04:00:00+00:00,⓪운영설정,B,B+C
INTC,2026-04-02 04:00:00+00:00,2026-05-01 04:00:00+00:00,2026-04-01 04:00:00+00:00,2026-04-30 04:00:00+00:00,58.44977985279416,46.06,93.2,만기,20.0,6.7304921500492485,13.61879870570104,2734.9733314049668,102.34476769431176,INTC@2026-04-02 04:00:00+00:00,⓪운영설정,B,B+C
AMD,2026-04-02 04:00:00+00:00,2026-05-01 04:00:00+00:00,2026-04-01 04:00:00+00:00,2026-04-30 04:00:00+00:00,13.374029937124117,204.05,351.87,만기,20.0,6.82242702167544,11.764799784939658,1958.3618784990726,72.44302866944376,AMD@2026-04-02 04:00:00+00:00,⓪운영설정,B,B+C
ROST,2026-04-02 04:00:00+00:00,2026-05-01 04:00:00+00:00,2026-04-01 04:00:00+00:00,2026-04-30 04:00:00+00:00,12.627726508064038,218.16,225.61,만기,20.0,6.887162037498126,7.12235344371082,80.06704700386854,3.4149248258159126,ROST@2026-04-02 04:00:00+00:00,⓪운영설정,B,B+C
KLAC,2026-04-02 04:00:00+00:00,2026-05-01 04:00:00+00:00,2026-04-01 04:00:00+00:00,2026-04-30 04:00:00+00:00,18.961146835270043,145.417,173.3,만기,20.0,6.893182723361159,8.214916866380745,513.5855576180934,19.174511920889593,KLAC@2026-04-02 04:00:00+00:00,⓪운영설정,B,B+C
PANW,2026-04-02 04:00:00+00:00,2026-05-01 04:00:00+00:00,2026-04-01 04:00:00+00:00,2026-04-30 04:00:00+00:00,11.843807778649278,159.9,182.0,만기,20.0,4.7345621595150496,5.388932539285422,251.62465720934892,13.821138211382111,PANW@2026-04-02 04:00:00+00:00,⓪운영설정,B,B+C
ARM,2026-04-06 04:00:00+00:00,2026-05-04 04:00:00+00:00,2026-04-02 04:00:00+00:00,2026-05-01 04:00:00+00:00,0.8673404756053101,152.18,212.5,만기,20.0,0.32997968394404026,0.460774627665321,51.527223176902964,39.63727165199104,ARM@2026-04-06 04:00:00+00:00,⓪운영설정,B,A+B
ON,2026-04-08 04:00:00+00:00,2026-05-06 04:00:00+00:00,2026-04-07 04:00:00+00:00,2026-05-05 04:00:00+00:00,0.931413509075561,67.5,102.62,만기,20.0,0.1571760296565009,0.23895413575333518,32.31511227332388,52.029629629629625,ON@2026-04-08 04:00:00+00:00,⓪운영설정,B,B
LRCX,2026-04-09 04:00:00+00:00,2026-05-07 04:00:00+00:00,2026-04-08 04:00:00+00:00,2026-05-06 04:00:00+00:00,0.12289867719387547,248.33,297.03,만기,20.0,0.07629857126888774,0.09126148521724207,5.817605522855608,19.611001489952873,LRCX@2026-04-09 04:00:00+00:00,⓪운영설정,B,B
AMAT,2026-04-13 04:00:00+00:00,2026-05-11 04:00:00+00:00,2026-04-10 04:00:00+00:00,2026-05-08 04:00:00+00:00,0.02116946091687274,397.845,439.245,만기,20.0,0.021055410446183087,0.02324644965107942,0.8321138218612703,10.406062662594717,AMAT@2026-04-13 04:00:00+00:00,⓪운영설정,B,B
NXPI,2026-05-01 04:00:00+00:00,2026-06-01 04:00:00+00:00,2026-04-30 04:00:00+00:00,2026-05-29 04:00:00+00:00,12.851351947627329,291.6,315.0,만기,20.0,9.368635569820324,10.120439658756522,281.2325603459026,8.024691358024683,NXPI@2026-05-01 04:00:00+00:00,⓪운영설정,B,B+C
GFS,2026-05-01 04:00:00+00:00,2026-06-01 04:00:00+00:00,2026-04-30 04:00:00+00:00,2026-05-29 04:00:00+00:00,58.45875041874877,64.2,77.65,만기,20.0,9.382629442209177,11.348304925039606,765.5392587649235,20.950155763239884,GFS@2026-05-01 04:00:00+00:00,⓪운영설정,B,B+C
TXN,2026-05-01 04:00:00+00:00,2026-06-01 04:00:00+00:00,2026-04-30 04:00:00+00:00,2026-05-29 04:00:00+00:00,13.41613075069964,280.1,297.382,만기,20.0,9.394645558177425,9.974289487261402,212.48863658815253,6.169939307390204,TXN@2026-05-01 04:00:00+00:00,⓪운영설정,B,B+C
MCHP,2026-05-01 04:00:00+00:00,2026-06-01 04:00:00+00:00,2026-04-30 04:00:00+00:00,2026-05-29 04:00:00+00:00,40.494551768827215,92.81,92.883,만기,20.0,9.395748374162135,9.403138629859946,-15.842784724897228,0.07865531731494624,MCHP@2026-05-01 04:00:00+00:00,⓪운영설정,B,B+C
QCOM,2026-05-01 04:00:00+00:00,2026-06-01 04:00:00+00:00,2026-04-30 04:00:00+00:00,2026-05-29 04:00:00+00:00,21.011560331212173,179.13,233.33,만기,20.0,9.409502005325091,12.256568430204343,1117.160499516171,30.257354993580087,QCOM@2026-05-01 04:00:00+00:00,⓪운영설정,B,B+C
MU,2026-05-01 04:00:00+00:00,2026-06-01 04:00:00+00:00,2026-04-30 04:00:00+00:00,2026-05-29 04:00:00+00:00,6.605621284209889,511.78,1009.72,만기,20.0,8.451562152082342,16.67456980773102,3264.07693029966,97.29571300168043,MU@2026-05-01 04:00:00+00:00,⓪운영설정,B,B
INTC,2026-05-04 04:00:00+00:00,2026-06-02 04:00:00+00:00,2026-05-01 04:00:00+00:00,2026-06-01 04:00:00+00:00,1.4479592042800464,99.18,107.45,만기,20.0,0.35902148470123757,0.3889580412497275,11.226643093445034,8.338374672312954,INTC@2026-05-04 04:00:00+00:00,⓪운영설정,B,A+B
DDOG,2026-06-01 04:00:00+00:00,2026-06-30 04:00:00+00:00,2026-05-29 04:00:00+00:00,2026-06-29 04:00:00+00:00,18.238849350711412,251.775,246.5,만기,20.0,11.480215738188415,11.23969091237591,-118.9298369755661,-2.095124615231858,DDOG@2026-06-01 04:00:00+00:00,⓪운영설정,B,B+C
SMCI,2026-06-01 04:00:00+00:00,2026-06-30 04:00:00+00:00,2026-05-29 04:00:00+00:00,2026-06-29 04:00:00+00:00,101.75862266410083,45.8,28.42,만기,20.0,11.651362295039544,7.229950140284365,-1787.4461743373954,-37.9475982532751,SMCI@2026-06-01 04:00:00+00:00,⓪운영설정,B,B+C
ARM,2026-06-01 04:00:00+00:00,2026-06-30 04:00:00+00:00,2026-05-29 04:00:00+00:00,2026-06-29 04:00:00+00:00,11.989345709551447,389.95,349.77,만기,20.0,11.688113398598967,10.483783622074522,-503.9038076304505,-10.303885113476085,ARM@2026-06-01 04:00:00+00:00,⓪운영설정,B,B+C
CRWD,2026-06-01 04:00:00+00:00,2026-06-30 04:00:00+00:00,2026-05-29 04:00:00+00:00,2026-06-29 04:00:00+00:00,25.590310254263226,183.9525,184.125,만기,20.0,11.76850386761839,11.779539688915541,-19.133715037673028,0.09377420801566227,CRWD@2026-06-01 04:00:00+00:00,⓪운영설정,B,B+C
FTNT,2026-06-01 04:00:00+00:00,2026-06-30 04:00:00+00:00,2026-05-29 04:00:00+00:00,2026-06-29 04:00:00+00:00,33.64989007865621,141.16,151.04,만기,20.0,11.875046208757778,12.706198493700585,307.8796692746655,6.999149900821755,FTNT@2026-06-01 04:00:00+00:00,⓪운영설정,B,B+C
PANW,2026-06-01 04:00:00+00:00,2026-06-30 04:00:00+00:00,2026-05-29 04:00:00+00:00,2026-06-29 04:00:00+00:00,13.611752753678243,285.425,327.55,만기,20.0,9.712836324296532,11.146324036168272,552.5359243882313,14.758693176841554,PANW@2026-06-01 04:00:00+00:00,⓪운영설정,B,B+C
MU,2026-06-02 04:00:00+00:00,2026-07-01 04:00:00+00:00,2026-06-01 04:00:00+00:00,2026-06-30 04:00:00+00:00,0.12566336993281338,1050.0,1082.01,만기,20.0,0.32986634607363513,0.33992255725250853,3.3526955682232256,3.0485714285714227,MU@2026-06-02 04:00:00+00:00,⓪운영설정,B,B
MRVL,2026-06-03 04:00:00+00:00,2026-07-02 04:00:00+00:00,2026-06-02 04:00:00+00:00,2026-07-01 04:00:00+00:00,0.2997906643721929,317.63,269.5,만기,20.0,0.23805627181134908,0.20198396012076497,-14.86896490816575,-15.152850801246732,MRVL@2026-06-03 04:00:00+00:00,⓪운영설정,B,B
AMD,2026-06-04 04:00:00+00:00,2026-07-06 04:00:00+00:00,2026-06-03 04:00:00+00:00,2026-07-02 04:00:00+00:00,0.09658672772559919,514.75,535.35,만기,20.0,0.12429504524188045,0.1292692617197488,1.7361222841857185,4.001942690626525,AMD@2026-06-04 04:00:00+00:00,⓪운영설정,B,B
CSCO,2026-06-05 04:00:00+00:00,2026-07-07 04:00:00+00:00,2026-06-04 04:00:00+00:00,2026-07-06 04:00:00+00:00,1.4921715057826912,128.66,112.79,만기,20.0,0.4799569648350026,0.42075506034307436,-24.581473821949345,-12.33483600186538,CSCO@2026-06-05 04:00:00+00:00,⓪운영설정,B,B
AMAT,2026-06-30 04:00:00+00:00,2026-07-29 04:00:00+00:00,2026-06-29 04:00:00+00:00,2026-07-28 04:00:00+00:00,6.245467533884156,697.5,463.42,만기,20.0,10.890534012210496,7.235686411381489,-1480.0652607551942,-33.55985663082437,AMAT@2026-06-30 04:00:00+00:00,⓪운영설정,B,B+C
MRNA,2026-06-30 04:00:00+00:00,2026-07-29 04:00:00+00:00,2026-06-29 04:00:00+00:00,2026-07-28 04:00:00+00:00,62.69654812795013,69.835,55.04,만기,20.0,10.946033596288492,8.627045022405937,-947.1685081717155,-21.185651893749547,MRNA@2026-06-30 04:00:00+00:00,⓪운영설정,B,B+C
KLAC,2026-06-30 04:00:00+00:00,2026-07-29 04:00:00+00:00,2026-06-29 04:00:00+00:00,2026-07-28 04:00:00+00:00,15.62225249316051,280.28,177.625,만기,20.0,10.946512321957568,6.937256497744089,-1621.5860985050927,-36.62587412587413,KLAC@2026-06-30 04:00:00+00:00,⓪운영설정,B,B+C
LRCX,2026-06-30 04:00:00+00:00,2026-07-29 04:00:00+00:00,2026-06-29 04:00:00+00:00,2026-07-28 04:00:00+00:00,10.63455654959494,416.29,264.51,만기,20.0,11.067648865077194,7.032366382333394,-1632.2130083449306,-36.4601599846261,LRCX@2026-06-30 04:00:00+00:00,⓪운영설정,B,B+C
ASML,2026-06-30 04:00:00+00:00,2026-07-29 04:00:00+00:00,2026-06-29 04:00:00+00:00,2026-07-28 04:00:00+00:00,2.3244736634171277,1915.495,1569.39,만기,20.0,11.131294199767977,9.120014306575515,-824.7632657833274,-18.06869764734441,ASML@2026-06-30 04:00:00+00:00,⓪운영설정,B,B+C
DASH,2026-06-30 04:00:00+00:00,2026-07-29 04:00:00+00:00,2026-06-29 04:00:00+00:00,2026-07-28 04:00:00+00:00,19.776182685483377,182.02,195.2,만기,20.0,8.99915193102921,9.650777150515887,242.00015871312553,7.240962531589923,DASH@2026-06-30 04:00:00+00:00,⓪운영설정,B,B+C
INTC,2026-07-01 04:00:00+00:00,2026-07-30 04:00:00+00:00,2026-06-30 04:00:00+00:00,2026-07-29 04:00:00+00:00,2.1350379880884938,135.0,86.51,만기,20.0,0.7205753209798667,0.461755340873839,-104.71032270426471,-35.91851851851852,INTC@2026-07-01 04:00:00+00:00,⓪운영설정,B,B
AXON,2026-07-02 04:00:00+00:00,2026-07-31 04:00:00+00:00,2026-07-01 04:00:00+00:00,2026-07-30 04:00:00+00:00,0.2893795695146121,587.055,519.055,만기,20.0,0.4247043079535015,0.37550978113601735,-20.47802481608315,-11.583241774620777,AXON@2026-07-02 04:00:00+00:00,⓪운영설정,B,B+C
PANW,2026-07-06 04:00:00+00:00,2026-08-03 04:00:00+00:00,2026-07-02 04:00:00+00:00,2026-07-31 04:00:00+00:00,0.12452629751940056,338.96,336.49,만기,20.0,0.10552358451794003,0.10475463463075775,-0.5178581740216117,-0.7286995515695005,PANW@2026-07-06 04:00:00+00:00,⓪운영설정,B,B
VRTX,2026-07-07 04:00:00+00:00,2026-08-04 04:00:00+00:00,2026-07-06 04:00:00+00:00,2026-08-03 04:00:00+00:00,0.4938670401954745,530.0,471.29,만기,20.0,0.6543738282590037,0.581886493434313,-30.231194251569605,-11.077358490566036,VRTX@2026-07-07 04:00:00+00:00,⓪운영설정,B,B
PYPL,2026-07-29 04:00:00+00:00,2026-08-26 04:00:00+00:00,2026-07-28 04:00:00+00:00,2026-08-25 04:00:00+00:00,58.363274546002756,58.1,61.825,만기,20.0,8.4772656278069,9.02077362201655,199.90515843403682,6.411359724612731,PYPL@2026-07-29 04:00:00+00:00,⓪운영설정,B,B+C
CTSH,2026-07-29 04:00:00+00:00,2026-08-26 04:00:00+00:00,2026-07-28 04:00:00+00:00,2026-08-25 04:00:00+00:00,64.84077608887114,52.31,61.66,만기,20.0,8.479552493022123,9.995205634099486,587.7864983038235,17.874211431848575,CTSH@2026-07-29 04:00:00+00:00,⓪운영설정,B,B+C
WDAY,2026-07-29 04:00:00+00:00,2026-08-26 04:00:00+00:00,2026-07-28 04:00:00+00:00,2026-08-25 04:00:00+00:00,21.441022906784035,159.79,188.18,만기,20.0,8.565152625687551,10.086929226496549,590.0585584714154,17.76706927842795,WDAY@2026-07-29 04:00:00+00:00,⓪운영설정,B,B+C
CTAS,2026-07-29 04:00:00+00:00,2026-08-26 04:00:00+00:00,2026-07-28 04:00:00+00:00,2026-08-25 04:00:00+00:00,16.05933148167701,214.9,204.88,만기,20.0,8.627875838530974,8.225589584914966,-177.7679668698488,-4.662633783154957,CTAS@2026-07-29 04:00:00+00:00,⓪운영설정,B,B+C
TEAM,2026-07-29 04:00:00+00:00,2026-08-26 04:00:00+00:00,2026-07-28 04:00:00+00:00,2026-08-25 04:00:00+00:00,34.53776096181956,100.0,161.98,만기,20.0,8.63444024045489,13.98606630148883,2118.0299178716323,61.97999999999999,TEAM@2026-07-29 04:00:00+00:00,⓪운영설정,B,B+C
TRI,2026-07-29 04:00:00+00:00,2026-08-26 04:00:00+00:00,2026-07-28 04:00:00+00:00,2026-08-25 04:00:00+00:00,24.781509570656546,103.75,103.145,만기,20.0,6.427704044889042,6.390222011663424,-27.810739346799437,-0.5831325301204893,TRI@2026-07-29 04:00:00+00:00,⓪운영설정,B,B
ADBE,2026-07-30 04:00:00+00:00,2026-08-27 04:00:00+00:00,2026-07-29 04:00:00+00:00,2026-08-26 04:00:00+00:00,1.0785145092340842,251.5,279.16,만기,20.0,0.6781159976809304,0.7526952759944675,28.400900051739484,10.998011928429442,ADBE@2026-07-30 04:00:00+00:00,⓪운영설정,B,B
ROST,2026-07-31 04:00:00+00:00,2026-08-28 04:00:00+00:00,2026-07-30 04:00:00+00:00,2026-08-27 04:00:00+00:00,0.5285456292087191,252.78,231.81,만기,20.0,0.33401441037845003,0.30630540576718296,-11.723921660652465,-8.29575124614289,ROST@2026-07-31 04:00:00+00:00,⓪운영설정,B,B+C
MSFT,2026-08-03 04:00:00+00:00,2026-08-31 04:00:00+00:00,2026-07-31 04:00:00+00:00,2026-08-28 04:00:00+00:00,0.025708548370044156,476.125,510.38,만기,20.0,0.030601206481718185,0.03280282229275784,0.817242295641389,7.1945392491467475,MSFT@2026-08-03 04:00:00+00:00,⓪운영설정,B,B
DXCM,2026-08-04 04:00:00+00:00,2026-09-01 04:00:00+00:00,2026-08-03 04:00:00+00:00,2026-08-31 04:00:00+00:00,1.9139957467644222,87.14,90.83,만기,20.0,0.41696397343262936,0.4346205841965312,6.211059747931586,4.234565067707141,DXCM@2026-08-04 04:00:00+00:00,⓪운영설정,B,B
MRNA,2026-08-26 04:00:00+00:00,,2026-08-25 04:00:00+00:00,,25.20154253466485,154.2,,미청산(표본종료),,9.715194647113298,0.0,,,MRNA@2026-08-26 04:00:00+00:00,⓪운영설정,B,B+C
PLTR,2026-08-26 04:00:00+00:00,,2026-08-25 04:00:00+00:00,,22.670016189475078,170.6,,미청산(표본종료),,9.66876190481112,0.0,,,PLTR@2026-08-26 04:00:00+00:00,⓪운영설정,B,B
MRVL,2026-08-26 04:00:00+00:00,,2026-08-25 04:00:00+00:00,,16.20609591146984,240.0,,미청산(표본종료),,9.723657546881904,0.0,,,MRVL@2026-08-26 04:00:00+00:00,⓪운영설정,B,B+C
SMCI,2026-08-26 04:00:00+00:00,,2026-08-25 04:00:00+00:00,,102.57459835444273,38.025,,미청산(표본종료),,9.750997756069212,0.0,,,SMCI@2026-08-26 04:00:00+00:00,⓪운영설정,B,B+C
MSTR,2026-08-26 04:00:00+00:00,,2026-08-25 04:00:00+00:00,,31.552768411820377,123.26,,미청산(표본종료),,9.72298558610245,0.0,,,MSTR@2026-08-26 04:00:00+00:00,⓪운영설정,B,B+C
ABNB,2026-08-26 04:00:00+00:00,,2026-08-25 04:00:00+00:00,,17.244315825937825,190.3,,미청산(표본종료),,8.20398325418992,0.0,,,ABNB@2026-08-26 04:00:00+00:00,⓪운영설정,B,B
TEAM,2026-08-27 04:00:00+00:00,,2026-08-26 04:00:00+00:00,,1.531123820602393,169.0,,미청산(표본종료),,0.646899814204511,0.0,,,TEAM@2026-08-27 04:00:00+00:00,⓪운영설정,B,A+B
ZS,2026-08-28 04:00:00+00:00,,2026-08-27 04:00:00+00:00,,1.111274675514652,186.17,,미청산(표본종료),,0.517215015851407,0.0,,,ZS@2026-08-28 04:00:00+00:00,⓪운영설정,B,B
SHOP,2026-08-31 04:00:00+00:00,,2026-08-28 04:00:00+00:00,,0.03368656205456085,150.7,,미청산(표본종료),,0.012691412254055802,0.0,,,SHOP@2026-08-31 04:00:00+00:00,⓪운영설정,B,B
WDAY,2026-09-01 04:00:00+00:00,,2026-08-31 04:00:00+00:00,,0.9641038563905019,196.36,,미청산(표본종료),,0.4732785831020974,0.0,,,WDAY@2026-09-01 04:00:00+00:00,⓪운영설정,B,A+B
EA,2023-09-12 04:00:00+00:00,2023-10-10 04:00:00+00:00,2023-09-11 04:00:00+00:00,2023-10-09 04:00:00+00:00,12.256383941849178,122.08,126.48,만기,20.0,3.7406483790523692,3.87546860241271,46.31197236267144,3.6041939711664472,EA@2023-09-12 04:00:00+00:00,⓪운영설정,C,B+C
SMCI,2023-10-11 04:00:00+00:00,2023-11-08 05:00:00+00:00,2023-10-10 04:00:00+00:00,2023-11-07 05:00:00+00:00,48.318509283025186,31.11,25.54,만기,20.0,3.757972059487284,3.085136817721158,-275.9772055836586,-17.904210864673743,SMCI@2023-10-11 04:00:00+00:00,⓪운영설정,C,B+C
PLTR,2023-10-11 04:00:00+00:00,2023-11-08 05:00:00+00:00,2023-10-10 04:00:00+00:00,2023-11-07 05:00:00+00:00,84.05458238625448,17.87,18.85,만기,20.0,3.7551384681059194,3.961072194952243,74.65728007547159,5.484051482932295,PLTR@2023-10-11 04:00:00+00:00,⓪운영설정,C,B+C
PDD,2023-10-11 04:00:00+00:00,2023-11-08 05:00:00+00:00,2023-10-10 04:00:00+00:00,2023-11-07 05:00:00+00:00,13.673012746722735,109.75,107.73,만기,20.0,3.7515328723820507,3.6824841580111007,-35.05350277877278,-1.8405466970387252,PDD@2023-10-11 04:00:00+00:00,⓪운영설정,C,B+C
CRWD,2023-10-11 04:00:00+00:00,2023-11-08 05:00:00+00:00,2023-10-10 04:00:00+00:00,2023-11-07 05:00:00+00:00,32.627525806358584,45.9625,48.13,만기,20.0,3.749106637186891,3.925907042650097,63.04514850544547,4.7158009246668575,CRWD@2023-10-11 04:00:00+00:00,⓪운영설정,C,B+C
SNPS,2023-10-11 04:00:00+00:00,2023-11-08 05:00:00+00:00,2023-10-10 04:00:00+00:00,2023-11-07 05:00:00+00:00,3.0576031885619335,490.28,500.0,만기,20.0,3.7477042282203614,3.822003985702417,22.150194778899504,1.9825405890511627,SNPS@2023-10-11 04:00:00+00:00,⓪운영설정,C,B+C
ZS,2023-10-11 04:00:00+00:00,2023-11-08 05:00:00+00:00,2023-10-10 04:00:00+00:00,2023-11-07 05:00:00+00:00,8.656517406661417,173.1,172.0,만기,20.0,3.7461079077327284,3.7223024848644095,-16.99057953992451,-0.6354708261120723,ZS@2023-10-11 04:00:00+00:00,⓪운영설정,C,B+C
META,2023-10-11 04:00:00+00:00,2023-11-08 05:00:00+00:00,2023-10-10 04:00:00+00:00,2023-11-07 05:00:00+00:00,0.06408255412088162,323.005,318.14,만기,20.0,0.051747463484538424,0.0509680594200432,-0.41447714870267305,-1.5061686351604542,META@2023-10-11 04:00:00+00:00,⓪운영설정,C,C
FAST,2023-10-13 04:00:00+00:00,2023-11-10 05:00:00+00:00,2023-10-12 04:00:00+00:00,2023-11-09 05:00:00+00:00,0.22589278719847822,30.355,29.76,만기,20.0,0.017142438888524517,0.01680642336756678,-0.1683550706391852,-1.9601383627079527,FAST@2023-10-13 04:00:00+00:00,⓪운영설정,C,B+C
EA,2023-10-16 04:00:00+00:00,2023-11-13 05:00:00+00:00,2023-10-13 04:00:00+00:00,2023-11-10 05:00:00+00:00,0.11500433455825972,132.35,131.85,만기,20.0,0.03805205919696418,0.03790830377876636,-0.13346253025485844,-0.3777861730260623,EA@2023-10-16 04:00:00+00:00,⓪운영설정,C,C
PANW,2023-10-20 04:00:00+00:00,2023-11-17 05:00:00+00:00,2023-10-19 04:00:00+00:00,2023-11-16 05:00:00+00:00,0.14075009561228552,126.5,121.52,만기,20.0,0.0445122177373853,0.04275987904701234,-0.7882075729335796,-3.936758893280634,PANW@2023-10-20 04:00:00+00:00,⓪운영설정,C,C
MSTR,2023-11-08 05:00:00+00:00,2023-12-07 05:00:00+00:00,2023-11-07 05:00:00+00:00,2023-12-06 05:00:00+00:00,31.50338670359098,46.908,55.72,만기,20.0,3.694402158730114,4.3884217678102235,269.5250197055034,18.78570819476422,MSTR@2023-11-08 05:00:00+00:00,⓪운영설정,C,B+C
NFLX,2023-11-08 05:00:00+00:00,2023-12-07 05:00:00+00:00,2023-11-07 05:00:00+00:00,2023-12-06 05:00:00+00:00,34.00724412888335,43.5,45.085,만기,20.0,3.6982877990160645,3.833041503876765,46.37015264138745,3.64367816091955,NFLX@2023-11-08 05:00:00+00:00,⓪운영설정,C,B+C
SHOP,2023-11-08 05:00:00+00:00,2023-12-07 05:00:00+00:00,2023-11-07 05:00:00+00:00,2023-12-06 05:00:00+00:00,23.897903888370806,61.87,70.86,만기,20.0,3.6964082839337546,4.233513673824889,206.91223399869523,14.530467108453205,SHOP@2023-11-08 05:00:00+00:00,⓪운영설정,C,B+C
DXCM,2023-11-08 05:00:00+00:00,2023-12-07 05:00:00+00:00,2023-11-07 05:00:00+00:00,2023-12-06 05:00:00+00:00,15.515297213905582,95.22,118.3,만기,20.0,3.6934165017702236,4.588649151012576,349.8109940441582,24.238605335013652,DXCM@2023-11-08 05:00:00+00:00,⓪운영설정,C,B+C
DDOG,2023-11-08 05:00:00+00:00,2023-12-07 05:00:00+00:00,2023-11-07 05:00:00+00:00,2023-12-06 05:00:00+00:00,14.520593167005117,101.7,117.08,만기,20.0,3.6918608127110515,4.250177619982398,215.38468447584546,15.122910521140609,DDOG@2023-11-08 05:00:00+00:00,⓪운영설정,C,B+C
SBUX,2023-11-08 05:00:00+00:00,2023-12-07 05:00:00+00:00,2023-11-07 05:00:00+00:00,2023-12-06 05:00:00+00:00,13.867466852090704,103.74,97.25,만기,20.0,3.5965275280897235,3.371527878414552,-96.96791527657274,-6.256024677077299,SBUX@2023-11-08 05:00:00+00:00,⓪운영설정,C,B+C
MNST,2023-11-10 05:00:00+00:00,2023-12-11 05:00:00+00:00,2023-11-09 05:00:00+00:00,2023-12-08 05:00:00+00:00,0.4628394909939884,27.65,27.265,만기,20.0,0.03199377981495945,0.03154829680487774,-0.24173528065252015,-1.3924050632911356,MNST@2023-11-10 05:00:00+00:00,⓪운영설정,C,C
PDD,2023-12-07 05:00:00+00:00,2024-01-08 05:00:00+00:00,2023-12-06 05:00:00+00:00,2024-01-05 05:00:00+00:00,11.451837932699739,141.99,144.01,만기,20.0,4.06511617016009,4.122947951720223,14.944648502172868,1.4226353968589178,PDD@2023-12-07 05:00:00+00:00,⓪운영설정,C,B+C
CRWD,2023-12-07 05:00:00+00:00,2024-01-08 05:00:00+00:00,2023-12-06 05:00:00+00:00,2024-01-05 05:00:00+00:00,27.13246623971178,59.9075,62.975,만기,20.0,4.063595553138834,4.271667653614623,74.89357698356253,5.12039394065853,CRWD@2023-12-07 05:00:00+00:00,⓪운영설정,C,B+C
IDXX,2023-12-07 05:00:00+00:00,2024-01-08 05:00:00+00:00,2023-12-06 05:00:00+00:00,2024-01-05 05:00:00+00:00,3.112293231106264,522.0,540.88,만기,20.0,4.061542666593675,4.20844290710189,50.490110629590845,3.616858237547893,IDXX@2023-12-07 05:00:00+00:00,⓪운영설정,C,B+C
WDAY,2023-12-07 05:00:00+00:00,2024-01-08 05:00:00+00:00,2023-12-06 05:00:00+00:00,2024-01-05 05:00:00+00:00,6.038243549800277,268.92,265.55,만기,20.0,4.059511138530726,4.008638936623659,-28.4170308379812,-1.2531607913134013,WDAY@2023-12-07 05:00:00+00:00,⓪운영설정,C,B+C
PANW,2023-12-07 05:00:00+00:00,2024-01-08 05:00:00+00:00,2023-12-06 05:00:00+00:00,2024-01-05 05:00:00+00:00,11.255128619066461,144.09,141.76,만기,20.0,4.054378706803217,3.9888175825971537,-34.26764597182523,-1.6170449024915046,PANW@2023-12-07 05:00:00+00:00,⓪운영설정,C,B+C
ZS,2023-12-07 05:00:00+00:00,2024-01-08 05:00:00+00:00,2023-12-06 05:00:00+00:00,2024-01-05 05:00:00+00:00,8.187154027258506,197.91,213.28,만기,20.0,4.050799133836827,4.3653905273342355,117.4203677377925,7.766156333687024,ZS@2023-12-07 05:00:00+00:00,⓪운영설정,C,B+C
TTWO,2023-12-07 05:00:00+00:00,2024-01-08 05:00:00+00:00,2023-12-06 05:00:00+00:00,2024-01-05 05:00:00+00:00,0.03861155098979938,155.1,158.27,만기,20.0,0.014971628896294711,0.01527762543788887,0.09214936230348147,2.043842682140573,TTWO@2023-12-07 05:00:00+00:00,⓪운영설정,C,C
MRNA,2024-01-08 05:00:00+00:00,2024-02-06 05:00:00+00:00,2024-01-05 05:00:00+00:00,2024-02-05 05:00:00+00:00,14.84928803345308,111.47,95.65,만기,20.0,4.138125342722537,3.550836000999468,-242.6046980329495,-14.192159325379016,MRNA@2024-01-08 05:00:00+00:00,⓪운영설정,C,B+C
TEAM,2024-01-08 05:00:00+00:00,2024-02-06 05:00:00+00:00,2024-01-05 05:00:00+00:00,2024-02-05 05:00:00+00:00,7.255970353625314,227.93,216.14,만기,20.0,4.134633306754544,3.9207635805814385,-93.60328735657822,-5.1726407230290095,TEAM@2024-01-08 05:00:00+00:00,⓪운영설정,C,B+C
MRVL,2024-01-08 05:00:00+00:00,2024-02-06 05:00:00+00:00,2024-01-05 05:00:00+00:00,2024-02-05 05:00:00+00:00,27.52079795761412,60.0,67.22,만기,20.0,4.128119693642118,4.6248700967770535,189.94717146355515,12.03333333333334,MRVL@2024-01-08 05:00:00+00:00,⓪운영설정,C,B+C
AMD,2024-01-08 05:00:00+00:00,2024-02-06 05:00:00+00:00,2024-01-05 05:00:00+00:00,2024-02-05 05:00:00+00:00,11.757628795075233,140.36,173.15,만기,20.0,4.1257519441919,5.0895835646681915,376.31731268165686,23.361356511826713,AMD@2024-01-08 05:00:00+00:00,⓪운영설정,C,B+C
VRTX,2024-01-08 05:00:00+00:00,2024-02-06 05:00:00+00:00,2024-01-05 05:00:00+00:00,2024-02-05 05:00:00+00:00,3.9573917848948126,416.07,428.76,만기,20.0,4.1163799998529615,4.24192825422875,41.860993496233505,3.049967553536659,VRTX@2024-01-08 05:00:00+00:00,⓪운영설정,C,B+C
AVGO,2024-01-08 05:00:00+00:00,2024-02-06 05:00:00+00:00,2024-01-05 05:00:00+00:00,2024-02-05 05:00:00+00:00,15.581549436500422,105.65,126.357,만기,20.0,4.115476744915674,4.922094605369709,313.6095728313287,19.599621391386645,AVGO@2024-01-08 05:00:00+00:00,⓪운영설정,C,B+C
SMCI,2024-01-08 05:00:00+00:00,2024-02-06 05:00:00+00:00,2024-01-05 05:00:00+00:00,2024-02-05 05:00:00+00:00,1.209886383681056,29.489,67.3,만기,20.0,0.08919584892092665,0.2035633840543377,45.45425482038915,128.22069246159583,SMCI@2024-01-08 05:00:00+00:00,⓪운영설정,C,C
NVDA,2024-02-06 05:00:00+00:00,2024-03-06 05:00:00+00:00,2024-02-05 05:00:00+00:00,2024-03-05 05:00:00+00:00,25.12798085809866,69.63,88.022,만기,20.0,4.374153267873524,5.529537827728901,452.2501328465487,26.4139020537125,NVDA@2024-02-06 05:00:00+00:00,⓪운영설정,C,B+C
META,2024-02-06 05:00:00+00:00,2024-03-06 05:00:00+00:00,2024-02-05 05:00:00+00:00,2024-03-05 05:00:00+00:00,3.766996553191902,464.0,497.63,만기,20.0,4.369716001702606,4.686426236912215,117.62795184522884,7.247844827586203,META@2024-02-06 05:00:00+00:00,⓪운영설정,C,B+C
ASML,2024-02-06 05:00:00+00:00,2024-03-06 05:00:00+00:00,2024-02-05 05:00:00+00:00,2024-03-05 05:00:00+00:00,1.9410830757503403,898.8,986.94,만기,20.0,4.361613671211015,4.7893313269526026,161.93611729847157,9.80640854472632,ASML@2024-02-06 05:00:00+00:00,⓪운영설정,C,B+C
CRWD,2024-02-06 05:00:00+00:00,2024-03-06 05:00:00+00:00,2024-02-05 05:00:00+00:00,2024-03-05 05:00:00+00:00,22.843335553639477,76.3425,90.0125,만기,20.0,4.359793361259305,5.1404643538049335,302.7681393031876,17.906146641778832,CRWD@2024-02-06 05:00:00+00:00,⓪운영설정,C,B+C
PANW,2024-02-06 05:00:00+00:00,2024-03-06 05:00:00+00:00,2024-02-05 05:00:00+00:00,2024-03-05 05:00:00+00:00,10.077305151668279,172.745,149.49,만기,20.0,4.352010196062342,3.7661408678072275,-242.46588236591538,-13.462039422269811,PANW@2024-02-06 05:00:00+00:00,⓪운영설정,C,B+C
APP,2024-02-06 05:00:00+00:00,2024-03-06 05:00:00+00:00,2024-02-05 05:00:00+00:00,2024-03-05 05:00:00+00:00,37.722651324980774,46.11,62.53,만기,20.0,4.348478631487159,5.8969934683776195,609.1604626563199,35.61049663847322,APP@2024-02-06 05:00:00+00:00,⓪운영설정,C,B+C
ISRG,2024-02-06 05:00:00+00:00,2024-03-06 05:00:00+00:00,2024-02-05 05:00:00+00:00,2024-03-05 05:00:00+00:00,0.10723336123076242,385.26,386.76,만기,20.0,0.10328181186940884,0.10368393697402419,-0.046115706997291284,0.38934745366765444,ISRG@2024-02-06 05:00:00+00:00,⓪운영설정,C,B+C
ARM,2024-02-22 05:00:00+00:00,2024-03-21 04:00:00+00:00,2024-02-21 05:00:00+00:00,2024-03-20 04:00:00+00:00,0.07114429140159538,132.87,134.7,만기,20.0,0.023632354996324944,0.02395784012948724,0.08260385813910709,1.3772860690900668,ARM@2024-02-22 05:00:00+00:00,⓪운영설정,C,C
MSTR,2024-03-06 05:00:00+00:00,2024-04-04 04:00:00+00:00,2024-03-05 05:00:00+00:00,2024-04-03 04:00:00+00:00,17.18711416562114,114.0,169.298,만기,20.0,4.898327537202024,7.274360135028319,938.2403514582877,48.50701754385965,MSTR@2024-03-06 05:00:00+00:00,⓪운영설정,C,B+C
SMCI,2024-03-06 05:00:00+00:00,2024-04-04 04:00:00+00:00,2024-03-05 05:00:00+00:00,2024-04-03 04:00:00+00:00,16.716002514813592,115.8,103.07,만기,20.0,4.839282728038535,4.307295948004592,-221.94129068962002,-10.993091537132994,SMCI@2024-03-06 05:00:00+00:00,⓪운영설정,C,C
PLTR,2024-03-06 05:00:00+00:00,2024-04-04 04:00:00+00:00,2024-03-05 05:00:00+00:00,2024-04-03 04:00:00+00:00,74.49276897854185,25.75,23.82,만기,20.0,4.795472002993631,4.4360443926721675,-153.0025605242513,-7.495145631067956,PLTR@2024-03-06 05:00:00+00:00,⓪운영설정,C,B+C
CEG,2024-03-06 05:00:00+00:00,2024-04-04 04:00:00+00:00,2024-03-05 05:00:00+00:00,2024-04-03 04:00:00+00:00,10.72494165743779,176.77,193.44,만기,20.0,4.739619841963196,5.186581785536915,168.85857580198785,9.430333201335062,CEG@2024-03-06 05:00:00+00:00,⓪운영설정,C,B+C
GEHC,2024-03-06 05:00:00+00:00,2024-04-04 04:00:00+00:00,2024-03-05 05:00:00+00:00,2024-04-03 04:00:00+00:00,20.698326416930012,91.56,90.15,만기,20.0,4.73784691683528,4.664885316215602,-38.587372480921886,-1.5399737876802044,GEHC@2024-03-06 05:00:00+00:00,⓪운영설정,C,B+C
AXON,2024-03-06 05:00:00+00:00,2024-04-04 04:00:00+00:00,2024-03-05 05:00:00+00:00,2024-04-03 04:00:00+00:00,6.016330000857533,315.01,312.12,만기,20.0,4.738010283925329,4.694542299669132,-26.819746286072586,-0.917431192660545,AXON@2024-03-06 05:00:00+00:00,⓪운영설정,C,B+C
AMAT,2024-03-06 05:00:00+00:00,2024-04-04 04:00:00+00:00,2024-03-05 05:00:00+00:00,2024-04-03 04:00:00+00:00,1.3823182241272034,209.95,211.61,만기,20.0,0.7255442778887659,0.7312808985188939,0.8378230756435983,0.7906644439152233,AMAT@2024-03-06 05:00:00+00:00,⓪운영설정,C,C
MU,2024-04-04 04:00:00+00:00,2024-05-02 04:00:00+00:00,2024-04-03 04:00:00+00:00,2024-05-01 04:00:00+00:00,15.818269190526438,130.18,111.74,만기,20.0,5.148055708056829,4.41883349837356,-301.25577307973776,-14.165002304501472,MU@2024-04-04 04:00:00+00:00,⓪운영설정,C,C
APP,2024-04-04 04:00:00+00:00,2024-05-02 04:00:00+00:00,2024-04-03 04:00:00+00:00,2024-05-01 04:00:00+00:00,28.089138084379528,73.1,71.255,만기,20.0,5.133289984920358,5.003728835506158,-61.96147858610652,-2.5239398084815345,APP@2024-04-04 04:00:00+00:00,⓪운영설정,C,B+C
GOOG,2024-04-04 04:00:00+00:00,2024-05-02 04:00:00+00:00,2024-04-03 04:00:00+00:00,2024-05-01 04:00:00+00:00,13.22890916559702,155.08,166.67,만기,20.0,5.128848083501965,5.512155726575138,142.68205341919202,7.473562032499337,GOOG@2024-04-04 04:00:00+00:00,⓪운영설정,C,B+C
GOOGL,2024-04-04 04:00:00+00:00,2024-05-02 04:00:00+00:00,2024-04-03 04:00:00+00:00,2024-05-01 04:00:00+00:00,13.37671162936506,153.5,164.785,만기,20.0,5.133313087768841,5.510703564612303,140.3121740850038,7.351791530944629,GOOGL@2024-04-04 04:00:00+00:00,⓪운영설정,C,B+C
DXCM,2024-04-04 04:00:00+00:00,2024-05-02 04:00:00+00:00,2024-04-03 04:00:00+00:00,2024-05-01 04:00:00+00:00,14.727710608897613,139.56,127.03,만기,20.0,5.138498231444378,4.677152696620659,-194.35386485755225,-8.978217254227571,DXCM@2024-04-04 04:00:00+00:00,⓪운영설정,C,B+C
BKR,2024-04-04 04:00:00+00:00,2024-05-02 04:00:00+00:00,2024-04-03 04:00:00+00:00,2024-05-01 04:00:00+00:00,60.50461704387548,33.92,32.13,만기,20.0,5.130791525320641,4.860033364049299,-118.29408939790687,-5.277122641509435,BKR@2024-04-04 04:00:00+00:00,⓪운영설정,C,B+C
PYPL,2024-04-04 04:00:00+00:00,2024-05-02 04:00:00+00:00,2024-04-03 04:00:00+00:00,2024-05-01 04:00:00+00:00,0.5390520924142492,65.99,66.7,만기,20.0,0.08893011894604076,0.08988693641007606,0.20390993025800697,1.0759205940294114,PYPL@2024-04-04 04:00:00+00:00,⓪운영설정,C,B+C
MSTR,2024-04-05 04:00:00+00:00,2024-05-03 04:00:00+00:00,2024-04-04 04:00:00+00:00,2024-05-02 04:00:00+00:00,0.16276202026736378,157.0,120.101,만기,20.0,0.06388409295494028,0.04886970349032664,-6.118509582290724,-23.502547770700634,MSTR@2024-04-05 04:00:00+00:00,⓪운영설정,C,C
CEG,2024-04-18 04:00:00+00:00,2024-05-16 04:00:00+00:00,2024-04-17 04:00:00+00:00,2024-05-15 04:00:00+00:00,0.08488771666283801,186.13,223.73,만기,20.0,0.039500376756135096,0.047479822122441874,3.104797947644135,20.20093483049481,CEG@2024-04-18 04:00:00+00:00,⓪운영설정,C,C
KHC,2024-04-19 04:00:00+00:00,2024-05-17 04:00:00+00:00,2024-04-18 04:00:00+00:00,2024-05-16 04:00:00+00:00,0.25456656641249176,37.29,35.95,만기,20.0,0.023731968153804545,0.0228791701563227,-0.3877303373028642,-3.5934566908018106,KHC@2024-04-19 04:00:00+00:00,⓪운영설정,C,C
AZN,2024-05-02 04:00:00+00:00,2024-05-31 04:00:00+00:00,2024-05-01 04:00:00+00:00,2024-05-30 04:00:00+00:00,12.997771098335242,153.801168,155.918808,만기,20.0,4.997680940801508,5.066492440773205,17.460426607104182,1.3768686073957648,AZN@2024-05-02 04:00:00+00:00,⓪운영설정,C,B+C
MRNA,2024-05-02 04:00:00+00:00,2024-05-31 04:00:00+00:00,2024-05-01 04:00:00+00:00,2024-05-30 04:00:00+00:00,17.403037921278855,114.86,152.1,만기,20.0,4.997282339095223,6.617505169566284,636.4743446797629,32.42207905275987,MRNA@2024-05-02 04:00:00+00:00,⓪운영설정,C,B+C
KDP,2024-05-02 04:00:00+00:00,2024-05-31 04:00:00+00:00,2024-05-01 04:00:00+00:00,2024-05-30 04:00:00+00:00,59.453430866541595,33.46,33.92,만기,20.0,4.9732794919862044,5.041650937482728,17.33364776914027,1.3747758517633102,KDP@2024-05-02 04:00:00+00:00,⓪운영설정,C,B+C
TSLA,2024-05-02 04:00:00+00:00,2024-05-31 04:00:00+00:00,2024-05-01 04:00:00+00:00,2024-05-30 04:00:00+00:00,10.868971738907527,182.86,178.5,만기,20.0,4.968750430441577,4.850278638487484,-57.20774585056597,-2.384337744722742,TSLA@2024-05-02 04:00:00+00:00,⓪운영설정,C,B+C
PANW,2024-05-02 04:00:00+00:00,2024-05-31 04:00:00+00:00,2024-05-01 04:00:00+00:00,2024-05-30 04:00:00+00:00,13.633851248264717,145.38,148.75,만기,20.0,4.955223236181811,5.070088432948442,35.92076703752218,2.318063007291249,PANW@2024-05-02 04:00:00+00:00,⓪운영설정,C,B+C
BIIB,2024-05-02 04:00:00+00:00,2024-05-31 04:00:00+00:00,2024-05-01 04:00:00+00:00,2024-05-30 04:00:00+00:00,9.07316621231132,217.99,219.23,만기,20.0,4.944648756554361,4.972775571812527,1.3333017748993825,0.5688334327262679,BIIB@2024-05-02 04:00:00+00:00,⓪운영설정,C,B+C
AEP,2024-05-02 04:00:00+00:00,2024-05-31 04:00:00+00:00,2024-05-01 04:00:00+00:00,2024-05-30 04:00:00+00:00,0.3915012293706774,88.05,88.25,만기,20.0,0.08617920811522035,0.08637495872990571,-0.09425392097098495,0.22714366837024436,AEP@2024-05-02 04:00:00+00:00,⓪운영설정,C,C
MSTR,2024-05-31 04:00:00+00:00,2024-07-01 04:00:00+00:00,2024-05-30 04:00:00+00:00,2024-06-28 04:00:00+00:00,13.133372802036883,159.7,141.0,만기,20.0,5.243499091213225,4.629513912718001,-255.46708440202042,-11.709455228553534,MSTR@2024-05-31 04:00:00+00:00,⓪운영설정,C,B+C
NVDA,2024-05-31 04:00:00+00:00,2024-07-01 04:00:00+00:00,2024-05-30 04:00:00+00:00,2024-06-28 04:00:00+00:00,18.535465261119416,112.52,123.47,만기,20.0,5.214026377952892,5.721434739476035,192.02788349182856,9.731603270529687,NVDA@2024-05-31 04:00:00+00:00,⓪운영설정,C,B+C
ARM,2024-05-31 04:00:00+00:00,2024-07-01 04:00:00+00:00,2024-05-30 04:00:00+00:00,2024-06-28 04:00:00+00:00,17.33846028381596,119.92,163.43,만기,20.0,5.198070393088025,7.084061410460106,742.1142751452844,36.28252168112076,ARM@2024-05-31 04:00:00+00:00,⓪운영설정,C,B+C
QCOM,2024-05-31 04:00:00+00:00,2024-07-01 04:00:00+00:00,2024-05-30 04:00:00+00:00,2024-06-28 04:00:00+00:00,10.002652695155467,208.0,199.47,만기,20.0,5.2013794014808425,4.988072832756652,-95.5120797239133,-4.100961538461534,QCOM@2024-05-31 04:00:00+00:00,⓪운영설정,C,B+C
PDD,2024-05-31 04:00:00+00:00,2024-07-01 04:00:00+00:00,2024-05-30 04:00:00+00:00,2024-06-28 04:00:00+00:00,13.926068451622099,149.0,133.55,만기,20.0,5.187460498229232,4.649566104285329,-224.99478418007538,-10.36912751677852,PDD@2024-05-31 04:00:00+00:00,⓪운영설정,C,B+C
CEG,2024-05-31 04:00:00+00:00,2024-07-01 04:00:00+00:00,2024-05-30 04:00:00+00:00,2024-06-28 04:00:00+00:00,9.285555809781311,224.06,208.19,만기,20.0,5.201304086849001,4.8328996600959275,-157.39597444817377,-7.08292421672766,CEG@2024-05-31 04:00:00+00:00,⓪운영설정,C,B+C
MRVL,2024-05-31 04:00:00+00:00,2024-07-01 04:00:00+00:00,2024-05-30 04:00:00+00:00,2024-06-28 04:00:00+00:00,1.272060010391201,76.285,70.05,만기,20.0,0.24259774473173193,0.22276950931975908,-8.396661418840623,-8.173297502785603,MRVL@2024-05-31 04:00:00+00:00,⓪운영설정,C,B+C
ADI,2024-06-03 04:00:00+00:00,2024-07-02 04:00:00+00:00,2024-05-31 04:00:00+00:00,2024-07-01 04:00:00+00:00,0.06855677544005945,235.09,224.56,만기,20.0,0.04029253084550894,0.038487773732049375,-0.8006831499613849,-4.4791356501765245,ADI@2024-06-03 04:00:00+00:00,⓪운영설정,C,C
ADBE,2024-07-01 04:00:00+00:00,2024-07-30 04:00:00+00:00,2024-06-28 04:00:00+00:00,2024-07-29 04:00:00+00:00,3.856045707321646,551.37,541.85,만기,20.0,5.31526980411484,5.223495916280585,-47.24832085409753,-1.7266082666811733,ADBE@2024-07-01 04:00:00+00:00,⓪운영설정,C,B+C
ADSK,2024-07-01 04:00:00+00:00,2024-07-30 04:00:00+00:00,2024-06-28 04:00:00+00:00,2024-07-29 04:00:00+00:00,8.55811503968485,248.62,244.19,만기,20.0,5.319296402916118,5.224515278851609,-48.45626130757091,-1.7818357332475276,ADSK@2024-07-01 04:00:00+00:00,⓪운영설정,C,B+C
ZS,2024-07-01 04:00:00+00:00,2024-07-30 04:00:00+00:00,2024-06-28 04:00:00+00:00,2024-07-29 04:00:00+00:00,11.012561931541411,193.0,182.24,만기,20.0,5.31356113196873,5.017323216010267,-128.82605073136415,-5.575129533678746,ZS@2024-07-01 04:00:00+00:00,⓪운영설정,C,B+C
CRWD,2024-07-01 04:00:00+00:00,2024-07-30 04:00:00+00:00,2024-06-28 04:00:00+00:00,2024-07-29 04:00:00+00:00,22.044172723040653,96.32,61.8875,만기,20.0,5.308236791708189,3.4106468484929464,-767.7548609262981,-35.74802740863786,CRWD@2024-07-01 04:00:00+00:00,⓪운영설정,C,B+C
AVGO,2024-07-01 04:00:00+00:00,2024-07-30 04:00:00+00:00,2024-06-28 04:00:00+00:00,2024-07-29 04:00:00+00:00,13.187271877010991,160.82,153.28,만기,20.0,5.301942658152269,5.053362583270611,-109.7873351940857,-4.6884715831364225,AVGO@2024-07-01 04:00:00+00:00,⓪운영설정,C,B+C
INTU,2024-07-01 04:00:00+00:00,2024-07-30 04:00:00+00:00,2024-06-28 04:00:00+00:00,2024-07-29 04:00:00+00:00,3.248160061879083,652.51,640.0,만기,20.0,5.298642304941801,5.197056099006533,-51.13018077805509,-1.9172119967510115,INTU@2024-07-01 04:00:00+00:00,⓪운영설정,C,B+C
TSLA,2024-07-12 04:00:00+00:00,2024-08-09 04:00:00+00:00,2024-07-11 04:00:00+00:00,2024-08-08 04:00:00+00:00,0.05864892527262796,235.8,197.05,만기,20.0,0.03457354144821419,0.028891926812428352,-2.3361113225749754,-16.4334181509754,TSLA@2024-07-12 04:00:00+00:00,⓪운영설정,C,C
WBD,2024-07-18 04:00:00+00:00,2024-08-15 04:00:00+00:00,2024-07-17 04:00:00+00:00,2024-08-14 04:00:00+00:00,1.8145108947020356,8.76,7.02,만기,20.0,0.03973778859397458,0.03184466620202073,-3.2288314115775343,-19.863013698630137,WBD@2024-07-18 04:00:00+00:00,⓪운영설정,C,B+C
GILD,2024-07-19 04:00:00+00:00,2024-08-16 04:00:00+00:00,2024-07-18 04:00:00+00:00,2024-08-15 04:00:00+00:00,0.2891443177882572,73.51,73.94,만기,20.0,0.05313749700153697,0.05344832714315935,0.017746232504254777,0.5849544279689756,GILD@2024-07-19 04:00:00+00:00,⓪운영설정,C,B+C
MSTR,2024-07-22 04:00:00+00:00,2024-08-19 04:00:00+00:00,2024-07-19 04:00:00+00:00,2024-08-16 04:00:00+00:00,0.16836127754604205,178.402,133.7,만기,20.0,0.07508997159192247,0.05627475701976455,-7.657450557474856,-25.05689398100919,MSTR@2024-07-22 04:00:00+00:00,⓪운영설정,C,C
CHTR,2024-07-30 04:00:00+00:00,2024-08-27 04:00:00+00:00,2024-07-29 04:00:00+00:00,2024-08-26 04:00:00+00:00,5.169492648716165,377.85,356.11,만기,20.0,4.883231993293507,4.602270067835784,-121.87027224421831,-5.753605928278416,CHTR@2024-07-30 04:00:00+00:00,⓪운영설정,C,B+C
ON,2024-07-30 04:00:00+00:00,2024-08-27 04:00:00+00:00,2024-07-29 04:00:00+00:00,2024-08-26 04:00:00+00:00,25.09232813598423,77.8,74.34,만기,20.0,4.880457822448933,4.663409184072669,-96.36332235702685,-4.4473007712082175,ON@2024-07-30 04:00:00+00:00,⓪운영설정,C,B+C
ODFL,2024-07-30 04:00:00+00:00,2024-08-27 04:00:00+00:00,2024-07-29 04:00:00+00:00,2024-08-26 04:00:00+00:00,9.608035238100046,203.29,198.08,만기,20.0,4.883043708883395,4.7578990499071425,-59.69880634929132,-2.562841261252391,ODFL@2024-07-30 04:00:00+00:00,⓪운영설정,C,B+C
FAST,2024-07-30 04:00:00+00:00,2024-08-27 04:00:00+00:00,2024-07-29 04:00:00+00:00,2024-08-26 04:00:00+00:00,54.934878980727625,35.495,33.85,만기,20.0,4.874783823552317,4.648864133744076,-99.89152388059279,-4.63445555712071,FAST@2024-07-30 04:00:00+00:00,⓪운영설정,C,B+C
AEP,2024-07-30 04:00:00+00:00,2024-08-27 04:00:00+00:00,2024-07-29 04:00:00+00:00,2024-08-26 04:00:00+00:00,20.293325352240014,96.01,99.02,만기,20.0,4.87090541767141,5.023612690947015,51.18839120162397,3.1350900947817895,AEP@2024-07-30 04:00:00+00:00,⓪운영설정,C,B+C
CTSH,2024-07-30 04:00:00+00:00,2024-08-27 04:00:00+00:00,2024-07-29 04:00:00+00:00,2024-08-26 04:00:00+00:00,25.19221612374279,74.82,76.64,만기,20.0,4.712204025946088,4.826828609309119,36.31080070995722,2.432504677893621,CTSH@2024-07-30 04:00:00+00:00,⓪운영설정,C,C
AXON,2024-08-09 04:00:00+00:00,2024-09-09 04:00:00+00:00,2024-08-08 04:00:00+00:00,2024-09-06 04:00:00+00:00,0.1464350450953551,367.27,358.61,만기,20.0,0.13445299753042766,0.13128267880411323,-1.533863166860307,-2.3579383015220334,AXON@2024-08-09 04:00:00+00:00,⓪운영설정,C,C
SBUX,2024-08-15 04:00:00+00:00,2024-09-13 04:00:00+00:00,2024-08-14 04:00:00+00:00,2024-09-12 04:00:00+00:00,0.2635476179298937,94.115,99.13,만기,20.0,0.062009460153679856,0.0653136884134759,1.1943681553512633,5.328587366519688,SBUX@2024-08-15 04:00:00+00:00,⓪운영설정,C,C
FTNT,2024-08-19 04:00:00+00:00,2024-09-17 04:00:00+00:00,2024-08-16 04:00:00+00:00,2024-09-16 04:00:00+00:00,0.23249225463877926,74.69,76.1,만기,20.0,0.04341211624742606,0.044231651445027755,0.2401703113482263,1.887802918730741,FTNT@2024-08-19 04:00:00+00:00,⓪운영설정,C,C
DASH,2024-08-21 04:00:00+00:00,2024-09-19 04:00:00+00:00,2024-08-20 04:00:00+00:00,2024-09-18 04:00:00+00:00,0.0440860541773634,127.83,137.56,만기,20.0,0.014088800763730909,0.015161194031595273,0.39970731235041956,7.611671751545024,DASH@2024-08-21 04:00:00+00:00,⓪운영설정,C,C
SHOP,2024-08-27 04:00:00+00:00,2024-09-25 04:00:00+00:00,2024-08-26 04:00:00+00:00,2024-09-24 04:00:00+00:00,25.620984405313358,74.47,80.13,만기,20.0,4.769986771659214,5.132523700994398,135.1122612614197,7.600375990331676,SHOP@2024-08-27 04:00:00+00:00,⓪운영설정,C,B+C
MELI,2024-08-27 04:00:00+00:00,2024-09-25 04:00:00+00:00,2024-08-26 04:00:00+00:00,2024-09-24 04:00:00+00:00,0.9531356150220155,2002.99,2097.15,만기,20.0,4.772802763832367,4.99717088760855,79.97727585903226,4.700972046790053,MELI@2024-08-27 04:00:00+00:00,⓪운영설정,C,B+C
PYPL,2024-08-27 04:00:00+00:00,2024-09-25 04:00:00+00:00,2024-08-26 04:00:00+00:00,2024-09-24 04:00:00+00:00,26.6014054364779,71.75,78.23,만기,20.0,4.771627100168224,5.2025698682391655,162.40291025996953,9.031358885017426,PYPL@2024-08-27 04:00:00+00:00,⓪운영설정,C,B+C
APP,2024-08-27 04:00:00+00:00,2024-09-25 04:00:00+00:00,2024-08-26 04:00:00+00:00,2024-09-24 04:00:00+00:00,21.452872866030443,88.99,129.34,만기,20.0,4.772727890870122,6.936786441230944,853.9139058122278,45.3421732778964,APP@2024-08-27 04:00:00+00:00,⓪운영설정,C,B+C
WDAY,2024-08-27 04:00:00+00:00,2024-09-25 04:00:00+00:00,2024-08-26 04:00:00+00:00,2024-09-24 04:00:00+00:00,7.351022877008259,260.0,245.26,만기,20.0,4.7781648700553685,4.507279677037614,-117.63952175419445,-5.66923076923077,WDAY@2024-08-27 04:00:00+00:00,⓪운영설정,C,B+C
PLTR,2024-08-27 04:00:00+00:00,2024-09-25 04:00:00+00:00,2024-08-26 04:00:00+00:00,2024-09-24 04:00:00+00:00,58.88643728865257,30.55,36.89,만기,20.0,4.49745164792084,5.430801678945984,363.41175908319065,20.752864157119475,PLTR@2024-08-27 04:00:00+00:00,⓪운영설정,C,B+C
TEAM,2024-09-09 04:00:00+00:00,2024-10-07 04:00:00+00:00,2024-09-06 04:00:00+00:00,2024-10-04 04:00:00+00:00,0.6161626345370738,162.64,170.24,만기,20.0,0.25053172720277417,0.26223881725897863,4.170065478020035,4.672897196261694,TEAM@2024-09-09 04:00:00+00:00,⓪운영설정,C,C
CEG,2024-09-25 04:00:00+00:00,2024-10-23 04:00:00+00:00,2024-09-24 04:00:00+00:00,2024-10-22 04:00:00+00:00,8.367902475109162,254.44,265.0,만기,20.0,5.322822764416937,5.54373538975982,77.4984919829767,4.150290834774406,CEG@2024-09-25 04:00:00+00:00,⓪운영설정,C,B+C
TSLA,2024-09-25 04:00:00+00:00,2024-10-23 04:00:00+00:00,2024-09-24 04:00:00+00:00,2024-10-22 04:00:00+00:00,8.422995252084513,252.54,217.125,만기,20.0,5.317858052403558,4.572107110272125,-308.1903420152489,-14.023521026372055,TSLA@2024-09-25 04:00:00+00:00,⓪운영설정,C,B+C
PDD,2024-09-25 04:00:00+00:00,2024-10-23 04:00:00+00:00,2024-09-24 04:00:00+00:00,2024-10-22 04:00:00+00:00,19.18975701364945,110.92,129.295,만기,20.0,5.321319619884993,6.202849082699514,341.0876164232245,16.565993508835184,PDD@2024-09-25 04:00:00+00:00,⓪운영설정,C,B+C
ABNB,2024-09-25 04:00:00+00:00,2024-10-23 04:00:00+00:00,2024-09-24 04:00:00+00:00,2024-10-22 04:00:00+00:00,16.26685661644226,131.31,135.0,만기,20.0,5.340002355762583,5.490064108049263,49.194634450860576,2.8101439342015144,ABNB@2024-09-25 04:00:00+00:00,⓪운영설정,C,B+C
INTC,2024-09-25 04:00:00+00:00,2024-10-23 04:00:00+00:00,2024-09-24 04:00:00+00:00,2024-10-22 04:00:00+00:00,93.66735569633593,22.8,22.3,만기,20.0,5.339039274691149,5.221955080070728,-57.39467220292954,-2.1929824561403466,INTC@2024-09-25 04:00:00+00:00,⓪운영설정,C,B+C
ARM,2024-09-25 04:00:00+00:00,2024-10-23 04:00:00+00:00,2024-09-24 04:00:00+00:00,2024-10-22 04:00:00+00:00,14.058074335814482,143.3,147.8,만기,20.0,5.036305130805538,5.194458467083451,53.030570913276506,3.140265177948365,ARM@2024-09-25 04:00:00+00:00,⓪운영설정,C,B+C
APP,2024-10-07 04:00:00+00:00,2024-11-04 05:00:00+00:00,2024-10-04 04:00:00+00:00,2024-11-01 04:00:00+00:00,0.08863454039283485,138.85,161.78,만기,20.0,0.030767264833862794,0.035848239861882056,1.965774506511961,16.51422398271516,APP@2024-10-07 04:00:00+00:00,⓪운영설정,C,C
MSTR,2024-10-08 04:00:00+00:00,2024-11-05 05:00:00+00:00,2024-10-07 04:00:00+00:00,2024-11-04 05:00:00+00:00,0.08635764179649813,186.1,233.34,만기,20.0,0.04017789284582076,0.05037673034198718,3.9889803752787643,25.384202041912964,MSTR@2024-10-08 04:00:00+00:00,⓪운영설정,C,C
PLTR,2024-10-10 04:00:00+00:00,2024-11-07 05:00:00+00:00,2024-10-09 04:00:00+00:00,2024-11-06 05:00:00+00:00,0.16374937910933576,42.92,55.82,만기,20.0,0.017570308378431727,0.022851225854707807,2.0719454562772937,30.055917986952462,PLTR@2024-10-10 04:00:00+00:00,⓪운영설정,C,B+C
CRWD,2024-10-11 04:00:00+00:00,2024-11-08 05:00:00+00:00,2024-10-10 04:00:00+00:00,2024-11-07 05:00:00+00:00,0.08937175926372891,78.73,82.6375,만기,20.0,0.017590596517083442,0.018463646890390994,0.3131659059155467,4.963165248317036,CRWD@2024-10-11 04:00:00+00:00,⓪운영설정,C,C
TEAM,2024-10-23 04:00:00+00:00,2024-11-20 05:00:00+00:00,2024-10-22 04:00:00+00:00,2024-11-19 05:00:00+00:00,11.22937678895082,191.79,247.33,만기,20.0,5.384205435882194,6.9434044030280155,611.3519770194189,28.958756973773415,TEAM@2024-10-23 04:00:00+00:00,⓪운영설정,C,B+C
NVDA,2024-10-23 04:00:00+00:00,2024-11-20 05:00:00+00:00,2024-10-22 04:00:00+00:00,2024-11-19 05:00:00+00:00,15.182506414605115,142.03,147.41,만기,20.0,5.390928465165911,5.59513317644235,70.69582286896775,3.7879321270154254,NVDA@2024-10-23 04:00:00+00:00,⓪운영설정,C,C
MRVL,2024-10-23 04:00:00+00:00,2024-11-20 05:00:00+00:00,2024-10-22 04:00:00+00:00,2024-11-19 05:00:00+00:00,26.04630689712504,82.895,89.2059,만기,20.0,5.39777152559295,5.808710621085616,153.1691560503882,7.613125037698287,MRVL@2024-10-23 04:00:00+00:00,⓪운영설정,C,B+C
MU,2024-10-23 04:00:00+00:00,2024-11-20 05:00:00+00:00,2024-10-22 04:00:00+00:00,2024-11-19 05:00:00+00:00,20.27020561354827,106.564,97.975,만기,20.0,5.400185477505395,4.964933487468479,-184.46591497973986,-8.05994519725235,MU@2024-10-23 04:00:00+00:00,⓪운영설정,C,B+C
AXON,2024-10-23 04:00:00+00:00,2024-11-20 05:00:00+00:00,2024-10-22 04:00:00+00:00,2024-11-19 05:00:00+00:00,4.833472395601161,447.52,609.18,만기,20.0,5.407688916198579,7.361136784880788,768.6103217718046,36.1235252055774,AXON@2024-10-23 04:00:00+00:00,⓪운영설정,C,B+C
LULU,2024-10-23 04:00:00+00:00,2024-11-20 05:00:00+00:00,2024-10-22 04:00:00+00:00,2024-11-19 05:00:00+00:00,6.987336122527734,297.135,298.74,만기,20.0,5.190455296918195,5.218491983109839,0.8057271966295048,0.5401585138068654,LULU@2024-10-23 04:00:00+00:00,⓪운영설정,C,B+C
CHTR,2024-11-05 05:00:00+00:00,2024-12-04 05:00:00+00:00,2024-11-04 05:00:00+00:00,2024-12-03 05:00:00+00:00,0.057665519170386835,377.44,399.21,만기,20.0,0.054413183889177014,0.057551629770025314,1.1434135386801216,5.767804154302669,CHTR@2024-11-05 05:00:00+00:00,⓪운영설정,C,C
APP,2024-11-20 05:00:00+00:00,2024-12-19 05:00:00+00:00,2024-11-19 05:00:00+00:00,2024-12-18 05:00:00+00:00,7.223389069617102,327.66,315.4,만기,20.0,5.91703915637685,5.695642281393085,-100.17143143127532,-3.741683452359168,APP@2024-11-20 05:00:00+00:00,⓪운영설정,C,C
MSTR,2024-11-20 05:00:00+00:00,2024-12-19 05:00:00+00:00,2024-11-19 05:00:00+00:00,2024-12-18 05:00:00+00:00,5.090499574847079,463.4,365.44,만기,20.0,5.897343757460341,4.650680411580291,-509.21336252105993,-21.139404402244278,MSTR@2024-11-20 05:00:00+00:00,⓪운영설정,C,B+C
TSLA,2024-11-20 05:00:00+00:00,2024-12-19 05:00:00+00:00,2024-11-19 05:00:00+00:00,2024-12-18 05:00:00+00:00,6.762395960167861,345.0,451.88,만기,20.0,5.83256651564478,7.639478716201633,709.2928349908948,30.97971014492753,TSLA@2024-11-20 05:00:00+00:00,⓪운영설정,C,B+C
PLTR,2024-11-20 05:00:00+00:00,2024-12-19 05:00:00+00:00,2024-11-19 05:00:00+00:00,2024-12-18 05:00:00+00:00,37.276972884775354,62.59,73.99,만기,20.0,5.832914332145224,6.895308059361321,412.2292684949325,18.21377216807796,PLTR@2024-11-20 05:00:00+00:00,⓪운영설정,C,B+C
SHOP,2024-11-20 05:00:00+00:00,2024-12-19 05:00:00+00:00,2024-11-19 05:00:00+00:00,2024-12-18 05:00:00+00:00,22.2690855895097,104.83,111.3,만기,20.0,5.8361706058707545,6.196373065281074,132.04844009297585,6.171897357626643,SHOP@2024-11-20 05:00:00+00:00,⓪운영설정,C,B+C
WBD,2024-11-20 05:00:00+00:00,2024-12-19 05:00:00+00:00,2024-11-19 05:00:00+00:00,2024-12-18 05:00:00+00:00,245.2991915880194,9.51,10.7,만기,20.0,5.831988280005161,6.561753374979519,279.51229633475896,12.513144058885374,WBD@2024-11-20 05:00:00+00:00,⓪운영설정,C,B+C
BKR,2024-11-20 05:00:00+00:00,2024-12-19 05:00:00+00:00,2024-11-19 05:00:00+00:00,2024-12-18 05:00:00+00:00,3.326085217075305,43.01,40.97,만기,20.0,0.3576373129660222,0.3406742783589381,-7.483525434158565,-4.743083003952564,BKR@2024-11-20 05:00:00+00:00,⓪운영설정,C,B+C
AXON,2024-11-22 05:00:00+00:00,2024-12-23 05:00:00+00:00,2024-11-21 05:00:00+00:00,2024-12-20 05:00:00+00:00,0.010525235274922539,635.5,634.64,만기,20.0,0.01672196754303318,0.0166993382871921,-0.04247300816665778,-0.13532651455546718,AXON@2024-11-22 05:00:00+00:00,⓪운영설정,C,C
AVGO,2024-12-19 05:00:00+00:00,2025-01-22 05:00:00+00:00,2024-12-18 05:00:00+00:00,2025-01-21 05:00:00+00:00,10.986695494587272,227.91,246.75,만기,20.0,6.259944425428463,6.777417783223523,193.9519809093722,8.266420955640385,AVGO@2024-12-19 05:00:00+00:00,⓪운영설정,C,B+C
LULU,2024-12-19 05:00:00+00:00,2025-01-22 05:00:00+00:00,2024-12-18 05:00:00+00:00,2025-01-21 05:00:00+00:00,6.6559701662702775,375.0,371.99,만기,20.0,6.239972030878386,6.189885855377201,-32.46432808672898,-0.8026666666666626,LULU@2024-12-19 05:00:00+00:00,⓪운영설정,C,B+C
MRVL,2024-12-19 05:00:00+00:00,2025-01-22 05:00:00+00:00,2024-12-18 05:00:00+00:00,2025-01-21 05:00:00+00:00,23.13639833655915,107.715,124.8,만기,20.0,6.230342867056172,7.218556281006455,381.83646643205066,15.861300654504928,MRVL@2024-12-19 05:00:00+00:00,⓪운영설정,C,B+C
SMCI,2024-12-19 05:00:00+00:00,2025-01-22 05:00:00+00:00,2024-12-18 05:00:00+00:00,2025-01-21 05:00:00+00:00,75.42990825433873,32.915,33.98,만기,20.0,6.206938575478898,6.407770706206074,67.7181430091855,3.2356068661704374,SMCI@2024-12-19 05:00:00+00:00,⓪운영설정,C,C
DDOG,2024-12-19 05:00:00+00:00,2025-01-22 05:00:00+00:00,2024-12-18 05:00:00+00:00,2025-01-21 05:00:00+00:00,16.439306417727,150.5,139.99,만기,20.0,6.185289039669784,5.753346263544008,-184.71574575352406,-6.983388704318926,DDOG@2024-12-19 05:00:00+00:00,⓪운영설정,C,B+C
AAPL,2024-12-19 05:00:00+00:00,2025-01-22 05:00:00+00:00,2024-12-18 05:00:00+00:00,2025-01-21 05:00:00+00:00,9.98970590800911,247.5,219.79,만기,20.0,6.181130530580637,5.489093653803305,-288.4849748953161,-11.195959595959604,AAPL@2024-12-19 05:00:00+00:00,⓪운영설정,C,B+C
ASML,2024-12-19 05:00:00+00:00,2025-01-22 05:00:00+00:00,2024-12-18 05:00:00+00:00,2025-01-21 05:00:00+00:00,0.16315156131202418,717.745,777.75,만기,20.0,0.292753043434747,0.31722781702606706,9.179928576067198,8.360211495726189,ASML@2024-12-19 05:00:00+00:00,⓪운영설정,C,B+C
TSLA,2024-12-20 05:00:00+00:00,2025-01-23 05:00:00+00:00,2024-12-19 05:00:00+00:00,2025-01-22 05:00:00+00:00,0.01695778071883171,425.505,416.06,만기,20.0,0.01803905121191622,0.017638635614692807,-0.1958439257159732,-2.219715396998856,TSLA@2024-12-20 05:00:00+00:00,⓪운영설정,C,C
CEG,2025-01-15 05:00:00+00:00,2025-02-13 05:00:00+00:00,2025-01-14 05:00:00+00:00,2025-02-12 05:00:00+00:00,0.032489747286102884,297.09,316.36,만기,20.0,0.024130947553070763,0.025696141128578775,0.5762503415215559,6.486249957925216,CEG@2025-01-15 05:00:00+00:00,⓪운영설정,C,C
KLAC,2025-01-17 05:00:00+00:00,2025-02-18 05:00:00+00:00,2025-01-16 05:00:00+00:00,2025-02-14 05:00:00+00:00,0.06902359994782811,76.295,75.804,만기,20.0,0.013165388895048865,0.013080662426112905,-0.060136638895544436,-0.643554623500886,KLAC@2025-01-17 05:00:00+00:00,⓪운영설정,C,C
BKR,2025-01-22 05:00:00+00:00,2025-02-20 05:00:00+00:00,2025-01-21 05:00:00+00:00,2025-02-19 05:00:00+00:00,53.70182698573505,47.04,46.76,만기,20.0,6.315334853522443,6.277743574632427,-27.629589984161157,-0.5952380952380931,BKR@2025-01-22 05:00:00+00:00,⓪운영설정,C,B+C
AMAT,2025-01-22 05:00:00+00:00,2025-02-20 05:00:00+00:00,2025-01-21 05:00:00+00:00,2025-02-19 05:00:00+00:00,12.829615158265756,196.825,175.14,만기,20.0,6.312972508814144,5.617446997046661,-290.14062421285325,-11.017401244760572,AMAT@2025-01-22 05:00:00+00:00,⓪운영설정,C,B+C
ISRG,2025-01-22 05:00:00+00:00,2025-02-20 05:00:00+00:00,2025-01-21 05:00:00+00:00,2025-02-19 05:00:00+00:00,4.139060450457686,608.025,607.15,만기,20.0,6.291630575973836,6.282576381238459,-16.195884851362734,-0.14390855639159206,ISRG@2025-01-22 05:00:00+00:00,⓪운영설정,C,B+C
DXCM,2025-01-22 05:00:00+00:00,2025-02-20 05:00:00+00:00,2025-01-21 05:00:00+00:00,2025-02-19 05:00:00+00:00,29.27539231966975,85.85,89.45,만기,20.0,6.283231076609119,6.546709607486148,92.5614716667169,4.19336051252186,DXCM@2025-01-22 05:00:00+00:00,⓪운영설정,C,B+C
ARM,2025-01-22 05:00:00+00:00,2025-02-20 05:00:00+00:00,2025-01-21 05:00:00+00:00,2025-02-19 05:00:00+00:00,15.678811900953493,160.37,153.2,만기,20.0,6.286027661389779,6.004984958065187,-124.70809394929165,-4.470911018270263,ARM@2025-01-22 05:00:00+00:00,⓪운영설정,C,C
GEHC,2025-01-22 05:00:00+00:00,2025-02-20 05:00:00+00:00,2025-01-21 05:00:00+00:00,2025-02-19 05:00:00+00:00,28.678536054256746,87.22,92.33,만기,20.0,6.253354786630683,6.619723084723813,133.67424136589761,5.858747993579461,GEHC@2025-01-22 05:00:00+00:00,⓪운영설정,C,C
INTC,2025-01-22 05:00:00+00:00,2025-02-20 05:00:00+00:00,2025-01-21 05:00:00+00:00,2025-02-19 05:00:00+00:00,2.4693624879553706,21.725,25.56,만기,20.0,0.1341172501270761,0.15779226298034818,9.178095628201419,17.652474108170303,INTC@2025-01-22 05:00:00+00:00,⓪운영설정,C,C
MU,2025-01-27 05:00:00+00:00,2025-02-25 05:00:00+00:00,2025-01-24 05:00:00+00:00,2025-02-24 05:00:00+00:00,0.09440467687877455,94.86,95.5,만기,20.0,0.022388069121801385,0.02253911660480742,0.01549180747580614,0.6746784735399469,MU@2025-01-27 05:00:00+00:00,⓪운영설정,C,B+C
PLTR,2025-02-13 05:00:00+00:00,2025-03-14 04:00:00+00:00,2025-02-12 05:00:00+00:00,2025-03-13 04:00:00+00:00,0.37377428326269124,117.31,82.97,만기,20.0,0.10961865292386579,0.07753013070576374,-13.022557670870444,-29.272866763276795,PLTR@2025-02-13 05:00:00+00:00,⓪운영설정,C,C
SMCI,2025-02-20 05:00:00+00:00,2025-03-20 04:00:00+00:00,2025-02-19 05:00:00+00:00,2025-03-19 04:00:00+00:00,43.56713104269407,57.21,39.81,만기,20.0,6.23118891738132,4.336018717024128,-768.635287777282,-30.414263240692186,SMCI@2025-02-20 05:00:00+00:00,⓪운영설정,C,B+C
APP,2025-02-20 05:00:00+00:00,2025-03-20 04:00:00+00:00,2025-02-19 05:00:00+00:00,2025-03-19 04:00:00+00:00,5.136651507570626,488.91,293.82,만기,20.0,6.2784007214158875,3.7731273648860033,-1012.1608706982556,-39.90304964103824,APP@2025-02-20 05:00:00+00:00,⓪운영설정,C,B+C
CRWD,2025-02-20 05:00:00+00:00,2025-03-20 04:00:00+00:00,2025-02-19 05:00:00+00:00,2025-03-19 04:00:00+00:00,22.759445947215877,110.48,92.82,만기,20.0,6.286158970621026,5.281329432051443,-413.49930383050514,-15.98479362780595,CRWD@2025-02-20 05:00:00+00:00,⓪운영설정,C,B+C
SHOP,2025-02-20 05:00:00+00:00,2025-03-20 04:00:00+00:00,2025-02-19 05:00:00+00:00,2025-03-19 04:00:00+00:00,19.862262567275017,126.9,98.46,만기,20.0,6.301302799468,4.8890959309347455,-576.0731461437044,-22.411347517730505,SHOP@2025-02-20 05:00:00+00:00,⓪운영설정,C,B+C
TMUS,2025-02-20 05:00:00+00:00,2025-03-20 04:00:00+00:00,2025-02-19 05:00:00+00:00,2025-03-19 04:00:00+00:00,9.588733584667292,263.0,258.33,만기,20.0,6.3045923319187445,6.192643867317753,-57.27662203963291,-1.7756653992395455,TMUS@2025-02-20 05:00:00+00:00,⓪운영설정,C,B+C
NFLX,2025-02-20 05:00:00+00:00,2025-03-20 04:00:00+00:00,2025-02-19 05:00:00+00:00,2025-03-19 04:00:00+00:00,22.296617869592474,104.2,95.001,만기,20.0,5.80826895502884,5.295502485572887,-216.2103592229828,-8.828214971209214,NFLX@2025-02-20 05:00:00+00:00,⓪운영설정,C,C
PDD,2025-02-21 05:00:00+00:00,2025-03-21 04:00:00+00:00,2025-02-20 05:00:00+00:00,2025-03-20 04:00:00+00:00,0.3570845304645296,128.435,127.465,만기,20.0,0.11465537917552965,0.11378944918915317,-0.5748168229152668,-0.7552458442013466,PDD@2025-02-21 05:00:00+00:00,⓪운영설정,C,B+C
MELI,2025-02-24 05:00:00+00:00,2025-03-24 04:00:00+00:00,2025-02-21 05:00:00+00:00,2025-03-21 04:00:00+00:00,0.030343420973512725,2280.18,2114.4,만기,20.0,0.17297115408846062,0.16039532326598827,-5.363698806343379,-7.2704786464226405,MELI@2025-02-24 05:00:00+00:00,⓪운영설정,C,B+C
GILD,2025-02-25 05:00:00+00:00,2025-03-25 04:00:00+00:00,2025-02-24 05:00:00+00:00,2025-03-24 04:00:00+00:00,0.368671100489632,111.1,106.74,만기,20.0,0.10239839816099527,0.0983798831656583,-1.8081842794614431,-3.924392439243929,GILD@2025-02-25 05:00:00+00:00,⓪운영설정,C,B+C
MNST,2025-03-14 04:00:00+00:00,2025-04-11 04:00:00+00:00,2025-03-13 04:00:00+00:00,2025-04-10 04:00:00+00:00,9.982458178780622,27.11,28.935,만기,20.0,0.6765611030668567,0.7221060685075432,16.819319004700276,6.731833271855403,MNST@2025-03-14 04:00:00+00:00,⓪운영설정,C,C
EA,2025-03-20 04:00:00+00:00,2025-04-17 04:00:00+00:00,2025-03-19 04:00:00+00:00,2025-04-16 04:00:00+00:00,14.396052968222413,141.41,143.27,만기,20.0,5.089364625590829,5.1563062718930635,16.530987623410283,1.3153242344954519,EA@2025-03-20 04:00:00+00:00,⓪운영설정,C,B+C
VRTX,2025-03-20 04:00:00+00:00,2025-04-17 04:00:00+00:00,2025-03-19 04:00:00+00:00,2025-04-16 04:00:00+00:00,3.9926088788253375,509.99,492.23,만기,20.0,5.090476505280335,4.91320467106049,-80.91241486427884,-3.4824212239455643,VRTX@2025-03-20 04:00:00+00:00,⓪운영설정,C,B+C
AMGN,2025-03-20 04:00:00+00:00,2025-04-17 04:00:00+00:00,2025-03-19 04:00:00+00:00,2025-04-16 04:00:00+00:00,6.483457790507851,314.175,277.04,만기,20.0,5.09235087833201,4.490442865705738,-250.34599879454663,-11.819845627436932,AMGN@2025-03-20 04:00:00+00:00,⓪운영설정,C,B+C
EXC,2025-03-20 04:00:00+00:00,2025-04-17 04:00:00+00:00,2025-03-19 04:00:00+00:00,2025-04-16 04:00:00+00:00,45.878786462469165,44.415,46.88,만기,20.0,5.09426575182642,5.376993773401387,102.61994910475914,5.549926826522578,EXC@2025-03-20 04:00:00+00:00,⓪운영설정,C,B+C
INTU,2025-03-20 04:00:00+00:00,2025-04-17 04:00:00+00:00,2025-03-19 04:00:00+00:00,2025-04-16 04:00:00+00:00,3.4002364888946945,599.11,592.0,만기,20.0,5.092789207154251,5.032350003564148,-34.30082064675935,-1.1867603612024546,INTU@2025-03-20 04:00:00+00:00,⓪운영설정,C,B+C
BIIB,2025-03-20 04:00:00+00:00,2025-04-17 04:00:00+00:00,2025-03-19 04:00:00+00:00,2025-04-16 04:00:00+00:00,11.330591590850265,141.14,115.02,만기,20.0,3.9979992428315154,3.2581116119489937,-303.211163207789,-18.506447498937217,BIIB@2025-03-20 04:00:00+00:00,⓪운영설정,C,A+C
AXON,2025-03-21 04:00:00+00:00,2025-04-21 04:00:00+00:00,2025-03-20 04:00:00+00:00,2025-04-17 04:00:00+00:00,0.08205519706783519,550.63,550.0,만기,20.0,0.11295513290365523,0.1128258959682734,-0.27747580302465735,-0.11441439805314202,AXON@2025-03-21 04:00:00+00:00,⓪운영설정,C,A+C
ZS,2025-03-24 04:00:00+00:00,2025-04-22 04:00:00+00:00,2025-03-21 04:00:00+00:00,2025-04-21 04:00:00+00:00,0.3218213042403832,208.0,196.95,만기,20.0,0.16734707820499925,0.15845676467535869,-3.8819292547365833,-5.312500000000009,ZS@2025-03-24 04:00:00+00:00,⓪운영설정,C,C
MSTR,2025-03-25 04:00:00+00:00,2025-04-23 04:00:00+00:00,2025-03-24 04:00:00+00:00,2025-04-22 04:00:00+00:00,0.0996545036839591,333.48,354.7,만기,20.0,0.08308195972131671,0.08836863114175074,1.9432179773105531,6.363200191915541,MSTR@2025-03-25 04:00:00+00:00,⓪운영설정,C,B+C
ROST,2025-04-11 04:00:00+00:00,2025-05-12 04:00:00+00:00,2025-04-10 04:00:00+00:00,2025-05-09 04:00:00+00:00,2.6567382620625084,138.82,147.26,만기,20.0,0.9220210138487935,0.9780781911783124,20.52277172678049,6.0798155885319005,ROST@2025-04-11 04:00:00+00:00,⓪운영설정,C,C
DLTR,2025-04-17 04:00:00+00:00,2025-05-16 04:00:00+00:00,2025-04-16 04:00:00+00:00,2025-05-15 04:00:00+00:00,26.557416728653806,73.57,86.73,만기,20.0,4.884572871817651,5.7583118821903625,338.85271939507675,17.88772597526167,DLTR@2025-04-17 04:00:00+00:00,⓪운영설정,C,B+C
CPRT,2025-04-17 04:00:00+00:00,2025-05-16 04:00:00+00:00,2025-04-16 04:00:00+00:00,2025-05-15 04:00:00+00:00,32.724140941488635,59.64,63.48,만기,20.0,4.879169414375956,5.193321167414246,115.58821063352616,6.438631790744465,CPRT@2025-04-17 04:00:00+00:00,⓪운영설정,C,B+C
PLTR,2025-04-17 04:00:00+00:00,2025-05-16 04:00:00+00:00,2025-04-16 04:00:00+00:00,2025-05-15 04:00:00+00:00,20.588728111348246,94.71,129.23,만기,20.0,4.874896098564481,6.651703334573835,699.1962949706035,36.448104740787656,PLTR@2025-04-17 04:00:00+00:00,⓪운영설정,C,B+C
COST,2025-04-17 04:00:00+00:00,2025-05-16 04:00:00+00:00,2025-04-16 04:00:00+00:00,2025-05-15 04:00:00+00:00,1.9964221963405098,973.275,1012.49,만기,20.0,4.857669532858274,5.053393773932007,68.37863312270292,4.029179830983032,COST@2025-04-17 04:00:00+00:00,⓪운영설정,C,B+C
TRI,2025-04-17 04:00:00+00:00,2025-05-16 04:00:00+00:00,2025-04-16 04:00:00+00:00,2025-05-15 04:00:00+00:00,10.736877294183747,180.75,190.91,만기,20.0,4.851726427309281,5.124443110581548,99.11050377101606,5.621023513139689,TRI@2025-04-17 04:00:00+00:00,⓪운영설정,C,B+C
FAST,2025-04-17 04:00:00+00:00,2025-05-16 04:00:00+00:00,2025-04-16 04:00:00+00:00,2025-05-15 04:00:00+00:00,36.46468280828168,40.6725,40.935,만기,20.0,3.7077745287995914,3.731704476892527,2.132500231482254,0.6453992255209373,FAST@2025-04-17 04:00:00+00:00,⓪운영설정,C,A+C
EXC,2025-04-21 04:00:00+00:00,2025-05-19 04:00:00+00:00,2025-04-17 04:00:00+00:00,2025-05-16 04:00:00+00:00,0.39911780474693614,47.48,43.87,만기,20.0,0.04737528342346132,0.04377324523562022,-1.53196380379552,-7.603201347935973,EXC@2025-04-21 04:00:00+00:00,⓪운영설정,C,A+C
KDP,2025-04-22 04:00:00+00:00,2025-05-20 04:00:00+00:00,2025-04-21 04:00:00+00:00,2025-05-19 04:00:00+00:00,2.3591328416594894,35.53,33.81,만기,20.0,0.20954997466040415,0.19940570344126837,-4.466664165755972,-4.840979453982541,KDP@2025-04-22 04:00:00+00:00,⓪운영설정,C,C
CCEP,2025-04-23 04:00:00+00:00,2025-05-21 04:00:00+00:00,2025-04-22 04:00:00+00:00,2025-05-20 04:00:00+00:00,0.07576435337680687,90.47,88.49,만기,20.0,0.017136002624999293,0.0167609690757841,-0.18391039138686072,-2.188570796949274,CCEP@2025-04-23 04:00:00+00:00,⓪운영설정,C,B+C
MSTR,2025-05-12 04:00:00+00:00,2025-06-10 04:00:00+00:00,2025-05-09 04:00:00+00:00,2025-06-09 04:00:00+00:00,0.762864455667676,420.92,393.24,만기,20.0,0.8027622666990955,0.7499720463668923,-22.66882244594717,-6.576071462510691,MSTR@2025-05-12 04:00:00+00:00,⓪운영설정,C,C
MCHP,2025-05-16 04:00:00+00:00,2025-06-16 04:00:00+00:00,2025-05-15 04:00:00+00:00,2025-06-13 04:00:00+00:00,35.45837279859498,60.67,66.75,만기,20.0,5.378148694226894,5.917115960765537,204.2916419604653,10.021427394099213,MCHP@2025-05-16 04:00:00+00:00,⓪운영설정,C,B+C
APP,2025-05-16 04:00:00+00:00,2025-06-16 04:00:00+00:00,2025-05-15 04:00:00+00:00,2025-06-13 04:00:00+00:00,5.8255551133281545,369.26,367.79,만기,20.0,5.377861202868886,5.3564522878274055,-19.297879507288144,-0.3980934842658157,APP@2025-05-16 04:00:00+00:00,⓪운영설정,C,B+C
TSLA,2025-05-16 04:00:00+00:00,2025-06-16 04:00:00+00:00,2025-05-15 04:00:00+00:00,2025-06-13 04:00:00+00:00,6.203875722582536,346.24,331.29,만기,20.0,5.3700748254674435,5.138204970335921,-103.25622184841177,-4.317814232902029,TSLA@2025-05-16 04:00:00+00:00,⓪운영설정,C,B+C
CEG,2025-05-16 04:00:00+00:00,2025-06-16 04:00:00+00:00,2025-05-15 04:00:00+00:00,2025-06-13 04:00:00+00:00,7.48125118148813,286.59,300.0,만기,20.0,5.360129440256708,5.610938386116097,89.35251051738351,4.679158379566628,CEG@2025-05-16 04:00:00+00:00,⓪운영설정,C,B+C
SMCI,2025-05-16 04:00:00+00:00,2025-06-16 04:00:00+00:00,2025-05-15 04:00:00+00:00,2025-06-13 04:00:00+00:00,47.05051207396415,45.5,42.28,만기,20.0,5.3519957484134215,4.973239126218011,-161.82788375279551,-7.0769230769230695,SMCI@2025-05-16 04:00:00+00:00,⓪운영설정,C,B+C
MU,2025-05-16 04:00:00+00:00,2025-06-16 04:00:00+00:00,2025-05-15 04:00:00+00:00,2025-06-13 04:00:00+00:00,18.582159533878453,95.9,117.81,만기,20.0,4.4550727482473595,5.472910536715552,397.20713210231406,22.846715328467138,MU@2025-05-16 04:00:00+00:00,⓪운영설정,C,B+C
NVDA,2025-05-20 04:00:00+00:00,2025-06-18 04:00:00+00:00,2025-05-19 04:00:00+00:00,2025-06-17 04:00:00+00:00,0.5858781310311413,134.29,144.005,만기,20.0,0.1966939355404299,0.21092345064784876,5.284188656779278,7.234343584779213,NVDA@2025-05-20 04:00:00+00:00,⓪운영설정,C,B+C
AVGO,2025-05-21 04:00:00+00:00,2025-06-20 04:00:00+00:00,2025-05-20 04:00:00+00:00,2025-06-18 04:00:00+00:00,0.09041034964487243,228.39,253.21,만기,20.0,0.051622049388481035,0.05723201158394537,2.1351308172133088,10.86737597968388,AVGO@2025-05-21 04:00:00+00:00,⓪운영설정,C,B+C
AXON,2025-05-22 04:00:00+00:00,2025-06-23 04:00:00+00:00,2025-05-21 04:00:00+00:00,2025-06-20 04:00:00+00:00,0.03886520339748111,734.07,773.48,만기,20.0,0.0713244496449724,0.07515364380970922,1.3851995724400474,5.368697808110934,AXON@2025-05-22 04:00:00+00:00,⓪운영설정,C,C
ZS,2025-06-10 04:00:00+00:00,2025-07-10 04:00:00+00:00,2025-06-09 04:00:00+00:00,2025-07-09 04:00:00+00:00,0.7479352034042194,300.0,315.94,만기,20.0,0.5609514025531646,0.5907566204088227,10.77037911930131,5.3133333333333255,ZS@2025-06-10 04:00:00+00:00,⓪운영설정,C,C
ON,2025-06-16 04:00:00+00:00,2025-07-16 04:00:00+00:00,2025-06-13 04:00:00+00:00,2025-07-15 04:00:00+00:00,42.23952324335963,52.39,59.08,만기,20.0,5.532321556799027,6.238777583044217,270.8113113582335,12.769612521473551,ON@2025-06-16 04:00:00+00:00,⓪운영설정,C,B+C
INTU,2025-06-16 04:00:00+00:00,2025-07-16 04:00:00+00:00,2025-06-13 04:00:00+00:00,2025-07-15 04:00:00+00:00,2.892339750000677,761.82,751.8,만기,20.0,5.50860567086379,5.436152560126272,-39.926002525996864,-1.3152713239347968,INTU@2025-06-16 04:00:00+00:00,⓪운영설정,C,B+C
MRNA,2025-06-16 04:00:00+00:00,2025-07-16 04:00:00+00:00,2025-06-13 04:00:00+00:00,2025-07-15 04:00:00+00:00,82.63103996985741,26.615,31.7,만기,20.0,5.498062821994387,6.5485099176112,408.1322655071199,19.105767424384744,MRNA@2025-06-16 04:00:00+00:00,⓪운영설정,C,B+C
CRWD,2025-06-16 04:00:00+00:00,2025-07-16 04:00:00+00:00,2025-06-13 04:00:00+00:00,2025-07-15 04:00:00+00:00,18.255707139888962,120.46,118.955,만기,20.0,5.49770620517756,5.429019107063729,-38.40156455777378,-1.2493773866843694,CRWD@2025-06-16 04:00:00+00:00,⓪운영설정,C,B+C
DASH,2025-06-16 04:00:00+00:00,2025-07-16 04:00:00+00:00,2025-06-13 04:00:00+00:00,2025-07-15 04:00:00+00:00,9.988303485575946,220.0,236.94,만기,20.0,5.4935669170667705,5.916571569680912,157.791722558909,7.699999999999996,DASH@2025-06-16 04:00:00+00:00,⓪운영설정,C,B+C
DLTR,2025-06-16 04:00:00+00:00,2025-07-16 04:00:00+00:00,2025-06-13 04:00:00+00:00,2025-07-15 04:00:00+00:00,19.90079971811548,96.3,106.89,만기,20.0,4.791117532136302,5.317991204673409,200.6403602780333,10.996884735202507,DLTR@2025-06-16 04:00:00+00:00,⓪운영설정,C,C
MU,2025-06-18 04:00:00+00:00,2025-07-18 04:00:00+00:00,2025-06-17 04:00:00+00:00,2025-07-17 04:00:00+00:00,0.5996476917092624,120.46,114.24,만기,20.0,0.18058390235824437,0.17125938075216532,-4.081651925542019,-5.163539764237091,MU@2025-06-18 04:00:00+00:00,⓪운영설정,C,C
MRVL,2025-06-20 04:00:00+00:00,2025-07-21 04:00:00+00:00,2025-06-18 04:00:00+00:00,2025-07-18 04:00:00+00:00,0.4338290107293093,77.06,73.485,만기,20.0,0.08357715891700145,0.07969981213360823,-1.7142156844078933,-4.639242148974832,MRVL@2025-06-20 04:00:00+00:00,⓪운영설정,C,B+C
WBD,2025-06-23 04:00:00+00:00,2025-07-22 04:00:00+00:00,2025-06-20 04:00:00+00:00,2025-07-21 04:00:00+00:00,2.263900721856751,10.45,12.8,만기,20.0,0.059144406358507616,0.07244482309941602,5.188577466905446,22.48803827751198,WBD@2025-06-23 04:00:00+00:00,⓪운영설정,C,C
DDOG,2025-07-10 04:00:00+00:00,2025-08-07 04:00:00+00:00,2025-07-09 04:00:00+00:00,2025-08-06 04:00:00+00:00,0.6972160973585009,142.851,147.75,만기,20.0,0.24899504180939802,0.2575341959617963,2.9091324231881117,3.4294474662410535,DDOG@2025-07-10 04:00:00+00:00,⓪운영설정,C,C
AMD,2025-07-16 04:00:00+00:00,2025-08-13 04:00:00+00:00,2025-07-15 04:00:00+00:00,2025-08-12 04:00:00+00:00,15.182075287275735,155.31,179.91,만기,20.0,5.894820282166986,6.828517912334444,360.75571387248146,15.83928916360826,AMD@2025-07-16 04:00:00+00:00,⓪운영설정,C,B+C
SMCI,2025-07-16 04:00:00+00:00,2025-08-13 04:00:00+00:00,2025-07-15 04:00:00+00:00,2025-08-12 04:00:00+00:00,44.44768752065662,53.045,46.43,만기,20.0,5.894318961333076,5.159265328960218,-305.07503723943637,-12.470543877839567,SMCI@2025-07-16 04:00:00+00:00,⓪운영설정,C,B+C
NVDA,2025-07-16 04:00:00+00:00,2025-08-13 04:00:00+00:00,2025-07-15 04:00:00+00:00,2025-08-12 04:00:00+00:00,13.782748494083252,171.06,182.615,만기,20.0,5.894192393494704,6.292341540617533,147.0731249150199,6.75493978720918,NVDA@2025-07-16 04:00:00+00:00,⓪운영설정,C,B+C
SNPS,2025-07-16 04:00:00+00:00,2025-08-13 04:00:00+00:00,2025-07-15 04:00:00+00:00,2025-08-12 04:00:00+00:00,4.138871534407147,569.25,628.75,만기,20.0,5.890131552403171,6.505788693146234,233.86693605167557,10.45234958278436,SNPS@2025-07-16 04:00:00+00:00,⓪운영설정,C,B+C
AMAT,2025-07-16 04:00:00+00:00,2025-08-13 04:00:00+00:00,2025-07-15 04:00:00+00:00,2025-08-12 04:00:00+00:00,12.139579444025433,194.0,189.8,만기,20.0,5.887696030352335,5.760230446190068,-62.634160141448774,-2.1649484536082397,AMAT@2025-07-16 04:00:00+00:00,⓪운영설정,C,B+C
MSTR,2025-07-16 04:00:00+00:00,2025-08-13 04:00:00+00:00,2025-07-15 04:00:00+00:00,2025-08-12 04:00:00+00:00,4.753594300678261,448.31,397.73,만기,20.0,5.327709652342678,4.726617653021911,-250.49112703367086,-11.282371573241722,MSTR@2025-07-16 04:00:00+00:00,⓪운영설정,C,C
MRNA,2025-07-18 04:00:00+00:00,2025-08-15 04:00:00+00:00,2025-07-17 04:00:00+00:00,2025-08-14 04:00:00+00:00,1.808570063932018,32.45,26.97,만기,20.0,0.14672024643648496,0.1219428365606163,-10.179627033344559,-16.88751926040063,MRNA@2025-07-18 04:00:00+00:00,⓪운영설정,C,C
SHOP,2025-07-21 04:00:00+00:00,2025-08-18 04:00:00+00:00,2025-07-18 04:00:00+00:00,2025-08-15 04:00:00+00:00,0.47090519208655346,126.835,141.385,만기,20.0,0.149318150095745,0.1664473264578934,6.535905068305723,11.471596956675988,SHOP@2025-07-21 04:00:00+00:00,⓪운영설정,C,C
AVGO,2025-07-22 04:00:00+00:00,2025-08-19 04:00:00+00:00,2025-07-21 04:00:00+00:00,2025-08-18 04:00:00+00:00,0.08537119949220968,287.655,302.415,만기,20.0,0.06139363097482893,0.06454382823609149,1.1341414452941052,5.131146686134458,AVGO@2025-07-22 04:00:00+00:00,⓪운영설정,C,C
PLTR,2025-08-07 04:00:00+00:00,2025-09-05 04:00:00+00:00,2025-08-06 04:00:00+00:00,2025-09-04 04:00:00+00:00,0.6959022520228683,181.01,157.82,만기,20.0,0.3149131665966484,0.2745682335356227,-16.72745462454256,-12.811446881387766,PLTR@2025-08-07 04:00:00+00:00,⓪운영설정,C,C
APP,2025-08-13 04:00:00+00:00,2025-09-11 04:00:00+00:00,2025-08-12 04:00:00+00:00,2025-09-10 04:00:00+00:00,5.054339734654735,470.38,568.0,만기,20.0,5.9436508109672355,7.177162423209723,480.28383166281856,20.753433394276975,APP@2025-08-13 04:00:00+00:00,⓪운영설정,C,B+C
IDXX,2025-08-13 04:00:00+00:00,2025-09-11 04:00:00+00:00,2025-08-12 04:00:00+00:00,2025-09-10 04:00:00+00:00,3.6458801201415523,651.15,637.14,만기,20.0,5.935037100575429,5.807340149367471,-62.8211577331258,-2.151577977424557,IDXX@2025-08-13 04:00:00+00:00,⓪운영설정,C,B+C
EA,2025-08-13 04:00:00+00:00,2025-09-11 04:00:00+00:00,2025-08-12 04:00:00+00:00,2025-09-10 04:00:00+00:00,13.351357135738441,177.79,171.09,만기,20.0,5.934344462907343,5.710709230883725,-101.09914650323799,-3.7684909162495006,EA@2025-08-13 04:00:00+00:00,⓪운영설정,C,B+C
ROST,2025-08-13 04:00:00+00:00,2025-09-11 04:00:00+00:00,2025-08-12 04:00:00+00:00,2025-09-10 04:00:00+00:00,16.04089210787316,147.94,149.55,만기,20.0,5.932723946096887,5.997288536831078,13.895823810748425,1.0882790320400293,ROST@2025-08-13 04:00:00+00:00,⓪운영설정,C,B+C
ORLY,2025-08-13 04:00:00+00:00,2025-09-11 04:00:00+00:00,2025-08-12 04:00:00+00:00,2025-09-10 04:00:00+00:00,23.269699824219817,101.95,105.66,만기,20.0,5.930864742698026,6.146691208567664,74.25303039659002,3.6390387444825922,ORLY@2025-08-13 04:00:00+00:00,⓪운영설정,C,C
GOOGL,2025-08-13 04:00:00+00:00,2025-09-11 04:00:00+00:00,2025-08-12 04:00:00+00:00,2025-09-10 04:00:00+00:00,10.412004976697187,204.13,239.88,만기,20.0,5.313506439732992,6.244079384525303,360.6715920926663,17.51334933620732,GOOGL@2025-08-13 04:00:00+00:00,⓪운영설정,C,C
AZN,2025-08-15 04:00:00+00:00,2025-09-15 04:00:00+00:00,2025-08-14 04:00:00+00:00,2025-09-12 04:00:00+00:00,0.4265198203527008,158.328884,157.754096,만기,20.0,0.168826017900809,0.1682131217145568,-0.5821976141162395,-0.36303420164319755,AZN@2025-08-15 04:00:00+00:00,⓪운영설정,C,B+C
AMD,2025-08-18 04:00:00+00:00,2025-09-16 04:00:00+00:00,2025-08-15 04:00:00+00:00,2025-09-15 04:00:00+00:00,0.39886050622778707,176.755,161.37,만기,20.0,0.17625147194573124,0.160910299724945,-6.473630659985176,-8.704138496789337,AMD@2025-08-18 04:00:00+00:00,⓪운영설정,C,C
CDNS,2025-08-19 04:00:00+00:00,2025-09-17 04:00:00+00:00,2025-08-18 04:00:00+00:00,2025-09-16 04:00:00+00:00,0.11382491393578316,354.0,349.88,만기,20.0,0.1007350488331681,0.09956265221962954,-0.6692563464682166,-1.1638418079096047,CDNS@2025-08-19 04:00:00+00:00,⓪운영설정,C,C
INTC,2025-09-05 04:00:00+00:00,2025-10-03 04:00:00+00:00,2025-09-04 04:00:00+00:00,2025-10-02 04:00:00+00:00,1.2702657947950908,24.6,37.95,만기,20.0,0.0781213463798981,0.12051646728118426,16.75941054685339,54.268292682926834,INTC@2025-09-05 04:00:00+00:00,⓪운영설정,C,C
AVGO,2025-09-11 04:00:00+00:00,2025-10-09 04:00:00+00:00,2025-09-10 04:00:00+00:00,2025-10-08 04:00:00+00:00,6.701454976645378,371.18,345.75,만기,20.0,6.218615145578078,5.792570145437849,-182.4291853471077,-6.851123444151086,AVGO@2025-09-11 04:00:00+00:00,⓪운영설정,C,B+C
GOOG,2025-09-11 04:00:00+00:00,2025-10-09 04:00:00+00:00,2025-09-10 04:00:00+00:00,2025-10-08 04:00:00+00:00,10.34771894170675,240.14,245.06,만기,20.0,6.2122530666536475,6.339530009636641,38.358994116907525,2.0488048638294343,GOOG@2025-09-11 04:00:00+00:00,⓪운영설정,C,B+C
ADSK,2025-09-11 04:00:00+00:00,2025-10-09 04:00:00+00:00,2025-09-10 04:00:00+00:00,2025-10-08 04:00:00+00:00,7.63458893726263,325.24,310.5,만기,20.0,6.207684264888245,5.926349662550117,-124.66787486268913,-4.5320378797195975,ADSK@2025-09-11 04:00:00+00:00,⓪운영설정,C,B+C
PANW,2025-09-11 04:00:00+00:00,2025-10-09 04:00:00+00:00,2025-09-10 04:00:00+00:00,2025-10-08 04:00:00+00:00,12.527777356457367,198.0,217.0,만기,20.0,6.201249791446397,6.796319215878121,225.0302007653654,9.595959595959602,PANW@2025-09-11 04:00:00+00:00,⓪운영설정,C,B+C
WBD,2025-09-11 04:00:00+00:00,2025-10-09 04:00:00+00:00,2025-09-10 04:00:00+00:00,2025-10-08 04:00:00+00:00,196.92619363605004,12.585,17.84,만기,20.0,6.195790367274225,8.782908236167833,1019.868448954001,41.75605880015891,WBD@2025-09-11 04:00:00+00:00,⓪운영설정,C,C
BIIB,2025-09-11 04:00:00+00:00,2025-10-09 04:00:00+00:00,2025-09-10 04:00:00+00:00,2025-10-08 04:00:00+00:00,16.138492182886523,143.47,151.37,만기,20.0,5.788473683696824,6.107208904308833,115.59840565679815,5.50637763992472,BIIB@2025-09-11 04:00:00+00:00,⓪운영설정,C,C
APP,2025-09-17 04:00:00+00:00,2025-10-15 04:00:00+00:00,2025-09-16 04:00:00+00:00,2025-10-14 04:00:00+00:00,0.08593382778891084,603.57,603.38,만기,20.0,0.12966770109638232,0.12962688252818258,-0.27562201090445626,-0.03147936444820587,APP@2025-09-17 04:00:00+00:00,⓪운영설정,C,C
MU,2025-09-18 04:00:00+00:00,2025-10-16 04:00:00+00:00,2025-09-17 04:00:00+00:00,2025-10-15 04:00:00+00:00,0.06920492440555716,162.99,199.96,만기,20.0,0.028199276572154406,0.034595541710338025,2.4957112369909566,22.6823731517271,MU@2025-09-18 04:00:00+00:00,⓪운영설정,C,C
TSLA,2025-09-30 04:00:00+00:00,2025-10-28 04:00:00+00:00,2025-09-29 04:00:00+00:00,2025-10-27 04:00:00+00:00,0.012789186589178015,441.52,454.775,만기,20.0,0.014116704157134691,0.014540505827733578,0.14086345825468705,3.002129008878418,TSLA@2025-09-30 04:00:00+00:00,⓪운영설정,C,C
INTC,2025-10-08 04:00:00+00:00,2025-11-05 05:00:00+00:00,2025-10-07 04:00:00+00:00,2025-11-04 05:00:00+00:00,0.5426884804006903,36.545,37.415,만기,20.0,0.04958137629060807,0.05076172373547957,0.3717958779225121,2.380626624709259,INTC@2025-10-08 04:00:00+00:00,⓪운영설정,C,C
AMD,2025-10-09 04:00:00+00:00,2025-11-06 05:00:00+00:00,2025-10-08 04:00:00+00:00,2025-11-05 05:00:00+00:00,11.23110552365116,236.3,253.465,만기,20.0,6.634775588096923,7.116730403880602,179.0304203214946,7.264071096064328,AMD@2025-10-09 04:00:00+00:00,⓪운영설정,C,B+C
MRVL,2025-10-09 04:00:00+00:00,2025-11-06 05:00:00+00:00,2025-10-08 04:00:00+00:00,2025-11-05 05:00:00+00:00,28.841352587375646,91.94,96.21,만기,20.0,6.6291848922082925,6.937066331078527,109.58632432480726,4.644333260822275,MRVL@2025-10-09 04:00:00+00:00,⓪운영설정,C,B+C
SMCI,2025-10-09 04:00:00+00:00,2025-11-06 05:00:00+00:00,2025-10-08 04:00:00+00:00,2025-11-05 05:00:00+00:00,46.03676368092494,57.63,42.5,만기,20.0,6.632746727329261,4.891406141098275,-708.0603873608216,-26.253687315634224,SMCI@2025-10-09 04:00:00+00:00,⓪운영설정,C,B+C
AMAT,2025-10-09 04:00:00+00:00,2025-11-06 05:00:00+00:00,2025-10-08 04:00:00+00:00,2025-11-05 05:00:00+00:00,12.255018288057187,217.0,240.77,만기,20.0,6.648347421271024,7.3766018830388225,277.27683540280987,10.953917050691242,AMAT@2025-10-09 04:00:00+00:00,⓪운영설정,C,B+C
LRCX,2025-10-09 04:00:00+00:00,2025-11-06 05:00:00+00:00,2025-10-08 04:00:00+00:00,2025-11-05 05:00:00+00:00,18.760348319434403,141.75,163.39,만기,20.0,6.648198435699567,7.6631332797809675,391.6626059170803,15.26631393298059,LRCX@2025-10-09 04:00:00+00:00,⓪운영설정,C,C
SNPS,2025-10-09 04:00:00+00:00,2025-11-06 05:00:00+00:00,2025-10-08 04:00:00+00:00,2025-11-05 05:00:00+00:00,5.227408562697681,487.5,411.0,만기,20.0,6.3709041857878,5.371162298171868,-411.6388215303323,-15.692307692307693,SNPS@2025-10-09 04:00:00+00:00,⓪운영설정,C,B+C
CEG,2025-10-15 04:00:00+00:00,2025-11-12 05:00:00+00:00,2025-10-14 04:00:00+00:00,2025-11-11 05:00:00+00:00,0.3671538889163264,396.975,354.63,만기,20.0,0.36437728763139665,0.32550945906599205,-16.237018172859223,-10.666918571698481,CEG@2025-10-15 04:00:00+00:00,⓪운영설정,C,C
MU,2025-10-23 04:00:00+00:00,2025-11-20 05:00:00+00:00,2025-10-22 04:00:00+00:00,2025-11-19 05:00:00+00:00,0.028141569063787838,196.7,230.235,만기,20.0,0.01383861658711767,0.016197935383502983,0.9136909665835065,17.048805287239468,MU@2025-10-23 04:00:00+00:00,⓪운영설정,C,C
WBD,2025-11-06 05:00:00+00:00,2025-12-05 05:00:00+00:00,2025-11-05 05:00:00+00:00,2025-12-04 05:00:00+00:00,116.42021019257373,22.57,25.45,만기,20.0,6.569010360115973,7.407235873502503,321.3139591209938,12.760301284891451,WBD@2025-11-06 05:00:00+00:00,⓪운영설정,C,B+C
ISRG,2025-11-06 05:00:00+00:00,2025-12-05 05:00:00+00:00,2025-11-05 05:00:00+00:00,2025-12-04 05:00:00+00:00,4.807653970466547,547.03,569.5,만기,20.0,6.574827378660788,6.844897340451747,94.60825999727149,4.107635778659313,ISRG@2025-11-06 05:00:00+00:00,⓪운영설정,C,B+C
DLTR,2025-11-06 05:00:00+00:00,2025-12-05 05:00:00+00:00,2025-11-05 05:00:00+00:00,2025-12-04 05:00:00+00:00,25.271842013506095,104.07,115.92,만기,20.0,6.575101495863948,7.323779815514066,285.57244654866963,11.386566733929104,DLTR@2025-11-06 05:00:00+00:00,⓪운영설정,C,B+C
GOOGL,2025-11-06 05:00:00+00:00,2025-12-05 05:00:00+00:00,2025-11-05 05:00:00+00:00,2025-12-04 05:00:00+00:00,9.225356314375755,285.33,319.49,만기,20.0,6.580677292952085,7.368522722199775,301.1889716839246,11.972102477832692,GOOGL@2025-11-06 05:00:00+00:00,⓪운영설정,C,B+C
GOOG,2025-11-06 05:00:00+00:00,2025-12-05 05:00:00+00:00,2025-11-05 05:00:00+00:00,2025-12-04 05:00:00+00:00,9.20390682824932,285.735,320.0,만기,20.0,6.5746957939245485,7.363125462599456,301.4340462134387,11.991880588657322,GOOG@2025-11-06 05:00:00+00:00,⓪운영설정,C,B+C
KLAC,2025-11-06 05:00:00+00:00,2025-12-05 05:00:00+00:00,2025-11-05 05:00:00+00:00,2025-12-04 05:00:00+00:00,20.246440936533226,122.305,122.4,만기,20.0,6.190602396856741,6.195410926579167,-10.462601434465341,0.07767466579453597,KLAC@2025-11-06 05:00:00+00:00,⓪운영설정,C,C
DDOG,2025-11-07 05:00:00+00:00,2025-12-08 05:00:00+00:00,2025-11-06 05:00:00+00:00,2025-12-05 05:00:00+00:00,0.08260443642751372,184.29,152.835,만기,20.0,0.03805792897306626,0.03156212260349765,-2.6679425994040056,-17.068207716099614,DDOG@2025-11-07 05:00:00+00:00,⓪운영설정,C,C
REGN,2025-11-12 05:00:00+00:00,2025-12-11 05:00:00+00:00,2025-11-11 05:00:00+00:00,2025-12-10 05:00:00+00:00,0.13469833406589485,678.89,726.08,만기,20.0,0.22861338003498838,0.24450441599641234,5.883296588538201,6.951052453269324,REGN@2025-11-12 05:00:00+00:00,⓪운영설정,C,C
AMZN,2025-11-13 05:00:00+00:00,2025-12-12 05:00:00+00:00,2025-11-12 05:00:00+00:00,2025-12-11 05:00:00+00:00,0.06558546335705955,243.05,229.87,만기,20.0,0.039851367172333306,0.03769032615471819,-0.9419581003730944,-5.422752520057605,AMZN@2025-11-13 05:00:00+00:00,⓪운영설정,C,C
AMGN,2025-11-20 05:00:00+00:00,2025-12-19 05:00:00+00:00,2025-11-19 05:00:00+00:00,2025-12-18 05:00:00+00:00,0.03224459411471841,344.52,325.56,만기,20.0,0.027772268911006967,0.026243875149969315,-0.6653736484760362,-5.503308951584806,AMGN@2025-11-20 05:00:00+00:00,⓪운영설정,C,C
BIIB,2025-12-05 05:00:00+00:00,2026-01-06 05:00:00+00:00,2025-12-04 05:00:00+00:00,2026-01-05 05:00:00+00:00,15.502877662999651,181.96,174.94,만기,20.0,7.0522590488985415,6.780183545912897,-122.66264378906908,-3.857990767201591,BIIB@2025-12-05 05:00:00+00:00,⓪운영설정,C,B+C
ADI,2025-12-05 05:00:00+00:00,2026-01-06 05:00:00+00:00,2025-12-04 05:00:00+00:00,2026-01-05 05:00:00+00:00,10.066738581163715,280.12,279.735,만기,20.0,7.049737028388949,7.040047792504581,-17.965479174641132,-0.13744109667285231,ADI@2025-12-05 05:00:00+00:00,⓪운영설정,C,B+C
SNPS,2025-12-05 05:00:00+00:00,2026-01-06 05:00:00+00:00,2025-12-04 05:00:00+00:00,2026-01-05 05:00:00+00:00,6.0530176064814345,464.98,495.6,만기,20.0,7.036330316654344,7.499688814430498,170.80737997937695,6.5852294722353655,SNPS@2025-12-05 05:00:00+00:00,⓪운영설정,C,B+C
AMAT,2025-12-05 05:00:00+00:00,2026-01-06 05:00:00+00:00,2025-12-04 05:00:00+00:00,2026-01-05 05:00:00+00:00,10.42424202348973,269.79,285.43,만기,20.0,7.030890638793237,7.4384785019116855,148.56577610667455,5.797101449275366,AMAT@2025-12-05 05:00:00+00:00,⓪운영설정,C,B+C
AZN,2025-12-05 05:00:00+00:00,2026-01-06 05:00:00+00:00,2025-12-04 05:00:00+00:00,2026-01-05 05:00:00+00:00,15.367431078084298,182.903592,186.533832,만기,20.0,7.026895859985127,7.166364517477388,41.59420261944206,1.9847833278200389,AZN@2025-12-05 05:00:00+00:00,⓪운영설정,C,B+C
APP,2025-12-05 05:00:00+00:00,2026-01-06 05:00:00+00:00,2025-12-04 05:00:00+00:00,2026-01-05 05:00:00+00:00,3.957883972176668,687.445,629.94,만기,20.0,6.802068868132474,6.233073573582426,-240.63326026173354,-8.36503283899075,APP@2025-12-05 05:00:00+00:00,⓪운영설정,C,B+C
DLTR,2025-12-08 05:00:00+00:00,2026-01-07 05:00:00+00:00,2025-12-05 05:00:00+00:00,2026-01-06 05:00:00+00:00,0.0623759082576195,124.65,134.0,만기,20.0,0.01943789241078068,0.020895929266302536,0.54288092053166,7.501002807862012,DLTR@2025-12-08 05:00:00+00:00,⓪운영설정,C,B+C
WBD,2025-12-11 05:00:00+00:00,2026-01-12 05:00:00+00:00,2025-12-10 05:00:00+00:00,2026-01-09 05:00:00+00:00,2.7611756287546454,29.44,28.48,만기,20.0,0.20322252627634194,0.19659570476733076,-3.050546834648131,-3.2608695652173947,WBD@2025-12-11 05:00:00+00:00,⓪운영설정,C,C
MCHP,2025-12-12 05:00:00+00:00,2026-01-13 05:00:00+00:00,2025-12-11 05:00:00+00:00,2026-01-12 05:00:00+00:00,0.34174877886226857,69.36,73.51,만기,20.0,0.05925923825471737,0.06280488183541341,1.29619331218829,5.9832756632064665,MCHP@2025-12-12 05:00:00+00:00,⓪운영설정,C,C
LULU,2025-12-19 05:00:00+00:00,2026-01-21 05:00:00+00:00,2025-12-18 05:00:00+00:00,2026-01-20 05:00:00+00:00,0.281011587081205,214.99,188.905,만기,20.0,0.15103670276647066,0.13271123464393758,-7.613935186423639,-12.133122470812596,LULU@2025-12-19 05:00:00+00:00,⓪운영설정,C,C
MU,2026-01-06 05:00:00+00:00,2026-02-04 05:00:00+00:00,2026-01-05 05:00:00+00:00,2026-02-03 05:00:00+00:00,8.851283942331218,318.28,410.59,만기,20.0,7.04296663291295,9.085621684704437,800.9334323989779,29.00276486112856,MU@2026-01-06 05:00:00+00:00,⓪운영설정,C,B+C
MRNA,2026-01-06 05:00:00+00:00,2026-02-04 05:00:00+00:00,2026-01-05 05:00:00+00:00,2026-02-03 05:00:00+00:00,86.72064185484965,32.38,42.59,만기,20.0,7.020035958150079,9.233580341495117,869.1641370383704,31.531809759110562,MRNA@2026-01-06 05:00:00+00:00,⓪운영설정,C,B+C
LRCX,2026-01-06 05:00:00+00:00,2026-02-04 05:00:00+00:00,2026-01-05 05:00:00+00:00,2026-02-03 05:00:00+00:00,14.177860942497043,197.79,229.87,만기,20.0,7.010597789541225,8.14766223712949,439.6675190086353,16.21922240760403,LRCX@2026-01-06 05:00:00+00:00,⓪운영설정,C,B+C
ABNB,2026-01-06 05:00:00+00:00,2026-02-04 05:00:00+00:00,2026-01-05 05:00:00+00:00,2026-02-03 05:00:00+00:00,20.57199249863012,135.95,123.15,만기,20.0,6.991905950471911,6.333602190515749,-276.64701212345244,-9.415226186097813,ABNB@2026-01-06 05:00:00+00:00,⓪운영설정,C,B+C
KLAC,2026-01-06 05:00:00+00:00,2026-02-04 05:00:00+00:00,2026-01-05 05:00:00+00:00,2026-02-03 05:00:00+00:00,20.41517232352863,136.931,136.523,만기,20.0,6.988674903582748,6.9678514278127475,-22.285916639395055,-0.2979602865677,KLAC@2026-01-06 05:00:00+00:00,⓪운영설정,C,B+C
ASML,2026-01-06 05:00:00+00:00,2026-02-04 05:00:00+00:00,2026-01-05 05:00:00+00:00,2026-02-03 05:00:00+00:00,2.2334257361201986,1222.82,1395.76,만기,20.0,6.827694146606253,7.79331576361782,371.6276368944036,14.142719288202677,ASML@2026-01-06 05:00:00+00:00,⓪운영설정,C,C
TXN,2026-02-04 05:00:00+00:00,2026-03-05 05:00:00+00:00,2026-02-03 05:00:00+00:00,2026-03-04 05:00:00+00:00,14.14991287718794,222.125,200.91,만기,20.0,7.857623494613429,7.107147490389573,-315.1551726745447,-9.550928531232417,TXN@2026-02-04 05:00:00+00:00,⓪운영설정,C,B+C
INTC,2026-02-04 05:00:00+00:00,2026-03-05 05:00:00+00:00,2026-02-03 05:00:00+00:00,2026-03-04 05:00:00+00:00,63.55279040992012,49.54,44.87,만기,20.0,7.8710130922686075,7.129034264232789,-311.79157857082873,-9.426725878078324,INTC@2026-02-04 05:00:00+00:00,⓪운영설정,C,B+C
GILD,2026-02-04 05:00:00+00:00,2026-03-05 05:00:00+00:00,2026-02-03 05:00:00+00:00,2026-03-04 05:00:00+00:00,21.81538696378964,144.14,146.32,만기,20.0,7.861174692401595,7.98006855135425,31.716300337306166,1.5124184820313635,GILD@2026-02-04 05:00:00+00:00,⓪운영설정,C,B+C
BKR,2026-02-04 05:00:00+00:00,2026-03-05 05:00:00+00:00,2026-02-03 05:00:00+00:00,2026-03-04 05:00:00+00:00,53.95097877246157,58.21,60.505,만기,20.0,7.85121618586247,8.160759926569469,107.8055201703678,3.942621542690272,BKR@2026-02-04 05:00:00+00:00,⓪운영설정,C,B+C
PEP,2026-02-04 05:00:00+00:00,2026-03-05 05:00:00+00:00,2026-02-03 05:00:00+00:00,2026-03-04 05:00:00+00:00,19.02854333794744,164.89,162.16,만기,20.0,7.844041277485383,7.714171469203892,-67.50613605928538,-1.6556492206925788,PEP@2026-02-04 05:00:00+00:00,⓪운영설정,C,B+C
ODFL,2026-02-04 05:00:00+00:00,2026-03-05 05:00:00+00:00,2026-02-03 05:00:00+00:00,2026-03-04 05:00:00+00:00,16.352231001595534,191.45,213.39,만기,20.0,7.826586563138663,8.723506433576178,342.21785517829176,11.459911203969696,ODFL@2026-02-04 05:00:00+00:00,⓪운영설정,C,B+C
HON,2026-02-04 05:00:00+00:00,2026-03-05 05:00:00+00:00,2026-02-03 05:00:00+00:00,2026-03-04 05:00:00+00:00,0.10890634939820558,233.52,243.54,만기,20.0,0.06357952677867243,0.06630763083109746,0.961354463360248,4.290853031860209,HON@2026-02-04 05:00:00+00:00,⓪운영설정,C,C
MRNA,2026-03-05 05:00:00+00:00,2026-04-02 04:00:00+00:00,2026-03-04 05:00:00+00:00,2026-04-01 04:00:00+00:00,54.628493164712395,56.955,48.145,만기,20.0,7.778414570490486,6.575222008537696,-495.6306613601437,-15.468352207883406,MRNA@2026-03-05 05:00:00+00:00,⓪운영설정,C,C
AXON,2026-03-05 05:00:00+00:00,2026-04-02 04:00:00+00:00,2026-03-04 05:00:00+00:00,2026-04-01 04:00:00+00:00,5.4982253010335524,566.93,415.0202,만기,20.0,7.7927721747873795,5.704686410200013,-848.7317644199338,-26.795159896283483,AXON@2026-03-05 05:00:00+00:00,⓪운영설정,C,B+C
NFLX,2026-03-05 05:00:00+00:00,2026-04-02 04:00:00+00:00,2026-03-04 05:00:00+00:00,2026-04-01 04:00:00+00:00,31.657991666453835,98.5,95.27,만기,20.0,7.795780447864257,7.540142165157642,-117.59123569566827,-3.2791878172588884,NFLX@2026-03-05 05:00:00+00:00,⓪운영설정,C,B+C
CEG,2026-03-05 05:00:00+00:00,2026-04-02 04:00:00+00:00,2026-03-04 05:00:00+00:00,2026-04-01 04:00:00+00:00,9.817386017391053,317.59,271.26,만기,20.0,7.79475906315806,6.657660327693742,-469.29191357657874,-14.587990805755846,CEG@2026-03-05 05:00:00+00:00,⓪운영설정,C,B+C
ARM,2026-03-05 05:00:00+00:00,2026-04-02 04:00:00+00:00,2026-03-04 05:00:00+00:00,2026-04-01 04:00:00+00:00,25.43324461955184,122.8496,149.77,만기,20.0,7.811159820535239,9.522842616675698,667.3391160189731,21.913298862999973,ARM@2026-03-05 05:00:00+00:00,⓪운영설정,C,B+C
GFS,2026-03-05 05:00:00+00:00,2026-04-02 04:00:00+00:00,2026-03-04 05:00:00+00:00,2026-04-01 04:00:00+00:00,64.41087608030132,47.63,42.96,만기,20.0,7.6697250692618795,6.917728091024363,-315.3862444552933,-9.804744908671005,GFS@2026-03-05 05:00:00+00:00,⓪운영설정,C,B+C
APP,2026-03-06 05:00:00+00:00,2026-04-06 04:00:00+00:00,2026-03-05 05:00:00+00:00,2026-04-02 04:00:00+00:00,0.031048463169288526,507.03,391.01,만기,20.0,0.0393562557018109,0.030350648959558763,-3.6719496015622237,-22.882275210539802,APP@2026-03-06 05:00:00+00:00,⓪운영설정,C,공통
TRI,2026-03-09 04:00:00+00:00,2026-04-07 04:00:00+00:00,2026-03-06 05:00:00+00:00,2026-04-06 04:00:00+00:00,0.39015678116327457,111.72,90.58,만기,20.0,0.10897078897890258,0.08835100309442354,-8.445236145864946,-18.92230576441103,TRI@2026-03-09 04:00:00+00:00,⓪운영설정,C,C
VRSK,2026-03-11 04:00:00+00:00,2026-04-09 04:00:00+00:00,2026-03-10 04:00:00+00:00,2026-04-08 04:00:00+00:00,0.027530102635828668,203.38,173.87,만기,20.0,0.013997680685187086,0.011966647363228826,-0.83837765683172,-14.509784639590906,VRSK@2026-03-11 04:00:00+00:00,⓪운영설정,C,B+C
MU,2026-03-12 04:00:00+00:00,2026-04-10 04:00:00+00:00,2026-03-11 04:00:00+00:00,2026-04-09 04:00:00+00:00,0.10116159366437301,409.995,420.29,만기,20.0,0.10368936898606153,0.10629301550299834,0.8314762222856658,2.511006231783308,MU@2026-03-12 04:00:00+00:00,⓪운영설정,C,C
MRVL,2026-04-02 04:00:00+00:00,2026-05-01 04:00:00+00:00,2026-04-01 04:00:00+00:00,2026-04-30 04:00:00+00:00,28.077884179659698,102.3,162.35,만기,20.0,7.180918878947968,11.39611124141938,1667.4999148681982,58.699902248289334,MRVL@2026-04-02 04:00:00+00:00,⓪운영설정,C,B+C
INTC,2026-04-02 04:00:00+00:00,2026-05-01 04:00:00+00:00,2026-04-01 04:00:00+00:00,2026-04-30 04:00:00+00:00,62.74034525087927,46.06,93.2,만기,20.0,7.224550755638749,14.61850044345487,2935.7368239273555,102.34476769431176,INTC@2026-04-02 04:00:00+00:00,⓪운영설정,C,B+C
AMD,2026-04-02 04:00:00+00:00,2026-05-01 04:00:00+00:00,2026-04-01 04:00:00+00:00,2026-04-30 04:00:00+00:00,14.247649400974051,204.05,351.87,만기,20.0,7.268082150671888,12.533300986801848,2086.2861513145103,72.44302866944376,AMD@2026-04-02 04:00:00+00:00,⓪운영설정,C,B+C
ROST,2026-04-02 04:00:00+00:00,2026-05-01 04:00:00+00:00,2026-04-01 04:00:00+00:00,2026-04-30 04:00:00+00:00,13.381359390958462,218.16,225.61,만기,20.0,7.298193411828745,7.547421230485347,84.84551282032726,3.4149248258159126,ROST@2026-04-02 04:00:00+00:00,⓪운영설정,C,B+C
KLAC,2026-04-02 04:00:00+00:00,2026-05-01 04:00:00+00:00,2026-04-01 04:00:00+00:00,2026-04-30 04:00:00+00:00,20.092350281437756,145.417,173.3,만기,20.0,7.3044232521895855,8.70501075943291,544.2255688857072,19.174511920889593,KLAC@2026-04-02 04:00:00+00:00,⓪운영설정,C,B+C
PANW,2026-04-02 04:00:00+00:00,2026-05-01 04:00:00+00:00,2026-04-01 04:00:00+00:00,2026-04-30 04:00:00+00:00,16.19719948474103,159.9,182.0,만기,20.0,6.474830494025228,7.3697257655571695,344.1135523531948,13.821138211382111,PANW@2026-04-02 04:00:00+00:00,⓪운영설정,C,B+C
ON,2026-05-01 04:00:00+00:00,2026-06-01 04:00:00+00:00,2026-04-30 04:00:00+00:00,2026-05-29 04:00:00+00:00,39.84327863848641,100.89,119.385,만기,20.0,10.049470954592236,11.891724550639251,714.9602429135753,18.331846565566458,ON@2026-05-01 04:00:00+00:00,⓪운영설정,C,C
NXPI,2026-05-01 04:00:00+00:00,2026-06-01 04:00:00+00:00,2026-04-30 04:00:00+00:00,2026-05-29 04:00:00+00:00,13.778490374901684,291.6,315.0,만기,20.0,10.044519483303329,10.850561170235077,301.52159411916045,8.024691358024683,NXPI@2026-05-01 04:00:00+00:00,⓪운영설정,C,B+C
GFS,2026-05-01 04:00:00+00:00,2026-06-01 04:00:00+00:00,2026-04-30 04:00:00+00:00,2026-05-29 04:00:00+00:00,62.62316971215338,64.2,77.65,만기,20.0,10.051018738800618,12.156722820371774,820.0738910692912,20.950155763239884,GFS@2026-05-01 04:00:00+00:00,⓪운영설정,C,B+C
TXN,2026-05-01 04:00:00+00:00,2026-06-01 04:00:00+00:00,2026-04-30 04:00:00+00:00,2026-05-29 04:00:00+00:00,14.361483836396001,280.1,297.382,만기,20.0,10.056629056436302,10.677116965587789,227.46141763857122,6.169939307390204,TXN@2026-05-01 04:00:00+00:00,⓪운영설정,C,B+C
MCHP,2026-05-01 04:00:00+00:00,2026-06-01 04:00:00+00:00,2026-04-30 04:00:00+00:00,2026-05-29 04:00:00+00:00,43.349345582240296,92.81,92.883,만기,20.0,10.058131908719306,10.066043164288063,-16.95967284550352,0.07865531731494624,MCHP@2026-05-01 04:00:00+00:00,⓪운영설정,C,B+C
QCOM,2026-05-01 04:00:00+00:00,2026-06-01 04:00:00+00:00,2026-04-30 04:00:00+00:00,2026-05-29 04:00:00+00:00,22.403190638180185,179.13,233.33,만기,20.0,10.032708847543041,13.068341179016457,1191.1518825628073,30.257354993580087,QCOM@2026-05-01 04:00:00+00:00,⓪운영설정,C,B+C
MU,2026-06-01 04:00:00+00:00,2026-06-30 04:00:00+00:00,2026-05-29 04:00:00+00:00,2026-06-29 04:00:00+00:00,4.460948069660823,1009.72,1144.73,만기,20.0,11.260771212244816,12.766452709457084,578.2453749632068,13.371033553856515,MU@2026-06-01 04:00:00+00:00,⓪운영설정,C,C
DDOG,2026-06-01 04:00:00+00:00,2026-06-30 04:00:00+00:00,2026-05-29 04:00:00+00:00,2026-06-29 04:00:00+00:00,17.780871836057727,251.775,246.5,만기,20.0,11.191947516308586,10.957462268970573,-115.9435087204838,-2.095124615231858,DDOG@2026-06-01 04:00:00+00:00,⓪운영설정,C,B+C
SMCI,2026-06-01 04:00:00+00:00,2026-06-30 04:00:00+00:00,2026-05-29 04:00:00+00:00,2026-06-29 04:00:00+00:00,97.45265892541822,45.8,28.42,만기,20.0,11.158329446960385,6.9240114166509645,-1711.8095529873794,-37.9475982532751,SMCI@2026-06-01 04:00:00+00:00,⓪운영설정,C,B+C
ARM,2026-06-01 04:00:00+00:00,2026-06-30 04:00:00+00:00,2026-05-29 04:00:00+00:00,2026-06-29 04:00:00+00:00,11.452470374205083,389.95,349.77,만기,20.0,11.164727056053179,10.01432640696428,-481.33931309857735,-10.303885113476085,ARM@2026-06-01 04:00:00+00:00,⓪운영설정,C,B+C
CRWD,2026-06-01 04:00:00+00:00,2026-06-30 04:00:00+00:00,2026-05-29 04:00:00+00:00,2026-06-29 04:00:00+00:00,23.926830052964053,183.9525,184.125,만기,20.0,11.003500513294675,11.013818958755017,-17.889941287912734,0.09377420801566227,CRWD@2026-06-01 04:00:00+00:00,⓪운영설정,C,B+C
FTNT,2026-06-01 04:00:00+00:00,2026-06-30 04:00:00+00:00,2026-05-29 04:00:00+00:00,2026-06-29 04:00:00+00:00,31.13806146848356,141.16,151.04,만기,20.0,10.988621892227847,11.757732010499392,284.897693405891,6.999149900821755,FTNT@2026-06-01 04:00:00+00:00,⓪운영설정,C,B+C
PANW,2026-06-01 04:00:00+00:00,2026-06-30 04:00:00+00:00,2026-05-29 04:00:00+00:00,2026-06-29 04:00:00+00:00,1.4093698848100638,285.425,327.55,만기,20.0,1.0056734984297813,1.154097764423841,57.209935134770376,14.758693176841554,PANW@2026-06-01 04:00:00+00:00,⓪운영설정,C,B+C
MRVL,2026-06-08 04:00:00+00:00,2026-07-08 04:00:00+00:00,2026-06-05 04:00:00+00:00,2026-07-07 04:00:00+00:00,0.49573317123752636,288.69,225.16,만기,20.0,0.35778302301140374,0.2790482020896036,-32.13075959382104,-22.006304340295824,MRVL@2026-06-08 04:00:00+00:00,⓪운영설정,C,C
DXCM,2026-06-10 04:00:00+00:00,2026-07-10 04:00:00+00:00,2026-06-09 04:00:00+00:00,2026-07-09 04:00:00+00:00,0.6118467692567431,78.82,73.33,만기,20.0,0.12056440588204122,0.11216680897399244,-3.59176997807554,-6.965237249429068,DXCM@2026-06-10 04:00:00+00:00,⓪운영설정,C,C
CDW,2026-06-11 04:00:00+00:00,2026-07-13 04:00:00+00:00,2026-06-10 04:00:00+00:00,2026-07-10 04:00:00+00:00,1.1437839926659361,128.43,144.99,만기,20.0,0.3672404454452155,0.4145931027415852,18.15922937036109,12.894183601962151,CDW@2026-06-11 04:00:00+00:00,⓪운영설정,C,C
AMAT,2026-06-30 04:00:00+00:00,2026-07-29 04:00:00+00:00,2026-06-29 04:00:00+00:00,2026-07-28 04:00:00+00:00,6.156332994098096,697.5,463.42,만기,20.0,10.735105658458556,7.13241959031235,-1458.941952507253,-33.55985663082437,AMAT@2026-06-30 04:00:00+00:00,⓪운영설정,C,B+C
MRNA,2026-06-30 04:00:00+00:00,2026-07-29 04:00:00+00:00,2026-06-29 04:00:00+00:00,2026-07-28 04:00:00+00:00,61.42767283607613,69.835,55.04,만기,20.0,10.72450383126844,8.452447782244075,-927.9993712232581,-21.185651893749547,MRNA@2026-06-30 04:00:00+00:00,⓪운영설정,C,B+C
KLAC,2026-06-30 04:00:00+00:00,2026-07-29 04:00:00+00:00,2026-06-29 04:00:00+00:00,2026-07-28 04:00:00+00:00,15.295262095898485,280.28,177.625,만기,20.0,10.717390150596069,6.792052324459921,-1587.6445729295142,-36.62587412587413,KLAC@2026-06-30 04:00:00+00:00,⓪운영설정,C,B+C
LRCX,2026-06-30 04:00:00+00:00,2026-07-29 04:00:00+00:00,2026-06-29 04:00:00+00:00,2026-07-28 04:00:00+00:00,10.28376148212487,416.29,264.51,만기,20.0,10.702567668484406,6.800394374092122,-1578.3722797994892,-36.4601599846261,LRCX@2026-06-30 04:00:00+00:00,⓪운영설정,C,B+C
ASML,2026-06-30 04:00:00+00:00,2026-07-29 04:00:00+00:00,2026-06-29 04:00:00+00:00,2026-07-28 04:00:00+00:00,2.229787802072609,1915.495,1569.39,만기,20.0,10.677868464827682,8.74851669673683,-791.1670923979041,-18.06869764734441,ASML@2026-06-30 04:00:00+00:00,⓪운영설정,C,B+C
DASH,2026-06-30 04:00:00+00:00,2026-07-29 04:00:00+00:00,2026-06-29 04:00:00+00:00,2026-07-28 04:00:00+00:00,22.114212492900894,182.02,195.2,만기,20.0,10.063072394894553,10.791735696535637,270.6105125650038,7.240962531589923,DASH@2026-06-30 04:00:00+00:00,⓪운영설정,C,B+C
AXON,2026-07-02 04:00:00+00:00,2026-07-31 04:00:00+00:00,2026-07-01 04:00:00+00:00,2026-07-30 04:00:00+00:00,0.07458490762293984,587.055,519.055,만기,20.0,0.10946360736146236,0.0967841730655626,-5.278021498786927,-11.583241774620777,AXON@2026-07-02 04:00:00+00:00,⓪운영설정,C,B+C
PANW,2026-07-08 04:00:00+00:00,2026-08-05 04:00:00+00:00,2026-07-07 04:00:00+00:00,2026-08-04 04:00:00+00:00,0.8199531225349072,336.798,373.87,만기,20.0,0.6903964294087791,0.7663896848053143,28.9405160444,11.007191254104832,PANW@2026-07-08 04:00:00+00:00,⓪운영설정,C,C
AMD,2026-07-13 04:00:00+00:00,2026-08-10 04:00:00+00:00,2026-07-10 04:00:00+00:00,2026-08-07 04:00:00+00:00,0.37442475465447916,537.5,477.09,만기,20.0,0.5031332640669564,0.4465857654952637,-23.56871845823929,-11.239069767441867,AMD@2026-07-13 04:00:00+00:00,⓪운영설정,C,C
TRI,2026-07-14 04:00:00+00:00,2026-08-11 04:00:00+00:00,2026-07-13 04:00:00+00:00,2026-08-10 04:00:00+00:00,0.8860428384716644,90.53,103.82,만기,20.0,0.20053364541709948,0.22997241872532048,11.345003259145997,14.680216502816744,TRI@2026-07-14 04:00:00+00:00,⓪운영설정,C,C
PYPL,2026-07-29 04:00:00+00:00,2026-08-26 04:00:00+00:00,2026-07-28 04:00:00+00:00,2026-08-25 04:00:00+00:00,58.11802297276728,58.1,61.825,만기,20.0,8.441642836794447,8.982866925728343,199.06512581103607,6.411359724612731,PYPL@2026-07-29 04:00:00+00:00,⓪운영설정,C,B+C
CTSH,2026-07-29 04:00:00+00:00,2026-08-26 04:00:00+00:00,2026-07-28 04:00:00+00:00,2026-08-25 04:00:00+00:00,64.56331787406185,52.31,61.66,만기,20.0,8.443267894980439,9.952435450286634,585.2713187772115,17.874211431848575,CTSH@2026-07-29 04:00:00+00:00,⓪운영설정,C,B+C
WDAY,2026-07-29 04:00:00+00:00,2026-08-26 04:00:00+00:00,2026-07-28 04:00:00+00:00,2026-08-25 04:00:00+00:00,21.007091385627486,159.79,188.18,만기,20.0,8.391807831273539,9.88278614236845,578.1167304643227,17.76706927842795,WDAY@2026-07-29 04:00:00+00:00,⓪운영설정,C,B+C
CTAS,2026-07-29 04:00:00+00:00,2026-08-26 04:00:00+00:00,2026-07-28 04:00:00+00:00,2026-08-25 04:00:00+00:00,15.61262531338111,214.9,204.88,만기,20.0,8.387882949614003,7.996786685513805,-172.82317527520627,-4.662633783154957,CTAS@2026-07-29 04:00:00+00:00,⓪운영설정,C,B+C
TEAM,2026-07-29 04:00:00+00:00,2026-08-26 04:00:00+00:00,2026-07-28 04:00:00+00:00,2026-08-25 04:00:00+00:00,33.53898135015235,100.0,161.98,만기,20.0,8.384745337538087,13.581610497744194,2056.7797082471607,61.97999999999999,TEAM@2026-07-29 04:00:00+00:00,⓪운영설정,C,B+C
ADSK,2026-07-29 04:00:00+00:00,2026-08-26 04:00:00+00:00,2026-07-28 04:00:00+00:00,2026-08-25 04:00:00+00:00,11.948363025347096,242.17,245.27,만기,20.0,7.233837684620766,7.3264374980672065,22.479650195888553,1.2800924970062466,ADSK@2026-07-29 04:00:00+00:00,⓪운영설정,C,C
ROST,2026-07-31 04:00:00+00:00,2026-08-28 04:00:00+00:00,2026-07-30 04:00:00+00:00,2026-08-27 04:00:00+00:00,0.19663063952229728,252.78,231.81,만기,20.0,0.12426073264611578,0.11395237136915932,-4.361557614797853,-8.29575124614289,ROST@2026-07-31 04:00:00+00:00,⓪운영설정,C,B+C
MSFT,2026-08-05 04:00:00+00:00,2026-09-02 04:00:00+00:00,2026-08-04 04:00:00+00:00,2026-09-01 04:00:00+00:00,0.42982081820793716,496.355,499.85,만기,20.0,0.5333592805540017,0.5371148399530935,0.4317496391296629,0.7041331305215115,MSFT@2026-08-05 04:00:00+00:00,⓪운영설정,C,C
PLTR,2026-08-10 04:00:00+00:00,2026-09-08 04:00:00+00:00,2026-08-07 04:00:00+00:00,2026-09-04 04:00:00+00:00,0.03745723746255081,171.01,173.58,만기,20.0,0.01601390544617703,0.016254568196873924,0.06399662663570638,1.5028360914566496,PLTR@2026-08-10 04:00:00+00:00,⓪운영설정,C,A+C
ABNB,2026-08-11 04:00:00+00:00,,2026-08-10 04:00:00+00:00,,0.3358806723475879,179.485,,미청산(표본종료),,0.15071385619076705,0.0,,,ABNB@2026-08-11 04:00:00+00:00,⓪운영설정,C,C
MRNA,2026-08-26 04:00:00+00:00,,2026-08-25 04:00:00+00:00,,25.11724593834852,154.2,,미청산(표본종료),,9.682698309233356,0.0,,,MRNA@2026-08-26 04:00:00+00:00,⓪운영설정,C,B+C
MRVL,2026-08-26 04:00:00+00:00,,2026-08-25 04:00:00+00:00,,16.204295696427153,240.0,,미청산(표본종료),,9.722577417856291,0.0,,,MRVL@2026-08-26 04:00:00+00:00,⓪운영설정,C,B+C
SMCI,2026-08-26 04:00:00+00:00,,2026-08-25 04:00:00+00:00,,102.26160575687386,38.025,,미청산(표본종료),,9.721243897262822,0.0,,,SMCI@2026-08-26 04:00:00+00:00,⓪운영설정,C,B+C
MSTR,2026-08-26 04:00:00+00:00,,2026-08-25 04:00:00+00:00,,31.58931477078388,123.26,,미청산(표본종료),,9.734247346617053,0.0,,,MSTR@2026-08-26 04:00:00+00:00,⓪운영설정,C,B+C
REGN,2026-08-26 04:00:00+00:00,,2026-08-25 04:00:00+00:00,,4.722409741852814,827.78,,미청산(표본종료),,9.772790840277306,0.0,,,REGN@2026-08-26 04:00:00+00:00,⓪운영설정,C,C
DASH,2026-08-26 04:00:00+00:00,,2026-08-25 04:00:00+00:00,,14.71877758209536,233.095,,미청산(표본종료),,8.577183651246296,0.0,,,DASH@2026-08-26 04:00:00+00:00,⓪운영설정,C,C
TEAM,2026-08-28 04:00:00+00:00,,2026-08-27 04:00:00+00:00,,0.35208063996163885,185.0,,미청산(표본종료),,0.16283729598225796,0.0,,,TEAM@2026-08-28 04:00:00+00:00,⓪운영설정,C,C
WDAY,2026-09-02 04:00:00+00:00,,2026-09-01 04:00:00+00:00,,1.48488332865588,198.22,,미청산(표본종료),,0.7358339335154213,0.0,,,WDAY@2026-09-02 04:00:00+00:00,⓪운영설정,C,C
EA,2023-09-11 04:00:00+00:00,2023-09-12 04:00:00+00:00,2023-09-11 04:00:00+00:00,2023-09-12 04:00:00+00:00,24.42274302817184,122.53,121.42,모멘텀,1.0,7.481296758104739,7.413523646201562,-42.00406516557723,-0.9059005957724686,EA@2023-09-11 04:00:00+00:00,①손절15+모멘텀0,A,A
EA,2023-09-13 04:00:00+00:00,2023-09-21 04:00:00+00:00,2023-09-13 04:00:00+00:00,2023-09-21 04:00:00+00:00,24.490046911405962,121.68,118.8,모멘텀,6.0,7.449872270449694,7.27354393268757,-85.25475130798668,-2.366863905325456,EA@2023-09-13 04:00:00+00:00,①손절15+모멘텀0,A,A
EA,2023-09-25 04:00:00+00:00,2023-09-26 04:00:00+00:00,2023-09-25 04:00:00+00:00,2023-09-26 04:00:00+00:00,24.679945404702526,119.71,118.36,모멘텀,1.0,7.386090660992348,7.302795845251477,-48.00681280259187,-1.1277253362292128,EA@2023-09-25 04:00:00+00:00,①손절15+모멘텀0,A,A
EA,2023-09-29 04:00:00+00:00,2023-10-02 04:00:00+00:00,2023-09-29 04:00:00+00:00,2023-10-02 04:00:00+00:00,24.419187175061964,120.4,120.15,모멘텀,1.0,7.350175339693651,7.3349133477092385,-20.789885481167858,-0.20764119601328623,EA@2023-09-29 04:00:00+00:00,①손절15+모멘텀0,A,A
SMCI,2023-10-10 04:00:00+00:00,2023-10-20 04:00:00+00:00,2023-10-10 04:00:00+00:00,2023-10-20 04:00:00+00:00,95.65311071806367,31.031,24.858,손절,8.0,7.420529196730585,5.9443625655740675,-603.8315442249113,-19.893010215590856,SMCI@2023-10-10 04:00:00+00:00,①손절15+모멘텀0,A,A
PLTR,2023-10-10 04:00:00+00:00,2023-10-26 04:00:00+00:00,2023-10-10 04:00:00+00:00,2023-10-26 04:00:00+00:00,162.2905422999203,17.8,15.29,모멘텀,12.0,7.221929132346454,6.203555979414453,-420.77474628456093,-14.101123595505626,PLTR@2023-10-10 04:00:00+00:00,①손절15+모멘텀0,A,A
AMGN,2023-10-13 04:00:00+00:00,2023-10-26 04:00:00+00:00,2023-10-13 04:00:00+00:00,2023-10-26 04:00:00+00:00,0.06232467936585018,284.1,269.71,모멘텀,9.0,0.04426610351959509,0.042023973179408626,-0.9831422127735863,-5.065117916226692,AMGN@2023-10-13 04:00:00+00:00,①손절15+모멘텀0,A,A
PDD,2023-10-27 04:00:00+00:00,2023-11-07 05:00:00+00:00,2023-10-27 04:00:00+00:00,2023-11-07 05:00:00+00:00,0.10598921746089428,108.28,109.37,모멘텀,7.0,0.02869128116666408,0.02898010178424502,0.05785686408146873,1.006649427410422,PDD@2023-10-27 04:00:00+00:00,①손절15+모멘텀0,A,A
EA,2023-10-06 04:00:00+00:00,2023-11-09 05:00:00+00:00,2023-10-06 04:00:00+00:00,2023-11-09 05:00:00+00:00,23.860188059233856,122.96,131.3,모멘텀,24.0,7.334621809408487,7.832106730443514,183.8272398741592,6.782693558880948,EA@2023-10-06 04:00:00+00:00,①손절15+모멘텀0,A,A
AXON,2023-10-20 04:00:00+00:00,2023-11-13 05:00:00+00:00,2023-10-20 04:00:00+00:00,2023-11-13 05:00:00+00:00,11.528407191482469,210.86,218.66,모멘텀,16.0,6.077199850989984,6.302003791223891,77.54237245134937,3.6991368680641123,AXON@2023-10-20 04:00:00+00:00,①손절15+모멘텀0,A,A
DASH,2023-11-13 05:00:00+00:00,2024-01-02 05:00:00+00:00,2023-11-13 05:00:00+00:00,2024-01-02 05:00:00+00:00,27.62862283461078,89.77,96.46,모멘텀,33.0,6.200553679657524,6.6626423965663895,171.97229068732213,7.45237830010026,DASH@2023-11-13 05:00:00+00:00,①손절15+모멘텀0,A,A
MSTR,2023-10-26 04:00:00+00:00,2024-01-09 05:00:00+00:00,2023-10-26 04:00:00+00:00,2024-01-09 05:00:00+00:00,60.86913553157044,41.345,57.729,모멘텀,50.0,6.29158602138195,8.784785812755075,982.2035447151138,39.62752448905551,MSTR@2023-10-26 04:00:00+00:00,①손절15+모멘텀0,A,A
NFLX,2023-11-09 05:00:00+00:00,2024-01-18 05:00:00+00:00,2023-11-09 05:00:00+00:00,2024-01-18 05:00:00+00:00,4.538622357311602,43.515,48.531,모멘텀,46.0,0.4937453796960359,0.5506597040567234,21.72132466052227,11.527059634608761,NFLX@2023-11-09 05:00:00+00:00,①손절15+모멘텀0,A,A
SMCI,2024-01-09 05:00:00+00:00,2024-01-18 05:00:00+00:00,2024-01-09 05:00:00+00:00,2024-01-18 05:00:00+00:00,98.38850377588437,34.373,31.144,모멘텀,6.0,8.454770100721184,7.6605289039903575,-333.81177769704163,-9.394001105518868,SMCI@2024-01-09 05:00:00+00:00,①손절15+모멘텀0,A,A
DXCM,2023-11-09 05:00:00+00:00,2024-01-26 05:00:00+00:00,2023-11-09 05:00:00+00:00,2024-01-26 05:00:00+00:00,30.755869872010784,92.4,121.96,모멘텀,52.0,7.104605940434492,9.377464723976088,892.6614427522281,31.99134199134197,DXCM@2023-11-09 05:00:00+00:00,①손절15+모멘텀0,A,A
MRNA,2024-01-02 05:00:00+00:00,2024-01-31 05:00:00+00:00,2024-01-02 05:00:00+00:00,2024-01-31 05:00:00+00:00,21.760143406861204,112.5,101.05,모멘텀,20.0,6.1200403331797135,5.497156228158311,-260.7708385698984,-10.177777777777786,MRNA@2024-01-02 05:00:00+00:00,①손절15+모멘텀0,A,A
MRVL,2024-01-18 05:00:00+00:00,2024-02-15 05:00:00+00:00,2024-01-18 05:00:00+00:00,2024-02-15 05:00:00+00:00,4.533933416299202,68.21,67.44,모멘텀,20.0,0.7731489958144215,0.7644211739880455,-5.028698900352765,-1.128866735082823,MRVL@2024-01-18 05:00:00+00:00,①손절15+모멘텀0,A,A
AMD,2024-01-18 05:00:00+00:00,2024-02-16 05:00:00+00:00,2024-01-18 05:00:00+00:00,2024-02-16 05:00:00+00:00,19.60612882709,162.67,173.87,모멘텀,21.0,7.973322440756825,8.522294047915347,203.09302637473638,6.8851048134259685,AMD@2024-01-18 05:00:00+00:00,①손절15+모멘텀0,A,A
CRWD,2023-10-12 04:00:00+00:00,2024-02-21 05:00:00+00:00,2023-10-12 04:00:00+00:00,2024-02-21 05:00:00+00:00,0.13784267463463631,46.89,73.09,모멘텀,89.0,0.01615860753404524,0.025187302722613922,3.570132165170813,55.87545318831309,CRWD@2023-10-12 04:00:00+00:00,①손절15+모멘텀0,A,A
ARM,2024-02-16 05:00:00+00:00,2024-03-12 04:00:00+00:00,2024-02-16 05:00:00+00:00,2024-03-12 04:00:00+00:00,26.894427848660882,128.34,129.5,모멘텀,16.0,8.629077175242845,8.707071016003962,13.861388113200064,0.9038491506934587,ARM@2024-02-16 05:00:00+00:00,①손절15+모멘텀0,A,A+C
PLTR,2024-02-21 05:00:00+00:00,2024-03-12 04:00:00+00:00,2024-02-21 05:00:00+00:00,2024-03-12 04:00:00+00:00,2.2368232442596727,22.74,24.7,모멘텀,14.0,0.1271634014361624,0.1381238353330348,4.1188863219797724,8.619173262972746,PLTR@2024-02-21 05:00:00+00:00,①손절15+모멘텀0,A,A
SMCI,2024-01-26 05:00:00+00:00,2024-03-21 04:00:00+00:00,2024-01-26 05:00:00+00:00,2024-03-21 04:00:00+00:00,68.2612239837257,47.415,97.161,모멘텀,38.0,8.091514837970886,16.58082195870693,3371.0505114977404,104.91616577032583,SMCI@2024-01-26 05:00:00+00:00,①손절15+모멘텀0,A,A
NVDA,2024-01-31 05:00:00+00:00,2024-04-04 04:00:00+00:00,2024-01-31 05:00:00+00:00,2024-04-04 04:00:00+00:00,43.08836573158025,61.527,85.905,모멘텀,44.0,6.627744695917345,9.253765145428503,1034.526669963118,39.62162952849968,NVDA@2024-01-31 05:00:00+00:00,①손절15+모멘텀0,A,A
MSTR,2024-02-20 05:00:00+00:00,2024-04-09 04:00:00+00:00,2024-02-20 05:00:00+00:00,2024-04-09 04:00:00+00:00,0.6073355116712136,70.498,144.102,모멘텀,34.0,0.10703984725449305,0.21879565475711307,44.376487499036415,104.40579874606372,MSTR@2024-02-20 05:00:00+00:00,①손절15+모멘텀0,A,A
APP,2024-03-14 04:00:00+00:00,2024-04-18 04:00:00+00:00,2024-03-14 04:00:00+00:00,2024-04-18 04:00:00+00:00,0.7370875459197745,63.19,68.86,모멘텀,24.0,0.11644140506667638,0.1268896210300892,3.9359553592683625,8.972938756132297,APP@2024-03-14 04:00:00+00:00,①손절15+모멘텀0,A,A+B
MU,2024-03-21 04:00:00+00:00,2024-04-19 04:00:00+00:00,2024-03-21 04:00:00+00:00,2024-04-19 04:00:00+00:00,42.348465802187825,109.85,106.77,모멘텀,20.0,11.62994742092583,11.303864234248985,-153.36708632591217,-2.803823395539373,MU@2024-03-21 04:00:00+00:00,①손절15+모멘텀0,A,A
CEG,2024-03-12 04:00:00+00:00,2024-04-30 04:00:00+00:00,2024-03-12 04:00:00+00:00,2024-04-30 04:00:00+00:00,18.422977184292797,168.37,185.94,모멘텀,34.0,7.7546916712984455,8.563920944118506,307.37309651260784,10.435350715685686,CEG@2024-03-12 04:00:00+00:00,①손절15+모멘텀0,A,A
KHC,2024-04-18 04:00:00+00:00,2024-05-01 04:00:00+00:00,2024-04-18 04:00:00+00:00,2024-05-01 04:00:00+00:00,2.877640152081398,37.11,36.28,모멘텀,9.0,0.2669730651093517,0.2610019617937828,-2.9164163531306713,-2.2365939099972976,KHC@2024-04-18 04:00:00+00:00,①손절15+모멘텀0,A,A
KDP,2024-04-19 04:00:00+00:00,2024-05-29 04:00:00+00:00,2024-04-19 04:00:00+00:00,2024-05-29 04:00:00+00:00,143.9303041436364,31.5,33.66,모멘텀,27.0,11.334511451311366,12.111735093687,287.44321040525574,6.8571428571428505,KDP@2024-04-19 04:00:00+00:00,①손절15+모멘텀0,A,A
MSTR,2024-05-29 04:00:00+00:00,2024-06-13 04:00:00+00:00,2024-05-29 04:00:00+00:00,2024-06-13 04:00:00+00:00,29.47331148021521,161.87,148.388,모멘텀,11.0,11.92711232325609,10.933714359815436,-420.2200120593325,-8.328905912151729,MSTR@2024-05-29 04:00:00+00:00,①손절15+모멘텀0,A,A
GOOG,2024-04-04 04:00:00+00:00,2024-06-18 04:00:00+00:00,2024-04-04 04:00:00+00:00,2024-06-18 04:00:00+00:00,31.62352522811487,151.94,176.45,모멘텀,52.0,12.012196057899434,13.949927566252173,749.1304797169441,16.131367645123063,GOOG@2024-04-04 04:00:00+00:00,①손절15+모멘텀0,A,A
GOOGL,2024-04-09 04:00:00+00:00,2024-06-18 04:00:00+00:00,2024-04-09 04:00:00+00:00,2024-06-18 04:00:00+00:00,5.861862919762114,156.6,175.09,모멘텀,49.0,2.2949193330868676,2.565883946552871,103.52504210676182,11.807151979565788,GOOGL@2024-04-09 04:00:00+00:00,①손절15+모멘텀0,A,A
MRNA,2024-05-01 04:00:00+00:00,2024-06-18 04:00:00+00:00,2024-05-01 04:00:00+00:00,2024-06-18 04:00:00+00:00,0.9392239993078872,111.46,133.27,모멘텀,33.0,0.2617147674071428,0.31292595596940537,19.909834701528496,19.567557868293584,MRNA@2024-05-01 04:00:00+00:00,①손절15+모멘텀0,A,A
AZN,2024-04-30 04:00:00+00:00,2024-06-20 04:00:00+00:00,2024-04-30 04:00:00+00:00,2024-06-20 04:00:00+00:00,21.800031144380448,153.034784,158.439808,모멘텀,35.0,8.340407643433837,8.634981872274146,100.85430202041653,3.5318924617817604,AZN@2024-04-30 04:00:00+00:00,①손절15+모멘텀0,A,A
NVDA,2024-06-18 04:00:00+00:00,2024-07-15 04:00:00+00:00,2024-06-18 04:00:00+00:00,2024-07-15 04:00:00+00:00,36.67538862282091,135.58,128.44,모멘텀,17.0,12.431122973705149,11.776467286787796,-286.0698650274344,-5.266263460687426,NVDA@2024-06-18 04:00:00+00:00,①손절15+모멘텀0,A,A
AVGO,2024-06-18 04:00:00+00:00,2024-07-16 04:00:00+00:00,2024-06-18 04:00:00+00:00,2024-07-16 04:00:00+00:00,9.38666106455588,180.252,169.375,모멘텀,18.0,4.229911075520817,3.974664294522881,-110.30328776921806,-6.034329716175135,AVGO@2024-06-18 04:00:00+00:00,①손절15+모멘텀0,A,A
ROST,2024-06-21 04:00:00+00:00,2024-07-17 04:00:00+00:00,2024-06-21 04:00:00+00:00,2024-07-17 04:00:00+00:00,0.32263143893832336,149.29,147.6,모멘텀,17.0,0.12041411879775574,0.11905100096824132,-0.7847122515717615,-1.1320249179449404,ROST@2024-06-21 04:00:00+00:00,①손절15+모멘텀0,A,A
ARM,2024-06-13 04:00:00+00:00,2024-07-18 04:00:00+00:00,2024-06-13 04:00:00+00:00,2024-07-18 04:00:00+00:00,27.720507261293708,158.05,158.33,모멘텀,23.0,10.953065431618677,10.972469786701584,-14.163793185157374,0.1771591268585837,ARM@2024-06-13 04:00:00+00:00,①손절15+모멘텀0,A,A
TSLA,2024-07-15 04:00:00+00:00,2024-08-01 04:00:00+00:00,2024-07-15 04:00:00+00:00,2024-08-01 04:00:00+00:00,18.060042593921402,252.64,216.86,모멘텀,13.0,11.406722902320757,9.791252092294489,-667.386299005122,-14.16244458518049,TSLA@2024-07-15 04:00:00+00:00,①손절15+모멘텀0,A,A+C
PLTR,2024-06-20 04:00:00+00:00,2024-08-02 04:00:00+00:00,2024-06-20 04:00:00+00:00,2024-08-02 04:00:00+00:00,136.8662337580271,25.56,24.74,모멘텀,30.0,8.745752337137931,8.465176557933976,-129.44124057665385,-3.2081377151799706,PLTR@2024-06-20 04:00:00+00:00,①손절15+모멘텀0,A,A
MSTR,2024-08-01 04:00:00+00:00,2024-08-07 04:00:00+00:00,2024-08-01 04:00:00+00:00,2024-08-07 04:00:00+00:00,26.116051646527932,151.181,124.685,손절,4.0,9.87062700993435,8.14069974886834,-709.9822311852063,-17.526011866570535,MSTR@2024-08-01 04:00:00+00:00,①손절15+모멘텀0,A,A
WBD,2024-07-17 04:00:00+00:00,2024-08-08 04:00:00+00:00,2024-07-17 04:00:00+00:00,2024-08-08 04:00:00+00:00,13.739325386133544,8.32,7.02,손절,16.0,0.28577796803157773,0.24112516052664368,-18.388026130531813,-15.62500000000001,WBD@2024-07-17 04:00:00+00:00,①손절15+모멘텀0,A,A
GILD,2024-07-18 04:00:00+00:00,2024-08-22 04:00:00+00:00,2024-07-18 04:00:00+00:00,2024-08-22 04:00:00+00:00,59.50722084242944,73.51,75.9,모멘텀,25.0,10.935939510317471,11.291495154850987,119.99482314823763,3.2512583321997024,GILD@2024-07-18 04:00:00+00:00,①손절15+모멘텀0,A,A
CHTR,2024-07-16 04:00:00+00:00,2024-08-23 04:00:00+00:00,2024-07-16 04:00:00+00:00,2024-08-23 04:00:00+00:00,4.809935935133523,327.42,348.73,모멘텀,28.0,3.9371730597035453,4.193422396647784,94.36913932134439,6.508460081852063,CHTR@2024-07-16 04:00:00+00:00,①손절15+모멘텀0,A,A
AEP,2024-08-02 04:00:00+00:00,2024-08-29 04:00:00+00:00,2024-08-02 04:00:00+00:00,2024-08-29 04:00:00+00:00,33.46348621465081,101.79,99.75,모멘텀,19.0,8.515620654473265,8.344956874778545,-85.12608940713926,-2.004126142057183,AEP@2024-08-02 04:00:00+00:00,①손절15+모멘텀0,A,A
AXON,2024-08-07 04:00:00+00:00,2024-09-06 04:00:00+00:00,2024-08-07 04:00:00+00:00,2024-09-06 04:00:00+00:00,9.529095458931938,349.24,354.62,모멘텀,21.0,8.319853245193475,8.44801957911611,34.498660744744484,1.5404879166189378,AXON@2024-08-07 04:00:00+00:00,①손절15+모멘텀0,A,A
DASH,2024-08-08 04:00:00+00:00,2024-09-06 04:00:00+00:00,2024-08-08 04:00:00+00:00,2024-09-06 04:00:00+00:00,0.5640472257320794,124.76,123.56,모멘텀,20.0,0.17592632970583558,0.17423418802863935,-1.0270171886129589,-0.9618467457518487,DASH@2024-08-08 04:00:00+00:00,①손절15+모멘텀0,A,A
SHOP,2024-08-23 04:00:00+00:00,2024-09-06 04:00:00+00:00,2024-08-23 04:00:00+00:00,2024-09-06 04:00:00+00:00,23.95488739349226,76.14,67.01,모멘텀,9.0,4.559812815351251,4.013042510594791,-227.28097722853,-11.991069083267657,SHOP@2024-08-23 04:00:00+00:00,①손절15+모멘텀0,A,A
TEAM,2024-09-06 04:00:00+00:00,2024-09-17 04:00:00+00:00,2024-09-06 04:00:00+00:00,2024-09-17 04:00:00+00:00,5.355613900147654,161.31,155.82,모멘텀,7.0,2.1597851955820455,2.0862793948025184,-33.648384902195176,-3.4033847870559852,TEAM@2024-09-06 04:00:00+00:00,①손절15+모멘텀0,A,A
FTNT,2024-08-22 04:00:00+00:00,2024-09-18 04:00:00+00:00,2024-08-22 04:00:00+00:00,2024-09-18 04:00:00+00:00,58.30041940345042,74.49,74.68,모멘텀,18.0,10.856995603407555,10.884688302624195,-10.664604219374269,0.25506779433481785,FTNT@2024-08-22 04:00:00+00:00,①손절15+모멘텀0,A,A
WDAY,2024-09-06 04:00:00+00:00,2024-09-23 04:00:00+00:00,2024-09-06 04:00:00+00:00,2024-09-23 04:00:00+00:00,16.534674553677583,254.6,245.03,모멘텀,11.0,10.524320353415781,10.128728264719046,-178.8898840968286,-3.758837391987424,WDAY@2024-09-06 04:00:00+00:00,①손절15+모멘텀0,A,A
SBUX,2024-08-29 04:00:00+00:00,2024-09-24 04:00:00+00:00,2024-08-29 04:00:00+00:00,2024-09-24 04:00:00+00:00,35.04021362347867,94.86,94.45,모멘텀,17.0,8.309786660807967,8.2738704418439,-30.95014468827776,-0.43221589711153197,SBUX@2024-08-29 04:00:00+00:00,①손절15+모멘텀0,A,A
TSLA,2024-09-24 04:00:00+00:00,2024-10-11 04:00:00+00:00,2024-09-24 04:00:00+00:00,2024-10-11 04:00:00+00:00,13.034585790081167,254.27,217.8,모멘텀,13.0,8.285760322109846,7.0973319626991955,-490.7544360490692,-14.343021197939198,TSLA@2024-09-24 04:00:00+00:00,①손절15+모멘텀0,A,A
PDD,2024-10-11 04:00:00+00:00,2024-10-23 04:00:00+00:00,2024-10-11 04:00:00+00:00,2024-10-23 04:00:00+00:00,19.10450724587325,144.76,122.34,손절,8.0,6.913921172281529,5.843113541150334,-441.0800871659094,-15.487703785576123,PDD@2024-10-11 04:00:00+00:00,①손절15+모멘텀0,A,A
CEG,2024-09-23 04:00:00+00:00,2024-10-29 04:00:00+00:00,2024-09-23 04:00:00+00:00,2024-10-29 04:00:00+00:00,15.635324758936978,257.12,265.0,모멘텀,26.0,10.05038675504469,10.358402652795748,102.79756969258369,3.0647168637212285,CEG@2024-09-23 04:00:00+00:00,①손절15+모멘텀0,A,A
SMCI,2024-10-29 04:00:00+00:00,2024-10-30 04:00:00+00:00,2024-10-29 04:00:00+00:00,2024-10-30 04:00:00+00:00,82.27473070927924,49.12,33.07,손절,1.0,10.10333693109949,6.802063361389661,-1337.4148281764205,-32.67508143322475,SMCI@2024-10-29 04:00:00+00:00,①손절15+모멘텀0,A,A
GILD,2024-09-18 04:00:00+00:00,2024-11-19 05:00:00+00:00,2024-09-18 04:00:00+00:00,2024-11-19 05:00:00+00:00,1.6163129281563802,83.89,87.75,모멘텀,44.0,0.33898122885759685,0.35457864861430594,5.545408025211742,4.601263559423052,GILD@2024-09-18 04:00:00+00:00,①손절15+모멘텀0,A,A
APP,2024-09-17 04:00:00+00:00,2024-12-18 05:00:00+00:00,2024-09-17 04:00:00+00:00,2024-12-18 05:00:00+00:00,6.658506145163864,123.64,313.07,모멘텀,65.0,2.0581442494701503,5.211446297166127,1254.0512285317548,153.2109349725008,APP@2024-09-17 04:00:00+00:00,①손절15+모멘텀0,A,A
MSTR,2024-10-23 04:00:00+00:00,2024-12-18 05:00:00+00:00,2024-10-23 04:00:00+00:00,2024-12-18 05:00:00+00:00,11.086028116536937,213.95,349.64,모멘텀,39.0,5.9296392888326945,9.690297176664936,1488.6432186673992,63.4213601308717,MSTR@2024-10-23 04:00:00+00:00,①손절15+모멘텀0,A,A
TEAM,2024-10-30 04:00:00+00:00,2024-12-23 05:00:00+00:00,2024-10-30 04:00:00+00:00,2024-12-23 05:00:00+00:00,15.056739070066751,190.44,251.4,모멘텀,37.0,7.1685134712587795,9.463160505536953,901.2271397344734,32.01008191556396,TEAM@2024-10-30 04:00:00+00:00,①손절15+모멘텀0,A,A
PLTR,2024-09-18 04:00:00+00:00,2025-01-07 05:00:00+00:00,2024-09-18 04:00:00+00:00,2025-01-07 05:00:00+00:00,115.59032209843491,36.38,69.99,모멘텀,76.0,10.512939794852654,20.225416609173646,3854.252369324371,92.38592633315005,PLTR@2024-09-18 04:00:00+00:00,①손절15+모멘텀0,A,A
LULU,2024-12-31 05:00:00+00:00,2025-01-07 05:00:00+00:00,2024-12-31 05:00:00+00:00,2025-01-07 05:00:00+00:00,0.08100650643132283,382.41,393.46,모멘텀,4.0,0.07744424531100542,0.0796820500511707,0.7379956007039397,2.889568787427099,LULU@2024-12-31 05:00:00+00:00,①손절15+모멘텀0,A,A
TSLA,2024-12-30 05:00:00+00:00,2025-01-10 05:00:00+00:00,2024-12-30 05:00:00+00:00,2025-01-10 05:00:00+00:00,0.096352961316302,417.41,394.74,모멘텀,7.0,0.10054672395759406,0.09508591987499264,-2.37995427687315,-5.431110898157687,TSLA@2024-12-30 05:00:00+00:00,①손절15+모멘텀0,A,A
GOOGL,2025-01-07 05:00:00+00:00,2025-01-13 05:00:00+00:00,2025-01-07 05:00:00+00:00,2025-01-13 05:00:00+00:00,29.755609129075054,195.49,191.01,모멘텀,3.0,14.542310071607208,14.209047249361566,-162.056486219225,-2.291677323648278,GOOGL@2025-01-07 05:00:00+00:00,①손절15+모멘텀0,A,A
GOOG,2025-01-07 05:00:00+00:00,2025-01-13 05:00:00+00:00,2025-01-07 05:00:00+00:00,2025-01-13 05:00:00+00:00,11.806540534175468,196.71,192.29,모멘텀,3.0,5.806161471194141,5.675699198291502,-63.6667698305414,-2.246962533679031,GOOG@2025-01-07 05:00:00+00:00,①손절15+모멘텀0,A,A
MRVL,2024-12-23 05:00:00+00:00,2025-01-15 05:00:00+00:00,2024-12-23 05:00:00+00:00,2025-01-15 05:00:00+00:00,31.99521129820141,113.76,116.0,모멘텀,14.0,9.099438093208482,9.27861127647841,53.29122393828402,1.9690576652601877,MRVL@2024-12-23 05:00:00+00:00,①손절15+모멘텀0,A,A
AVGO,2024-12-18 05:00:00+00:00,2025-01-16 05:00:00+00:00,2024-12-18 05:00:00+00:00,2025-01-16 05:00:00+00:00,24.40218245045765,223.62,229.41,모멘텀,18.0,13.642040098928351,13.995261689898726,113.65133459932349,2.5892138449154833,AVGO@2024-12-18 05:00:00+00:00,①손절15+모멘텀0,A,A
CEG,2025-01-10 05:00:00+00:00,2025-02-19 05:00:00+00:00,2025-01-10 05:00:00+00:00,2025-02-19 05:00:00+00:00,0.22764340243572664,305.19,321.665,모멘텀,26.0,0.17368622497339853,0.18306228761122004,3.393676542543986,5.398276483502085,CEG@2025-01-10 05:00:00+00:00,①손절15+모멘텀0,A,A
BKR,2025-01-13 05:00:00+00:00,2025-02-19 05:00:00+00:00,2025-01-13 05:00:00+00:00,2025-02-19 05:00:00+00:00,49.17615647196888,44.83,46.89,모멘텀,25.0,5.511417736595912,5.764674942426552,90.02678965323366,4.595137184920817,BKR@2025-01-13 05:00:00+00:00,①손절15+모멘텀0,A,A
ISRG,2025-01-15 05:00:00+00:00,2025-02-20 05:00:00+00:00,2025-01-15 05:00:00+00:00,2025-02-20 05:00:00+00:00,6.308137035799308,580.11,606.57,모멘텀,24.0,9.148533439593841,9.565816704511967,148.1989558231444,4.561203909603351,ISRG@2025-01-15 05:00:00+00:00,①손절15+모멘텀0,A,A
KLAC,2025-01-13 05:00:00+00:00,2025-02-21 05:00:00+00:00,2025-01-13 05:00:00+00:00,2025-02-21 05:00:00+00:00,82.6746411844512,69.099,75.43,모멘텀,27.0,14.281837578010984,15.590370461357887,493.54094529939266,9.162216529906363,KLAC@2025-01-13 05:00:00+00:00,①손절15+모멘텀0,A,A
SMCI,2025-02-19 05:00:00+00:00,2025-02-25 05:00:00+00:00,2025-02-19 05:00:00+00:00,2025-02-25 05:00:00+00:00,38.120723201514664,60.25,45.54,손절,4.0,5.741933932228147,4.340044336492444,-570.8378165630013,-24.414937759336098,SMCI@2025-02-19 05:00:00+00:00,①손절15+모멘텀0,A,A
PLTR,2025-02-20 05:00:00+00:00,2025-02-25 05:00:00+00:00,2025-02-20 05:00:00+00:00,2025-02-25 05:00:00+00:00,35.88535521233209,106.27,87.84,손절,3.0,9.533841746036327,7.880424004628127,-678.7813623139441,-17.342617860167486,PLTR@2025-02-20 05:00:00+00:00,①손절15+모멘텀0,A,A+B
PDD,2025-02-21 05:00:00+00:00,2025-02-28 05:00:00+00:00,2025-02-21 05:00:00+00:00,2025-02-28 05:00:00+00:00,45.17693306434551,131.34,113.69,모멘텀,5.0,14.83384597167785,12.840413800213604,-825.0471283575898,-13.438404141921733,PDD@2025-02-21 05:00:00+00:00,①손절15+모멘텀0,A,A
DXCM,2025-01-16 05:00:00+00:00,2025-03-03 05:00:00+00:00,2025-01-16 05:00:00+00:00,2025-03-03 05:00:00+00:00,65.27190044542581,84.84,85.99,모멘텀,30.0,13.844170084474815,14.031826798255413,47.18668862951017,1.3554926921263366,DXCM@2025-01-16 05:00:00+00:00,①손절15+모멘텀0,A,A
SMCI,2025-02-27 05:00:00+00:00,2025-03-03 05:00:00+00:00,2025-02-27 05:00:00+00:00,2025-03-03 05:00:00+00:00,0.44502661963804124,42.95,36.07,손절,2.0,0.04778473328363468,0.04013027542586037,-3.1496981518192193,-16.018626309662398,SMCI@2025-02-27 05:00:00+00:00,①손절15+모멘텀0,A,A+B
MELI,2025-02-21 05:00:00+00:00,2025-03-07 05:00:00+00:00,2025-02-21 05:00:00+00:00,2025-03-07 05:00:00+00:00,0.14520284759742882,2260.0,2009.34,모멘텀,10.0,0.8203960889254729,0.7294047244785441,-37.94634659217553,-11.091150442477883,MELI@2025-02-21 05:00:00+00:00,①손절15+모멘텀0,A,A
INTC,2025-02-28 05:00:00+00:00,2025-03-10 04:00:00+00:00,2025-02-28 05:00:00+00:00,2025-03-10 04:00:00+00:00,215.7882063102193,23.73,19.93,손절,6.0,12.801635339353759,10.751647379406677,-843.5484666975926,-16.013485040033714,INTC@2025-02-28 05:00:00+00:00,①손절15+모멘텀0,A,A
TMUS,2025-02-25 05:00:00+00:00,2025-03-12 04:00:00+00:00,2025-02-25 05:00:00+00:00,2025-03-12 04:00:00+00:00,18.52839321803426,270.54,255.61,모멘텀,11.0,12.531678753017474,11.840106476154345,-301.00069597442234,-5.518592444740156,TMUS@2025-02-25 05:00:00+00:00,①손절15+모멘텀0,A,공통
MRNA,2025-03-12 04:00:00+00:00,2025-03-18 04:00:00+00:00,2025-03-12 04:00:00+00:00,2025-03-18 04:00:00+00:00,136.29380442873742,35.01,33.81,모멘텀,4.0,11.929115232625243,11.52023381933903,-187.00191436644855,-3.427592116538125,MRNA@2025-03-12 04:00:00+00:00,①손절15+모멘텀0,A,A
GILD,2025-03-03 05:00:00+00:00,2025-03-19 04:00:00+00:00,2025-03-03 05:00:00+00:00,2025-03-19 04:00:00+00:00,45.614675283991595,115.99,107.51,모멘텀,12.0,13.227115465475464,12.260084349454843,-412.29964622317857,-7.310975084058957,GILD@2025-03-03 05:00:00+00:00,①손절15+모멘텀0,A,A
MDLZ,2025-03-03 05:00:00+00:00,2025-03-21 04:00:00+00:00,2025-03-03 05:00:00+00:00,2025-03-21 04:00:00+00:00,5.257676028733299,65.78,64.51,모멘텀,14.0,0.8646248229251912,0.8479317015339629,-8.389805080950396,-1.930678017634535,MDLZ@2025-03-03 05:00:00+00:00,①손절15+모멘텀0,A,A
AMGN,2025-03-10 04:00:00+00:00,2025-03-25 04:00:00+00:00,2025-03-10 04:00:00+00:00,2025-03-25 04:00:00+00:00,13.11504468212808,327.36,306.86,모멘텀,11.0,10.733352567853622,10.061206527894557,-289.6529750793734,-6.262218963831867,AMGN@2025-03-10 04:00:00+00:00,①손절15+모멘텀0,A,A
AXON,2025-03-21 04:00:00+00:00,2025-03-26 04:00:00+00:00,2025-03-21 04:00:00+00:00,2025-03-26 04:00:00+00:00,0.8269797844775311,560.0,559.06,모멘텀,3.0,1.1577716982685435,1.1558282957750212,-3.0909609914523912,-0.16785714285715292,AXON@2025-03-21 04:00:00+00:00,①손절15+모멘텀0,A,A
MSTR,2025-03-25 04:00:00+00:00,2025-03-28 04:00:00+00:00,2025-03-25 04:00:00+00:00,2025-03-28 04:00:00+00:00,11.731304458193994,341.81,289.41,손절,3.0,10.024692942138223,8.487892058114811,-633.2329386096171,-15.330154179222365,MSTR@2025-03-25 04:00:00+00:00,①손절15+모멘텀0,A,A
CHTR,2025-03-26 04:00:00+00:00,2025-03-31 04:00:00+00:00,2025-03-26 04:00:00+00:00,2025-03-31 04:00:00+00:00,1.2549453448795782,384.77,368.53,모멘텀,3.0,1.2071633008732883,1.1562125198711772,-22.743688221588798,-4.220703277282533,CHTR@2025-03-26 04:00:00+00:00,①손절15+모멘텀0,A,A
VRTX,2025-03-18 04:00:00+00:00,2025-04-01 04:00:00+00:00,2025-03-18 04:00:00+00:00,2025-04-01 04:00:00+00:00,9.002808033101868,512.23,484.74,모멘텀,10.0,11.528770896989425,10.9100529149145,-269.9260166418735,-5.366729789352442,VRTX@2025-03-18 04:00:00+00:00,①손절15+모멘텀0,A,A
PDD,2025-03-28 04:00:00+00:00,2025-04-02 04:00:00+00:00,2025-03-28 04:00:00+00:00,2025-04-02 04:00:00+00:00,28.540970191348944,120.45,119.07,모멘텀,3.0,8.59439964886995,8.495933301709796,-56.47687181464153,-1.1457036114570496,PDD@2025-03-28 04:00:00+00:00,①손절15+모멘텀0,A,A
MSTR,2025-03-31 04:00:00+00:00,2025-04-03 04:00:00+00:00,2025-03-31 04:00:00+00:00,2025-04-03 04:00:00+00:00,1.640624420847625,288.27,282.28,모멘텀,3.0,1.182357004494362,1.1577886537921689,-12.167485939163726,-2.0779130676102264,MSTR@2025-03-31 04:00:00+00:00,①손절15+모멘텀0,A,A
DLTR,2025-04-01 04:00:00+00:00,2025-04-03 04:00:00+00:00,2025-04-01 04:00:00+00:00,2025-04-03 04:00:00+00:00,57.41327517221841,75.34,67.22,모멘텀,2.0,10.813790378687338,9.648300892691305,-486.657885669792,-10.777807273692597,DLTR@2025-04-01 04:00:00+00:00,①손절15+모멘텀0,A,공통
EA,2025-03-19 04:00:00+00:00,2025-04-04 04:00:00+00:00,2025-03-19 04:00:00+00:00,2025-04-04 04:00:00+00:00,33.62285623568057,141.97,135.34,모멘텀,12.0,11.933592249448928,11.376293407342523,-246.22942249935204,-4.670000704374155,EA@2025-03-19 04:00:00+00:00,①손절15+모멘텀0,A,A
CDNS,2025-04-02 04:00:00+00:00,2025-04-04 04:00:00+00:00,2025-04-02 04:00:00+00:00,2025-04-04 04:00:00+00:00,12.760921581492623,264.94,232.88,모멘텀,2.0,8.452196409501639,7.429408544745005,-424.9967508568998,-12.100853023326042,CDNS@2025-04-02 04:00:00+00:00,①손절15+모멘텀0,A,A
ORLY,2025-04-03 04:00:00+00:00,2025-04-07 04:00:00+00:00,2025-04-03 04:00:00+00:00,2025-04-07 04:00:00+00:00,1.319127919776231,96.174063,88.967128,모멘텀,2.0,0.3171647291540455,0.29339755621776414,-10.117431459884315,-7.493636823890871,ORLY@2025-04-03 04:00:00+00:00,①손절15+모멘텀0,A,A
MNST,2025-03-07 05:00:00+00:00,2025-04-08 04:00:00+00:00,2025-03-07 05:00:00+00:00,2025-04-08 04:00:00+00:00,12.460203303168734,27.535,27.505,모멘텀,22.0,0.8577292448818779,0.8567947296341402,-2.0883300736110755,-0.10895224260033531,MNST@2025-03-07 05:00:00+00:00,①손절15+모멘텀0,A,A
MSTR,2025-04-04 04:00:00+00:00,2025-04-08 04:00:00+00:00,2025-04-04 04:00:00+00:00,2025-04-08 04:00:00+00:00,13.755589417349787,293.61,237.95,손절,2.0,10.096946522070178,8.182856254645955,-783.9159097464053,-18.9571199891012,MSTR@2025-04-04 04:00:00+00:00,①손절15+모멘텀0,A,A
CCEP,2025-04-04 04:00:00+00:00,2025-04-08 04:00:00+00:00,2025-04-04 04:00:00+00:00,2025-04-08 04:00:00+00:00,41.94178536727246,83.93,81.84,모멘텀,2.0,8.800435114687945,8.581289286143946,-105.04005581843103,-2.490170380078638,CCEP@2025-04-04 04:00:00+00:00,①손절15+모멘텀0,A,A
KDP,2025-04-08 04:00:00+00:00,2025-04-30 04:00:00+00:00,2025-04-08 04:00:00+00:00,2025-04-30 04:00:00+00:00,99.02777782477538,33.57,34.59,모멘텀,15.0,8.310906253944275,8.563427087397454,84.13400003992956,3.038427167113511,KDP@2025-04-08 04:00:00+00:00,①손절15+모멘텀0,A,A
EXC,2025-04-03 04:00:00+00:00,2025-05-02 04:00:00+00:00,2025-04-03 04:00:00+00:00,2025-05-02 04:00:00+00:00,90.22895817909959,47.23,46.48,모멘텀,20.0,10.653784236997183,10.484604940411373,-88.81010781173245,-1.587973745500737,EXC@2025-04-03 04:00:00+00:00,①손절15+모멘텀0,A,A
CPRT,2025-04-08 04:00:00+00:00,2025-05-22 04:00:00+00:00,2025-04-08 04:00:00+00:00,2025-05-22 04:00:00+00:00,68.54062666895614,54.59,60.66,모멘텀,31.0,9.35408202464579,10.394186034347197,396.2933358215705,11.119252610368191,CPRT@2025-04-08 04:00:00+00:00,①손절15+모멘텀0,A,A
MSTR,2025-05-01 04:00:00+00:00,2025-05-28 04:00:00+00:00,2025-05-01 04:00:00+00:00,2025-05-28 04:00:00+00:00,0.03551115379434816,381.6,364.25,모멘텀,18.0,0.03387764071980815,0.032337344423978294,-0.6823335034757285,-4.546645702306085,MSTR@2025-05-01 04:00:00+00:00,①손절15+모멘텀0,A,공통
APP,2025-05-28 04:00:00+00:00,2025-06-13 04:00:00+00:00,2025-05-28 04:00:00+00:00,2025-06-13 04:00:00+00:00,0.1742781254168552,390.26,364.49,모멘텀,12.0,0.17003445306295475,0.15880658483297388,-4.819988329888275,-6.603290114282778,APP@2025-05-28 04:00:00+00:00,①손절15+모멘텀0,A,A
PLTR,2025-04-30 04:00:00+00:00,2025-07-01 04:00:00+00:00,2025-04-30 04:00:00+00:00,2025-07-01 04:00:00+00:00,28.127992056326125,118.44,130.68,모멘텀,42.0,8.328698447878166,9.189415004801745,326.76850931675244,10.334346504559289,PLTR@2025-04-30 04:00:00+00:00,①손절15+모멘텀0,A,A
CEG,2025-05-22 04:00:00+00:00,2025-07-01 04:00:00+00:00,2025-05-22 04:00:00+00:00,2025-07-01 04:00:00+00:00,14.18673666529813,291.47,307.92,모멘텀,26.0,10.337520339586115,10.920949884946502,212.11334791962236,5.643805537448099,CEG@2025-05-22 04:00:00+00:00,①손절15+모멘텀0,A,A
ZS,2025-06-13 04:00:00+00:00,2025-07-10 04:00:00+00:00,2025-06-13 04:00:00+00:00,2025-07-10 04:00:00+00:00,0.07189041712802387,301.95,296.18,모멘텀,17.0,0.05426827862951702,0.05323125936244527,-0.5223072448206558,-1.910912402715681,ZS@2025-06-13 04:00:00+00:00,①손절15+모멘텀0,A,A
MRVL,2025-07-01 04:00:00+00:00,2025-07-18 04:00:00+00:00,2025-07-01 04:00:00+00:00,2025-07-18 04:00:00+00:00,45.955817011176556,76.24,74.65,모멘텀,12.0,8.759178722330251,8.576504349710826,-90.4054321198114,-2.085519412381942,MRVL@2025-07-01 04:00:00+00:00,①손절15+모멘텀0,A,A
MRNA,2025-07-24 04:00:00+00:00,2025-07-31 04:00:00+00:00,2025-07-24 04:00:00+00:00,2025-07-31 04:00:00+00:00,0.6596481507681468,34.01,29.56,모멘텀,5.0,0.05608658401906167,0.04874799834176605,-3.0402688532790734,-13.084386945016169,MRNA@2025-07-24 04:00:00+00:00,①손절15+모멘텀0,A,A
ON,2025-07-01 04:00:00+00:00,2025-08-04 04:00:00+00:00,2025-07-01 04:00:00+00:00,2025-08-04 04:00:00+00:00,83.46634403225582,53.6,47.97,모멘텀,23.0,11.18449010032228,10.00970130806828,-491.10970830999076,-10.503731343283585,ON@2025-07-01 04:00:00+00:00,①손절15+모멘텀0,A,A
DLTR,2025-04-07 04:00:00+00:00,2025-08-18 04:00:00+00:00,2025-04-07 04:00:00+00:00,2025-08-18 04:00:00+00:00,2.2374380882150646,72.84,112.06,모멘텀,91.0,0.40743747586396334,0.6268182804134503,86.71806606351743,53.844041735310256,DLTR@2025-04-07 04:00:00+00:00,①손절15+모멘텀0,A,A
PLTR,2025-08-05 04:00:00+00:00,2025-08-22 04:00:00+00:00,2025-08-05 04:00:00+00:00,2025-08-22 04:00:00+00:00,0.22877556270106159,173.27,158.74,모멘텀,13.0,0.09909985437303237,0.09078958205791629,-3.5139983624773734,-8.385756334045135,PLTR@2025-08-05 04:00:00+00:00,①손절15+모멘텀0,A,A
AVGO,2025-05-02 04:00:00+00:00,2025-08-25 04:00:00+00:00,2025-05-02 04:00:00+00:00,2025-08-25 04:00:00+00:00,19.67762904309304,203.64,294.23,모멘텀,78.0,10.017880945838668,14.474371983373164,1758.1041620845872,44.48536633274407,AVGO@2025-05-02 04:00:00+00:00,①손절15+모멘텀0,A,A
AMD,2025-07-18 04:00:00+00:00,2025-08-25 04:00:00+00:00,2025-07-18 04:00:00+00:00,2025-08-25 04:00:00+00:00,21.313893822547097,156.99,163.36,모멘텀,26.0,8.365170478004172,8.704594237128235,118.69973893449287,4.057583285559585,AMD@2025-07-18 04:00:00+00:00,①손절15+모멘텀0,A,A
IDXX,2025-08-04 04:00:00+00:00,2025-09-02 04:00:00+00:00,2025-08-04 04:00:00+00:00,2025-09-02 04:00:00+00:00,5.884205774854929,682.78,639.45,모멘텀,20.0,10.044045047388622,9.406638456827462,-274.4133197286792,-6.346114414599125,IDXX@2025-08-04 04:00:00+00:00,①손절15+모멘텀0,A,A
EA,2025-08-25 04:00:00+00:00,2025-09-09 04:00:00+00:00,2025-08-25 04:00:00+00:00,2025-09-09 04:00:00+00:00,25.669943242023823,172.76,166.04,모멘텀,10.0,11.08684848623009,10.655593439764088,-194.24446051239374,-3.889789303079416,EA@2025-08-25 04:00:00+00:00,①손절15+모멘텀0,A,A
AAPL,2025-09-02 04:00:00+00:00,2025-09-10 04:00:00+00:00,2025-09-02 04:00:00+00:00,2025-09-10 04:00:00+00:00,17.933066585897212,229.72,226.79,모멘텀,6.0,10.29896014028077,10.167600427539071,-73.01044566449855,-1.2754657844332273,AAPL@2025-09-02 04:00:00+00:00,①손절15+모멘텀0,A,A
AZN,2025-08-25 04:00:00+00:00,2025-09-15 04:00:00+00:00,2025-08-25 04:00:00+00:00,2025-09-15 04:00:00+00:00,27.58290088555238,160.658288,157.41124,모멘텀,14.0,11.078554085866324,10.854646577979745,-111.49620381847672,-2.0210896309314608,AZN@2025-08-25 04:00:00+00:00,①손절15+모멘텀0,A,A
INTC,2025-08-22 04:00:00+00:00,2025-09-17 04:00:00+00:00,2025-08-22 04:00:00+00:00,2025-09-17 04:00:00+00:00,2.9344652145682133,24.8,24.9,모멘텀,17.0,0.18193684330322923,0.18267045960687128,-0.07116078145327265,0.40322580645160144,INTC@2025-08-22 04:00:00+00:00,①손절15+모멘텀0,A,A
AVGO,2025-09-10 04:00:00+00:00,2025-10-06 04:00:00+00:00,2025-09-10 04:00:00+00:00,2025-10-06 04:00:00+00:00,10.998959572798478,369.57,335.49,모멘텀,18.0,10.162213723297834,9.225102367695404,-394.23185833196476,-9.221527721405954,AVGO@2025-09-10 04:00:00+00:00,①손절15+모멘텀0,A,A
APP,2025-08-18 04:00:00+00:00,2025-10-10 04:00:00+00:00,2025-08-18 04:00:00+00:00,2025-10-10 04:00:00+00:00,0.5100012585214208,438.54,569.89,모멘텀,38.0,0.5591398797799597,0.7266115430469311,65.70291388396171,29.951657773521223,APP@2025-08-18 04:00:00+00:00,①손절15+모멘텀0,A,A
GOOGL,2025-09-09 04:00:00+00:00,2025-10-10 04:00:00+00:00,2025-09-09 04:00:00+00:00,2025-10-10 04:00:00+00:00,17.689640264961064,239.63,236.57,모멘텀,23.0,10.59742124173155,10.462095493704597,-75.1898159462171,-1.27696866001753,GOOGL@2025-09-09 04:00:00+00:00,①손절15+모멘텀0,A,A
WBD,2025-09-15 04:00:00+00:00,2025-10-10 04:00:00+00:00,2025-09-15 04:00:00+00:00,2025-10-10 04:00:00+00:00,222.0119701983124,19.46,17.1,모멘텀,19.0,10.8008823501479,9.491011725977856,-544.2401437441426,-12.127440904419318,WBD@2025-09-15 04:00:00+00:00,①손절15+모멘텀0,A,A
MRVL,2025-10-10 04:00:00+00:00,2025-10-23 04:00:00+00:00,2025-10-10 04:00:00+00:00,2025-10-23 04:00:00+00:00,46.99116523228484,85.61,82.77,모멘텀,9.0,10.057284138839764,9.72364686569054,-153.23584026421895,-3.3173694661838615,MRVL@2025-10-10 04:00:00+00:00,①손절15+모멘텀0,A,A
INTC,2025-10-06 04:00:00+00:00,2025-11-04 05:00:00+00:00,2025-10-06 04:00:00+00:00,2025-11-04 05:00:00+00:00,99.94779250981925,36.59,37.03,모멘텀,21.0,9.142724319835716,9.252666891596517,25.581637492888603,1.2025143481825484,INTC@2025-10-06 04:00:00+00:00,①손절15+모멘텀0,A,A
AMAT,2025-10-10 04:00:00+00:00,2025-11-13 05:00:00+00:00,2025-10-10 04:00:00+00:00,2025-11-13 05:00:00+00:00,1.2331307959804818,209.95,223.23,모멘텀,24.0,0.6472395265402554,0.6881794689668074,15.040557975113757,6.325315551321742,AMAT@2025-10-10 04:00:00+00:00,①손절15+모멘텀0,A,A
AMD,2025-10-10 04:00:00+00:00,2025-11-17 05:00:00+00:00,2025-10-10 04:00:00+00:00,2025-11-17 05:00:00+00:00,18.733948673463807,214.9,240.52,모멘텀,26.0,10.06481392481843,11.264723337353788,458.6342277519707,11.921824104234524,AMD@2025-10-10 04:00:00+00:00,①손절15+모멘텀0,A,A
MU,2025-09-17 04:00:00+00:00,2025-11-20 05:00:00+00:00,2025-09-17 04:00:00+00:00,2025-11-20 05:00:00+00:00,0.8060450116257282,159.99,201.37,모멘텀,46.0,0.32239785352500067,0.40578320997768225,32.625961517569976,25.864116507281707,MU@2025-09-17 04:00:00+00:00,①손절15+모멘텀0,A,A
DDOG,2025-11-13 05:00:00+00:00,2025-11-21 05:00:00+00:00,2025-11-13 05:00:00+00:00,2025-11-21 05:00:00+00:00,1.4363381723704411,185.97,157.55,손절,6.0,0.6677895247893274,0.5657376976424076,-42.054258081199634,-15.2820347367855,DDOG@2025-11-13 05:00:00+00:00,①손절15+모멘텀0,A,A
ISRG,2025-10-23 04:00:00+00:00,2025-12-09 05:00:00+00:00,2025-10-23 04:00:00+00:00,2025-12-09 05:00:00+00:00,6.937640089822828,551.3,558.13,모멘텀,32.0,9.561802453798313,9.680262658332039,28.142016701360262,1.2388898966080308,ISRG@2025-10-23 04:00:00+00:00,①손절15+모멘텀0,A,A
AMGN,2025-11-20 05:00:00+00:00,2025-12-09 05:00:00+00:00,2025-11-20 05:00:00+00:00,2025-12-09 05:00:00+00:00,1.4978239182879582,336.07,313.85,모멘텀,12.0,1.2584342105475852,1.1752300918866894,-35.715311766792524,-6.61171779688754,AMGN@2025-11-20 05:00:00+00:00,①손절15+모멘텀0,A,A
BIIB,2025-11-21 05:00:00+00:00,2025-12-22 05:00:00+00:00,2025-11-21 05:00:00+00:00,2025-12-22 05:00:00+00:00,1.1587824837978618,175.3,174.7,모멘텀,20.0,0.5078364235244129,0.5060982497987161,-1.7092041636018394,-0.3422703936109661,BIIB@2025-11-21 05:00:00+00:00,①손절15+모멘텀0,A,A
REGN,2025-11-17 05:00:00+00:00,2025-12-24 05:00:00+00:00,2025-11-17 05:00:00+00:00,2025-12-24 05:00:00+00:00,5.88145069647787,704.31,783.71,모멘텀,26.0,10.355911350090821,11.52337931334168,445.1078946369116,11.273444931919197,REGN@2025-11-17 05:00:00+00:00,①손절15+모멘텀0,A,A
MRNA,2025-12-22 05:00:00+00:00,2025-12-31 05:00:00+00:00,2025-12-22 05:00:00+00:00,2025-12-31 05:00:00+00:00,3.9179311580745804,34.9,29.49,손절,6.0,0.34183949354200716,0.2888494746290484,-21.826696533354536,-15.501432664756443,MRNA@2025-12-22 05:00:00+00:00,①손절15+모멘텀0,A,A
APP,2025-12-24 05:00:00+00:00,2026-01-02 05:00:00+00:00,2025-12-24 05:00:00+00:00,2026-01-02 05:00:00+00:00,6.292938144071446,727.5,618.32,손절,5.0,11.445281249529941,9.727623783105642,-708.2358916023559,-15.007560137457043,APP@2025-12-24 05:00:00+00:00,①손절15+모멘텀0,A,A
WBD,2025-11-04 05:00:00+00:00,2026-01-09 05:00:00+00:00,2025-11-04 05:00:00+00:00,2026-01-09 05:00:00+00:00,162.61602383046602,22.6,28.885,모멘텀,45.0,9.18780534642133,11.74290962085753,1001.1109948072012,27.809734513274332,WBD@2025-11-04 05:00:00+00:00,①손절15+모멘텀0,A,A
DXCM,2025-12-09 05:00:00+00:00,2026-01-09 05:00:00+00:00,2025-12-09 05:00:00+00:00,2026-01-09 05:00:00+00:00,64.55815533222717,66.33,67.4,모멘텀,21.0,10.705356107966571,10.878049173480278,47.49382092403721,1.613146389265796,DXCM@2025-12-09 05:00:00+00:00,①손절15+모멘텀0,A,A
ABNB,2025-12-31 05:00:00+00:00,2026-01-16 05:00:00+00:00,2025-12-31 05:00:00+00:00,2026-01-16 05:00:00+00:00,1.0936541692339612,135.72,130.66,모멘텀,11.0,0.37107685962108305,0.3572421343802734,-6.2622090903252,-3.7282640730916583,ABNB@2025-12-31 05:00:00+00:00,①손절15+모멘텀0,A,A
MAR,2026-01-09 05:00:00+00:00,2026-01-27 05:00:00+00:00,2026-01-09 05:00:00+00:00,2026-01-27 05:00:00+00:00,13.606648366696074,328.18,313.95,모멘텀,11.0,11.163574652455795,10.679518136810582,-215.46569904735134,-4.336035102687552,MAR@2026-01-09 05:00:00+00:00,①손절15+모멘텀0,A,A
MRNA,2026-01-02 05:00:00+00:00,2026-02-12 05:00:00+00:00,2026-01-02 05:00:00+00:00,2026-02-12 05:00:00+00:00,126.75143128368494,30.86,40.11,모멘텀,28.0,9.778872923536293,12.709999771971507,1149.9618666785777,29.974076474400512,MRNA@2026-01-02 05:00:00+00:00,①손절15+모멘텀0,A,A
GFS,2026-01-27 05:00:00+00:00,2026-02-19 05:00:00+00:00,2026-01-27 05:00:00+00:00,2026-02-19 05:00:00+00:00,88.37094180418133,47.41,45.44,모멘텀,16.0,10.47416587734059,10.038938988955,-194.60386022053126,-4.155241510229912,GFS@2026-01-27 05:00:00+00:00,①손절15+모멘텀0,A,A
MU,2025-12-26 05:00:00+00:00,2026-02-26 05:00:00+00:00,2025-12-26 05:00:00+00:00,2026-02-26 05:00:00+00:00,0.05648525922233653,284.79,415.56,모멘텀,41.0,0.040216092434823054,0.05868253580608542,7.28767872026404,45.91804487517117,MU@2025-12-26 05:00:00+00:00,①손절15+모멘텀0,A,A
LRCX,2026-01-09 05:00:00+00:00,2026-02-26 05:00:00+00:00,2026-01-09 05:00:00+00:00,2026-02-26 05:00:00+00:00,20.545018865045613,218.36,239.07,모멘텀,32.0,11.2155257984284,12.279244150166138,401.99257074650086,9.484337790804176,LRCX@2026-01-09 05:00:00+00:00,①손절15+모멘텀0,A,A
ASML,2026-01-16 05:00:00+00:00,2026-02-27 05:00:00+00:00,2026-01-16 05:00:00+00:00,2026-02-27 05:00:00+00:00,0.03140207311508509,1358.57,1450.56,모멘텀,28.0,0.10665478617990287,0.11387647794454457,2.6681454417322357,6.771090190420814,ASML@2026-01-16 05:00:00+00:00,①손절15+모멘텀0,A,A
ODFL,2026-02-27 05:00:00+00:00,2026-03-06 05:00:00+00:00,2026-02-27 05:00:00+00:00,2026-03-06 05:00:00+00:00,0.1078609017186715,203.05,193.97,모멘텀,5.0,0.05475289023494063,0.05230444776592678,-1.0864343256064082,-4.4718049741443,ODFL@2026-02-27 05:00:00+00:00,①손절15+모멘텀0,A,A
CHTR,2026-02-19 05:00:00+00:00,2026-03-09 04:00:00+00:00,2026-02-19 05:00:00+00:00,2026-03-09 04:00:00+00:00,18.971257415780055,231.54,222.81,모멘텀,12.0,10.981512355124284,10.567464662024886,-187.16805425690836,-3.770406841150553,CHTR@2026-02-19 05:00:00+00:00,①손절15+모멘텀0,A,A
ARM,2026-02-26 05:00:00+00:00,2026-03-09 04:00:00+00:00,2026-02-26 05:00:00+00:00,2026-03-09 04:00:00+00:00,1.103162478561416,129.26,117.63,모멘텀,7.0,0.35648695494712157,0.32441250588294845,-13.510679086499323,-8.997369642580843,ARM@2026-02-26 05:00:00+00:00,①손절15+모멘텀0,A,A
BKR,2026-02-12 05:00:00+00:00,2026-03-10 04:00:00+00:00,2026-02-12 05:00:00+00:00,2026-03-10 04:00:00+00:00,77.27782360429214,61.39,59.34,모멘텀,17.0,11.860213977668737,11.464165131696738,-181.74391749816368,-3.3393060759081217,BKR@2026-02-12 05:00:00+00:00,①손절15+모멘텀0,A,A
CCEP,2026-02-26 05:00:00+00:00,2026-03-17 04:00:00+00:00,2026-02-26 05:00:00+00:00,2026-03-17 04:00:00+00:00,43.89448691229854,108.35,100.77,모멘텀,13.0,11.889919142368868,11.058118615380808,-355.6682485529727,-6.9958467928011085,CCEP@2026-02-26 05:00:00+00:00,①손절15+모멘텀0,A,A
CEG,2026-03-10 04:00:00+00:00,2026-03-20 04:00:00+00:00,2026-03-10 04:00:00+00:00,2026-03-20 04:00:00+00:00,0.3394261882529842,317.09,281.99,모멘텀,8.0,0.2690716250828469,0.23928697706364754,-12.422217809826222,-11.069412469645833,CEG@2026-03-10 04:00:00+00:00,①손절15+모멘텀0,A,A
AXON,2026-03-06 05:00:00+00:00,2026-03-24 04:00:00+00:00,2026-03-06 05:00:00+00:00,2026-03-24 04:00:00+00:00,0.19791076823509324,574.01,456.6,손절,12.0,0.28400690018656466,0.22591514194035894,-23.746625340609185,-20.454347485235445,AXON@2026-03-06 05:00:00+00:00,①손절15+모멘텀0,A,A
APP,2026-03-17 04:00:00+00:00,2026-03-26 04:00:00+00:00,2026-03-17 04:00:00+00:00,2026-03-26 04:00:00+00:00,9.55950260376789,459.09,391.21,모멘텀,7.0,10.971680125909499,9.34943253405009,-669.2201494037231,-14.785771853013575,APP@2026-03-17 04:00:00+00:00,①손절15+모멘텀0,A,A
MRNA,2026-03-09 04:00:00+00:00,2026-03-27 04:00:00+00:00,2026-03-09 04:00:00+00:00,2026-03-27 04:00:00+00:00,77.96270584499774,55.74,49.56,모멘텀,14.0,10.864103059500435,9.65957925419522,-502.3332044357803,-11.087190527448865,MRNA@2026-03-09 04:00:00+00:00,①손절15+모멘텀0,A,A
NFLX,2026-03-10 04:00:00+00:00,2026-03-27 04:00:00+00:00,2026-03-10 04:00:00+00:00,2026-03-27 04:00:00+00:00,46.11435968604261,96.94,93.43,모멘텀,13.0,11.175815069912426,10.771161563667404,-183.80837913158848,-3.6207963688879574,NFLX@2026-03-10 04:00:00+00:00,①손절15+모멘텀0,A,A
PLTR,2026-03-24 04:00:00+00:00,2026-03-30 04:00:00+00:00,2026-03-24 04:00:00+00:00,2026-03-30 04:00:00+00:00,0.6611022490219987,154.78,137.55,모멘텀,4.0,0.2558135152590624,0.22733653588243982,-11.873941801790522,-11.131929189817802,PLTR@2026-03-24 04:00:00+00:00,①손절15+모멘텀0,A,A
INTU,2026-03-20 04:00:00+00:00,2026-03-31 04:00:00+00:00,2026-03-20 04:00:00+00:00,2026-03-31 04:00:00+00:00,0.40277025783969905,455.56,432.38,모멘텀,7.0,0.4587150466536333,0.4353745102118227,-10.230304133589641,-5.088243041531304,INTU@2026-03-20 04:00:00+00:00,①손절15+모멘텀0,A,A
DDOG,2026-03-30 04:00:00+00:00,2026-04-02 04:00:00+00:00,2026-03-30 04:00:00+00:00,2026-04-02 04:00:00+00:00,2.4627075869872077,115.81,120.36,모멘텀,3.0,0.7130154141224714,0.7410287129244507,9.751275393744834,3.9288489767723034,DDOG@2026-03-30 04:00:00+00:00,①손절15+모멘텀0,A,A
ROST,2026-03-27 04:00:00+00:00,2026-05-07 04:00:00+00:00,2026-03-27 04:00:00+00:00,2026-05-07 04:00:00+00:00,18.974399576144243,211.69,224.48,모멘텀,28.0,10.041726615684937,10.64843304213215,221.9924109210683,6.041853653927909,ROST@2026-03-27 04:00:00+00:00,①손절15+모멘텀0,A,A
INTC,2026-04-02 04:00:00+00:00,2026-06-04 04:00:00+00:00,2026-04-02 04:00:00+00:00,2026-06-04 04:00:00+00:00,5.217928207653843,50.38,111.78,모멘텀,43.0,0.6571980577540016,1.4581500376288665,318.26544385456316,121.87375942834456,INTC@2026-04-02 04:00:00+00:00,①손절15+모멘텀0,A,A
DDOG,2026-05-07 04:00:00+00:00,2026-06-23 04:00:00+00:00,2026-05-07 04:00:00+00:00,2026-06-23 04:00:00+00:00,20.20028605568497,188.73,220.57,모멘텀,31.0,9.530999968223561,11.138942738256086,622.5071653065306,16.87066179197796,DDOG@2026-05-07 04:00:00+00:00,①손절15+모멘텀0,A,A
ARM,2026-03-27 04:00:00+00:00,2026-06-26 04:00:00+00:00,2026-03-27 04:00:00+00:00,2026-06-26 04:00:00+00:00,27.889390838561898,144.13,334.27,모멘텀,62.0,10.049244753904816,23.306466689015217,5269.53306260124,131.92256990217163,ARM@2026-03-27 04:00:00+00:00,①손절15+모멘텀0,A,A
MRVL,2026-03-26 04:00:00+00:00,2026-07-01 04:00:00+00:00,2026-03-26 04:00:00+00:00,2026-07-01 04:00:00+00:00,38.255459229923666,97.68,272.05,모멘텀,66.0,9.34198314394736,26.018494208751836,6635.243948569092,178.51146601146598,MRVL@2026-03-26 04:00:00+00:00,①손절15+모멘텀0,A,A
MU,2026-06-23 04:00:00+00:00,2026-07-01 04:00:00+00:00,2026-06-23 04:00:00+00:00,2026-07-01 04:00:00+00:00,3.866284390097702,1051.77,1032.28,모멘텀,6.0,10.16610483243265,9.97772012552514,-95.49770772096144,-1.8530667351226993,MU@2026-06-23 04:00:00+00:00,①손절15+모멘텀0,A,A
AMD,2026-03-31 04:00:00+00:00,2026-07-02 04:00:00+00:00,2026-03-31 04:00:00+00:00,2026-07-02 04:00:00+00:00,0.36937602858182744,203.43,517.82,모멘텀,64.0,0.1878554137360029,0.4781757378006048,115.46209847430416,154.5445607825788,AMD@2026-03-31 04:00:00+00:00,①손절15+모멘텀0,A,A
KLAC,2026-07-01 04:00:00+00:00,2026-07-07 04:00:00+00:00,2026-07-01 04:00:00+00:00,2026-07-07 04:00:00+00:00,30.652175811784534,266.19,216.47,손절,3.0,20.398256698347314,16.588191244942497,-1561.0126293052163,-18.67838761786693,KLAC@2026-07-01 04:00:00+00:00,①손절15+모멘텀0,A,A
AMAT,2026-06-24 04:00:00+00:00,2026-07-15 04:00:00+00:00,2026-06-24 04:00:00+00:00,2026-07-15 04:00:00+00:00,0.05355306996024348,588.97,579.43,모멘텀,14.0,0.0788528790362115,0.07757563831765969,-0.6673248047745908,-1.619776898653591,AMAT@2026-06-24 04:00:00+00:00,①손절15+모멘텀0,A,A
MRNA,2026-06-26 04:00:00+00:00,2026-07-20 04:00:00+00:00,2026-06-26 04:00:00+00:00,2026-07-20 04:00:00+00:00,119.5448969455076,67.27,59.49,모멘텀,15.0,20.10446304381074,17.779314798220618,-967.9430760780788,-11.565333729745797,MRNA@2026-06-26 04:00:00+00:00,①손절15+모멘텀0,A,A
AXON,2026-07-01 04:00:00+00:00,2026-07-22 04:00:00+00:00,2026-07-01 04:00:00+00:00,2026-07-22 04:00:00+00:00,12.528095100130868,593.96,491.49,손절,14.0,18.60296841418433,15.393583651908301,-1317.7504569765024,-17.252003501919322,AXON@2026-07-01 04:00:00+00:00,①손절15+모멘텀0,A,A
DASH,2026-07-02 04:00:00+00:00,2026-07-23 04:00:00+00:00,2026-07-02 04:00:00+00:00,2026-07-23 04:00:00+00:00,1.023836906247368,192.01,169.77,모멘텀,14.0,0.49146731092139284,0.43454197893403923,-23.69614208479686,-11.582730066142377,DASH@2026-07-02 04:00:00+00:00,①손절15+모멘텀0,A,A
PANW,2026-07-07 04:00:00+00:00,2026-07-28 04:00:00+00:00,2026-07-07 04:00:00+00:00,2026-07-28 04:00:00+00:00,19.60516520627041,337.04,319.0,모멘텀,15.0,16.519312202803448,15.635119252000653,-385.8316117759223,-5.352480417754579,PANW@2026-07-07 04:00:00+00:00,①손절15+모멘텀0,A,A+B
CTAS,2026-07-22 04:00:00+00:00,2026-08-13 04:00:00+00:00,2026-07-22 04:00:00+00:00,2026-08-13 04:00:00+00:00,32.06579687740786,201.36,200.7,모멘텀,16.0,16.14192214808712,16.089013583239392,-53.39436167041549,-0.3277711561382679,CTAS@2026-07-22 04:00:00+00:00,①손절15+모멘텀0,A,A
PYPL,2026-07-15 04:00:00+00:00,2026-08-28 04:00:00+00:00,2026-07-15 04:00:00+00:00,2026-08-28 04:00:00+00:00,4.699521491375351,55.52,53.66,모멘텀,32.0,0.6522935830028987,0.6304408080680033,-10.02384436502902,-3.3501440922190318,PYPL@2026-07-15 04:00:00+00:00,①손절15+모멘텀0,A,A
PAYX,2026-07-23 04:00:00+00:00,2026-09-08 04:00:00+00:00,2026-07-23 04:00:00+00:00,2026-09-08 04:00:00+00:00,1.8947707539369294,110.66,116.7,모멘텀,32.0,0.5241883290766515,0.5527993674610991,10.367427657241336,5.45816013012832,PAYX@2026-07-23 04:00:00+00:00,①손절15+모멘텀0,A,A
WDAY,2026-07-20 04:00:00+00:00,,2026-07-20 04:00:00+00:00,,47.7283022282132,147.22,,미청산(표본종료),,17.566401635093868,0.0,,,WDAY@2026-07-20 04:00:00+00:00,①손절15+모멘텀0,A,A
CTSH,2026-07-28 04:00:00+00:00,,2026-07-28 04:00:00+00:00,,120.17566360407447,50.31,,미청산(표본종료),,15.115094089802467,0.0,,,CTSH@2026-07-28 04:00:00+00:00,①손절15+모멘텀0,A,A
TEAM,2026-08-13 04:00:00+00:00,,2026-08-13 04:00:00+00:00,,36.86873248394435,165.98,,미청산(표본종료),,15.298680544212708,0.0,,,TEAM@2026-08-13 04:00:00+00:00,①손절15+모멘텀0,A,A
MRNA,2026-08-28 04:00:00+00:00,,2026-08-28 04:00:00+00:00,,0.8469993130317585,137.99,,미청산(표본종료),,0.2921935880131309,0.0,,,MRNA@2026-08-28 04:00:00+00:00,①손절15+모멘텀0,A,A
MSTR,2026-09-08 04:00:00+00:00,,2026-09-08 04:00:00+00:00,,3.002814320815942,138.38,,미청산(표본종료),,1.0388236142862752,0.0,,,MSTR@2026-09-08 04:00:00+00:00,①손절15+모멘텀0,A,A+B
EA,2023-09-12 04:00:00+00:00,2023-09-13 04:00:00+00:00,2023-09-11 04:00:00+00:00,2023-09-12 04:00:00+00:00,24.512767883698356,122.08,121.42,모멘텀,1.0,7.4812967581047385,7.440850691096635,-31.10057425244213,-0.5406290956749604,EA@2023-09-12 04:00:00+00:00,①손절15+모멘텀0,B,B+C
EA,2023-09-14 04:00:00+00:00,2023-09-22 04:00:00+00:00,2023-09-13 04:00:00+00:00,2023-09-21 04:00:00+00:00,24.516862247112876,121.68,118.89,모멘텀,6.0,7.458029495571737,7.287024381398124,-83.14709954641512,-2.2928994082840326,EA@2023-09-14 04:00:00+00:00,①손절15+모멘텀0,B,B+C
EA,2023-09-26 04:00:00+00:00,2023-09-27 04:00:00+00:00,2023-09-25 04:00:00+00:00,2023-09-26 04:00:00+00:00,24.834871332919736,119.12,118.68,모멘텀,1.0,7.3958246829434975,7.368506324477286,-25.691674393905032,-0.3693754197447885,EA@2023-09-26 04:00:00+00:00,①손절15+모멘텀0,B,B+C
EA,2023-10-02 04:00:00+00:00,2023-10-03 04:00:00+00:00,2023-09-29 04:00:00+00:00,2023-10-02 04:00:00+00:00,24.59892948364538,119.95,120.12,모멘텀,1.0,7.376603978908159,7.387058523938708,-10.58184449062719,0.1417257190496013,EA@2023-10-02 04:00:00+00:00,①손절15+모멘텀0,B,B+C
SMCI,2023-10-11 04:00:00+00:00,2023-10-20 04:00:00+00:00,2023-10-10 04:00:00+00:00,2023-10-19 04:00:00+00:00,96.314834362646,31.11,26.471,손절,7.0,7.490886242554792,6.373874951034005,-460.66927780190326,-14.911603985856637,SMCI@2023-10-11 04:00:00+00:00,①손절15+모멘텀0,B,B+C
PLTR,2023-10-11 04:00:00+00:00,2023-10-27 04:00:00+00:00,2023-10-10 04:00:00+00:00,2023-10-26 04:00:00+00:00,161.45503774696692,17.87,15.48,손절,12.0,7.2130038113457475,6.24830996080762,-399.33885398740404,-13.374370453273643,PLTR@2023-10-11 04:00:00+00:00,①손절15+모멘텀0,B,B+C
ZS,2023-10-20 04:00:00+00:00,2023-10-30 04:00:00+00:00,2023-10-19 04:00:00+00:00,2023-10-27 04:00:00+00:00,15.344595456599121,168.57,156.06,모멘텀,6.0,6.466596140297285,5.986693917392147,-204.41417921974426,-7.421249332621461,ZS@2023-10-20 04:00:00+00:00,①손절15+모멘텀0,B,B
PDD,2023-10-12 04:00:00+00:00,2023-11-08 05:00:00+00:00,2023-10-11 04:00:00+00:00,2023-11-07 05:00:00+00:00,0.09140865861028433,110.7,107.73,모멘텀,19.0,0.02529734627039619,0.024618636980214825,-0.3213996993231554,-2.682926829268295,PDD@2023-10-12 04:00:00+00:00,①손절15+모멘텀0,B,B
EA,2023-10-09 04:00:00+00:00,2023-11-10 05:00:00+00:00,2023-10-06 04:00:00+00:00,2023-11-09 05:00:00+00:00,24.0433555331427,122.59,132.13,모멘텀,24.0,7.36868738701991,7.942121416485364,214.0628029826762,7.782037686597598,EA@2023-10-09 04:00:00+00:00,①손절15+모멘텀0,B,B+C
FAST,2023-10-30 04:00:00+00:00,2023-11-10 05:00:00+00:00,2023-10-27 04:00:00+00:00,2023-11-09 05:00:00+00:00,82.32104410519774,28.965,29.76,모멘텀,9.0,5.961072606267631,6.124685681426712,53.359471775938346,2.744691869497684,FAST@2023-10-30 04:00:00+00:00,①손절15+모멘텀0,B,B
MSTR,2023-10-27 04:00:00+00:00,2024-01-10 05:00:00+00:00,2023-10-26 04:00:00+00:00,2024-01-09 05:00:00+00:00,60.275002005907304,42.0,56.668,모멘텀,50.0,6.328875210620268,8.539159534176887,869.2456946778516,34.92380952380951,MSTR@2023-10-27 04:00:00+00:00,①손절15+모멘텀0,B,B+C
NFLX,2023-11-10 05:00:00+00:00,2024-01-19 05:00:00+00:00,2023-11-09 05:00:00+00:00,2024-01-18 05:00:00+00:00,60.70114152656154,43.748,48.498,모멘텀,46.0,6.6388838487600355,7.359709904387954,274.3318284980196,10.85763920636371,NFLX@2023-11-10 05:00:00+00:00,①손절15+모멘텀0,B,B+C
SMCI,2024-01-12 05:00:00+00:00,2024-01-19 05:00:00+00:00,2024-01-11 05:00:00+00:00,2024-01-18 05:00:00+00:00,0.38997839195827877,34.553,34.756,모멘텀,4.0,0.03368730844333601,0.03388522247725484,0.011593082646941255,0.587503255867805,SMCI@2024-01-12 05:00:00+00:00,①손절15+모멘텀0,B,B
DXCM,2023-11-10 05:00:00+00:00,2024-01-29 05:00:00+00:00,2023-11-09 05:00:00+00:00,2024-01-26 05:00:00+00:00,30.63853486601166,93.61,121.88,모멘텀,52.0,7.170183122018378,9.335561573673752,849.6456359664576,30.199764982373665,DXCM@2023-11-10 05:00:00+00:00,①손절15+모멘텀0,B,B+C
MRNA,2024-01-10 05:00:00+00:00,2024-02-01 05:00:00+00:00,2024-01-09 05:00:00+00:00,2024-01-31 05:00:00+00:00,29.420618024449954,110.0,100.9,모멘텀,15.0,8.090669956723739,7.4213508966675015,-283.23964487588546,-8.272727272727264,MRNA@2024-01-10 05:00:00+00:00,①손절15+모멘텀0,B,B
AMD,2024-01-19 05:00:00+00:00,2024-02-20 05:00:00+00:00,2024-01-18 05:00:00+00:00,2024-02-16 05:00:00+00:00,17.84706639576497,165.8,171.14,모멘텀,21.0,7.39760902104458,7.635867357428042,80.26985817491232,3.2207478890229124,AMD@2024-01-19 05:00:00+00:00,①손절15+모멘텀0,B,B+C
CRWD,2023-10-13 04:00:00+00:00,2024-02-22 05:00:00+00:00,2023-10-12 04:00:00+00:00,2024-02-21 05:00:00+00:00,0.3786014191283955,46.89,76.2325,모멘텀,89.0,0.04438155135732617,0.07215433170926354,10.992576257708361,62.57730859458306,CRWD@2023-10-13 04:00:00+00:00,①손절15+모멘텀0,B,B+C
ARM,2024-02-20 05:00:00+00:00,2024-03-13 04:00:00+00:00,2024-02-16 05:00:00+00:00,2024-03-12 04:00:00+00:00,23.30129200030948,123.78,129.0,모멘텀,16.0,7.210584809495769,7.514666670099807,106.90749276201996,4.217159476490551,ARM@2024-02-20 05:00:00+00:00,①손절15+모멘텀0,B,B
SMCI,2024-01-29 05:00:00+00:00,2024-03-22 04:00:00+00:00,2024-01-26 05:00:00+00:00,2024-03-21 04:00:00+00:00,69.85367441715049,47.567,95.454,모멘텀,38.0,8.306824327501493,16.669531594536704,3320.1065508920474,100.67273529968253,SMCI@2024-01-29 05:00:00+00:00,①손절15+모멘텀0,B,B+C
ASML,2024-02-01 05:00:00+00:00,2024-04-03 04:00:00+00:00,2024-01-31 05:00:00+00:00,2024-04-02 04:00:00+00:00,3.3060214626920343,882.32,965.88,모멘텀,42.0,7.29242214240609,7.983050025962456,260.9756812541782,9.470486898177533,ASML@2024-02-01 05:00:00+00:00,①손절15+모멘텀0,B,B
NVDA,2024-01-29 05:00:00+00:00,2024-04-05 04:00:00+00:00,2024-01-26 05:00:00+00:00,2024-04-04 04:00:00+00:00,5.901647846528275,61.232,86.866,모멘텀,47.0,0.9034242523465483,1.2816313545913127,149.09778529096792,41.86373138228377,NVDA@2024-01-29 05:00:00+00:00,①손절15+모멘텀0,B,B
MSTR,2024-03-13 04:00:00+00:00,2024-04-10 04:00:00+00:00,2024-03-12 04:00:00+00:00,2024-04-09 04:00:00+00:00,16.252417797674273,166.0,138.75,모멘텀,19.0,6.744753386034823,5.637557423568263,-455.2606957962266,-16.415662650602414,MSTR@2024-03-13 04:00:00+00:00,①손절15+모멘텀0,B,B
APP,2024-03-14 04:00:00+00:00,2024-04-19 04:00:00+00:00,2024-03-13 04:00:00+00:00,2024-04-18 04:00:00+00:00,0.6783608073355394,63.43,68.16,모멘텀,25.0,0.10757106502323316,0.11559268156997592,2.9854828721039013,7.4570392558725995,APP@2024-03-14 04:00:00+00:00,①손절15+모멘텀0,B,A+B
MU,2024-04-03 04:00:00+00:00,2024-04-22 04:00:00+00:00,2024-04-02 04:00:00+00:00,2024-04-19 04:00:00+00:00,36.69710183027103,122.2,107.6,모멘텀,13.0,11.2109646091478,9.871520392342907,-556.8601717234474,-11.947626841243874,MU@2024-04-03 04:00:00+00:00,①손절15+모멘텀0,B,B
CEG,2024-03-22 04:00:00+00:00,2024-05-01 04:00:00+00:00,2024-03-21 04:00:00+00:00,2024-04-30 04:00:00+00:00,24.907852514267194,175.0,186.25,모멘텀,27.0,10.897185474991899,11.597718826955663,257.71843648355934,6.428571428571428,CEG@2024-03-22 04:00:00+00:00,①손절15+모멘텀0,B,B
KHC,2024-04-19 04:00:00+00:00,2024-05-02 04:00:00+00:00,2024-04-18 04:00:00+00:00,2024-05-01 04:00:00+00:00,3.5933548991714748,37.29,36.39,모멘텀,9.0,0.33499051047526074,0.32690546195212494,-3.8959153816817036,-2.4135156878519637,KHC@2024-04-19 04:00:00+00:00,①손절15+모멘텀0,B,B+C
KDP,2024-04-22 04:00:00+00:00,2024-05-30 04:00:00+00:00,2024-04-19 04:00:00+00:00,2024-05-29 04:00:00+00:00,123.58998248796361,31.68,33.68,모멘텀,27.0,9.788326613046719,10.406276525486534,226.9853618373936,6.313131313131315,KDP@2024-04-22 04:00:00+00:00,①손절15+모멘텀0,B,B+C
MSTR,2024-05-30 04:00:00+00:00,2024-06-14 04:00:00+00:00,2024-05-29 04:00:00+00:00,2024-06-13 04:00:00+00:00,24.864910188028226,165.3,150.5,모멘텀,11.0,10.275424135202666,9.35542245824562,-387.63151737626595,-8.953418027828198,MSTR@2024-05-30 04:00:00+00:00,①손절15+모멘텀0,B,B+C
GOOG,2024-04-05 04:00:00+00:00,2024-06-20 04:00:00+00:00,2024-04-04 04:00:00+00:00,2024-06-18 04:00:00+00:00,10.497537990001073,151.68,176.71,모멘텀,52.0,3.9806664058084067,4.637549845532724,254.13515963838586,16.50184599156117,GOOG@2024-04-05 04:00:00+00:00,①손절15+모멘텀0,B,B+C
GOOGL,2024-04-10 04:00:00+00:00,2024-06-20 04:00:00+00:00,2024-04-09 04:00:00+00:00,2024-06-18 04:00:00+00:00,14.446826826699043,156.21,175.37,모멘텀,49.0,5.641847046496645,6.333850051495529,264.82550490156154,12.265539978234429,GOOGL@2024-04-10 04:00:00+00:00,①손절15+모멘텀0,B,B+C
MRNA,2024-05-02 04:00:00+00:00,2024-06-20 04:00:00+00:00,2024-05-01 04:00:00+00:00,2024-06-18 04:00:00+00:00,3.429830610869484,114.86,132.54,모멘텀,33.0,0.9848758599111723,1.1364743729116034,58.51805496734971,15.39265192408148,MRNA@2024-05-02 04:00:00+00:00,①손절15+모멘텀0,B,B+C
AZN,2024-05-01 04:00:00+00:00,2024-06-21 04:00:00+00:00,2024-04-30 04:00:00+00:00,2024-06-20 04:00:00+00:00,27.944488314498987,153.962512,158.197792,모멘텀,35.0,10.756009043637276,11.051890874808853,96.54483255018476,2.7508514540214746,AZN@2024-05-01 04:00:00+00:00,①손절15+모멘텀0,B,B+C
NVDA,2024-06-20 04:00:00+00:00,2024-06-24 04:00:00+00:00,2024-06-18 04:00:00+00:00,2024-06-21 04:00:00+00:00,30.98985645899024,139.8,123.24,손절,2.0,10.83095483241709,9.547974775014891,-533.5709525683105,-11.845493562231768,NVDA@2024-06-20 04:00:00+00:00,①손절15+모멘텀0,B,B+C
AVGO,2024-06-20 04:00:00+00:00,2024-07-17 04:00:00+00:00,2024-06-18 04:00:00+00:00,2024-07-16 04:00:00+00:00,2.926732937007277,180.346,162.31,모멘텀,18.0,1.319561445643786,1.1875950575141279,-55.29371175502115,-10.00077628558438,AVGO@2024-06-20 04:00:00+00:00,①손절15+모멘텀0,B,B+C
ASML,2024-06-21 04:00:00+00:00,2024-07-18 04:00:00+00:00,2024-06-20 04:00:00+00:00,2024-07-17 04:00:00+00:00,0.24075387913868854,1038.18,953.5,모멘텀,18.0,0.6248646556105092,0.5738970593968488,-21.58580020047151,-8.156581710300726,ASML@2024-06-21 04:00:00+00:00,①손절15+모멘텀0,B,B
ROST,2024-06-24 04:00:00+00:00,2024-07-18 04:00:00+00:00,2024-06-21 04:00:00+00:00,2024-07-17 04:00:00+00:00,25.55118411030469,149.91,147.79,모멘텀,17.0,9.57594502493944,9.440523749154824,-73.18497908794006,-1.4141818424387997,ROST@2024-06-24 04:00:00+00:00,①손절15+모멘텀0,B,B+C
ARM,2024-06-14 04:00:00+00:00,2024-07-19 04:00:00+00:00,2024-06-13 04:00:00+00:00,2024-07-18 04:00:00+00:00,23.379972748007305,159.9,162.85,모멘텀,23.0,9.34614410601592,9.518571405032473,50.1062040955735,1.8449030644152487,ARM@2024-06-14 04:00:00+00:00,①손절15+모멘텀0,B,B+C
TSLA,2024-07-17 04:00:00+00:00,2024-08-02 04:00:00+00:00,2024-07-16 04:00:00+00:00,2024-08-01 04:00:00+00:00,1.5314003724978609,252.73,214.88,손절,12.0,0.9675770403534609,0.8226682801058509,-59.75374941950332,-14.976457088592564,TSLA@2024-07-17 04:00:00+00:00,①손절15+모멘텀0,B,B
PLTR,2024-06-21 04:00:00+00:00,2024-08-05 04:00:00+00:00,2024-06-20 04:00:00+00:00,2024-08-02 04:00:00+00:00,169.35450056715803,24.71,21.74,모멘텀,30.0,10.461874272536189,9.204417105825039,-522.6491580628208,-12.019425333872935,PLTR@2024-06-21 04:00:00+00:00,①손절15+모멘텀0,B,B+C
MSTR,2024-08-02 04:00:00+00:00,2024-08-07 04:00:00+00:00,2024-08-01 04:00:00+00:00,2024-08-06 04:00:00+00:00,2.6807400712494296,148.581,140.878,손절,3.0,0.9957676013157787,0.9441432493936928,-22.589651619543815,-5.18437754490817,MSTR@2024-08-02 04:00:00+00:00,①손절15+모멘텀0,B,B
WBD,2024-07-18 04:00:00+00:00,2024-08-08 04:00:00+00:00,2024-07-17 04:00:00+00:00,2024-08-07 04:00:00+00:00,455.1580506641766,8.76,6.76,손절,15.0,9.967961309545467,7.692171056224583,-927.976233694123,-22.831050228310502,WBD@2024-07-18 04:00:00+00:00,①손절15+모멘텀0,B,B+C
GILD,2024-07-19 04:00:00+00:00,2024-08-23 04:00:00+00:00,2024-07-18 04:00:00+00:00,2024-08-22 04:00:00+00:00,51.348342941826814,73.51,76.09,모멘텀,25.0,9.436541724134223,9.767738536109006,113.27444452967029,3.509726567813898,GILD@2024-07-19 04:00:00+00:00,①손절15+모멘텀0,B,B+C
CHTR,2024-07-18 04:00:00+00:00,2024-08-26 04:00:00+00:00,2024-07-17 04:00:00+00:00,2024-08-23 04:00:00+00:00,0.036142438271779063,329.0,349.22,모멘텀,27.0,0.02972715547853828,0.031554155733176714,0.669518790643659,6.145896656534955,CHTR@2024-07-18 04:00:00+00:00,①손절15+모멘텀0,B,B
AEP,2024-08-05 04:00:00+00:00,2024-08-30 04:00:00+00:00,2024-08-02 04:00:00+00:00,2024-08-29 04:00:00+00:00,35.95076264142996,104.24,99.94,모멘텀,19.0,9.368768744356647,8.982298045961276,-172.93934614846648,-4.125095932463541,AEP@2024-08-05 04:00:00+00:00,①손절15+모멘텀0,B,B+C
DASH,2024-08-07 04:00:00+00:00,2024-09-09 04:00:00+00:00,2024-08-06 04:00:00+00:00,2024-09-06 04:00:00+00:00,3.254063072787012,123.81,124.62,모멘텀,22.0,1.0072138726043998,1.0138033503267936,0.6147738660263258,0.6542282529682586,DASH@2024-08-07 04:00:00+00:00,①손절15+모멘텀0,B,B
AXON,2024-08-08 04:00:00+00:00,2024-09-09 04:00:00+00:00,2024-08-07 04:00:00+00:00,2024-09-06 04:00:00+00:00,8.841609303801741,350.9,358.61,모멘텀,21.0,7.756301761760077,7.926723781090857,52.48578218946113,2.1972071815332006,AXON@2024-08-08 04:00:00+00:00,①손절15+모멘텀0,B,B
SHOP,2024-08-26 04:00:00+00:00,2024-09-09 04:00:00+00:00,2024-08-23 04:00:00+00:00,2024-09-06 04:00:00+00:00,2.4793987409390246,76.11,68.48,모멘텀,9.0,0.4717675954321729,0.42447306444876104,-19.814053053245658,-10.024963868085656,SHOP@2024-08-26 04:00:00+00:00,①손절15+모멘텀0,B,B+C
TEAM,2024-09-09 04:00:00+00:00,2024-09-18 04:00:00+00:00,2024-09-06 04:00:00+00:00,2024-09-17 04:00:00+00:00,0.7089685437851996,162.64,156.68,모멘텀,7.0,0.28826660990306213,0.2777029786006627,-4.791422109463497,-3.664535169699934,TEAM@2024-09-09 04:00:00+00:00,①손절15+모멘텀0,B,B
FTNT,2024-08-23 04:00:00+00:00,2024-09-19 04:00:00+00:00,2024-08-22 04:00:00+00:00,2024-09-18 04:00:00+00:00,49.37129755206596,74.88,76.08,모멘텀,18.0,9.242306901746748,9.390420794402946,40.61282936633006,1.6025641025640969,FTNT@2024-08-23 04:00:00+00:00,①손절15+모멘텀0,B,B+C
WDAY,2024-09-09 04:00:00+00:00,2024-09-24 04:00:00+00:00,2024-09-06 04:00:00+00:00,2024-09-23 04:00:00+00:00,14.613160218352016,248.705,245.06,모멘텀,11.0,9.085915030263097,8.952752607773363,-71.30363663392973,-1.4655917653444872,WDAY@2024-09-09 04:00:00+00:00,①손절15+모멘텀0,B,B+C
SBUX,2024-08-30 04:00:00+00:00,2024-09-25 04:00:00+00:00,2024-08-29 04:00:00+00:00,2024-09-24 04:00:00+00:00,37.49481457973767,94.99,94.26,모멘텀,17.0,8.904081092323203,8.835653055715182,-45.110948791245846,-0.7685019475734189,SBUX@2024-08-30 04:00:00+00:00,①손절15+모멘텀0,B,B+C
TSLA,2024-09-25 04:00:00+00:00,2024-10-14 04:00:00+00:00,2024-09-24 04:00:00+00:00,2024-10-11 04:00:00+00:00,13.877193018777197,252.54,220.13,모멘텀,13.0,8.761365812404984,7.636966248058561,-466.15815779903187,-12.8336105171458,TSLA@2024-09-25 04:00:00+00:00,①손절15+모멘텀0,B,B+C
PDD,2024-10-14 04:00:00+00:00,2024-10-25 04:00:00+00:00,2024-10-11 04:00:00+00:00,2024-10-24 04:00:00+00:00,21.41547989940265,140.54,122.75,모멘텀,9.0,7.524328862655121,6.571875394129189,-395.07759166715687,-12.658317916607364,PDD@2024-10-14 04:00:00+00:00,①손절15+모멘텀0,B,B
CEG,2024-09-24 04:00:00+00:00,2024-10-30 04:00:00+00:00,2024-09-23 04:00:00+00:00,2024-10-29 04:00:00+00:00,14.072977053757697,254.08,266.88,모멘텀,26.0,8.93915502454689,9.389490290267135,161.80546097328443,5.037783375314864,CEG@2024-09-24 04:00:00+00:00,①손절15+모멘텀0,B,B+C
SMCI,2024-10-30 04:00:00+00:00,2024-10-31 04:00:00+00:00,2024-10-29 04:00:00+00:00,2024-10-30 04:00:00+00:00,105.55889157002632,34.85,30.06,손절,1.0,9.196818428038544,7.932750701487478,-522.7566597499522,-13.74461979913918,SMCI@2024-10-30 04:00:00+00:00,①손절15+모멘텀0,B,B+C
GILD,2024-09-19 04:00:00+00:00,2024-11-20 05:00:00+00:00,2024-09-18 04:00:00+00:00,2024-11-19 05:00:00+00:00,0.5169023564573152,84.39,88.11,모멘텀,44.0,0.10905347465358207,0.11386066656863511,1.6999626247989994,4.408105225737646,GILD@2024-09-19 04:00:00+00:00,①손절15+모멘텀0,B,B
APP,2024-09-18 04:00:00+00:00,2024-12-19 05:00:00+00:00,2024-09-17 04:00:00+00:00,2024-12-18 05:00:00+00:00,0.8581579189041804,123.3,315.4,모멘텀,65.0,0.2645271785022136,0.6766575190559462,163.9109515239349,155.79886455798862,APP@2024-09-18 04:00:00+00:00,①손절15+모멘텀0,B,B
MSTR,2024-10-25 04:00:00+00:00,2024-12-19 05:00:00+00:00,2024-10-24 04:00:00+00:00,2024-12-18 05:00:00+00:00,11.207209547755241,236.385,365.44,모멘텀,38.0,6.623040572365307,10.238906642829189,1429.4844809703586,54.595257736319994,MSTR@2024-10-25 04:00:00+00:00,①손절15+모멘텀0,B,B
TEAM,2024-10-31 04:00:00+00:00,2024-12-24 05:00:00+00:00,2024-10-30 04:00:00+00:00,2024-12-23 05:00:00+00:00,17.27768071277507,190.36,252.69,모멘텀,37.0,8.222448251209656,10.91474284827783,1057.7806477277827,32.743223366253396,TEAM@2024-10-31 04:00:00+00:00,①손절15+모멘텀0,B,B
TSLA,2024-12-19 05:00:00+00:00,2025-01-02 05:00:00+00:00,2024-12-18 05:00:00+00:00,2024-12-31 05:00:00+00:00,0.037535213611244365,451.88,390.1,손절,8.0,0.04240353081662276,0.03660621707436607,-2.3979352447936613,-13.671771266707966,TSLA@2024-12-19 05:00:00+00:00,①손절15+모멘텀0,B,B
PLTR,2024-09-19 04:00:00+00:00,2025-01-08 05:00:00+00:00,2024-09-18 04:00:00+00:00,2025-01-07 05:00:00+00:00,99.70353269731511,37.0,68.12,모멘텀,76.0,9.222576774501649,16.979511618352767,3076.571849147593,84.10810810810811,PLTR@2024-09-19 04:00:00+00:00,①손절15+모멘텀0,B,B+C
LULU,2024-12-27 05:00:00+00:00,2025-01-08 05:00:00+00:00,2024-12-26 05:00:00+00:00,2025-01-07 05:00:00+00:00,0.09732555877127308,382.0,390.0,모멘텀,7.0,0.09294590862656579,0.09489241980199126,0.5907661417416392,2.0942408376963373,LULU@2024-12-27 05:00:00+00:00,①손절15+모멘텀0,B,B
MRNA,2025-01-08 05:00:00+00:00,2025-01-10 05:00:00+00:00,2025-01-07 05:00:00+00:00,2025-01-08 05:00:00+00:00,38.416428025051474,47.6,42.765,모멘텀,1.0,4.571554934981125,4.107196361228316,-194.42218079733334,-10.15756302521008,MRNA@2025-01-08 05:00:00+00:00,①손절15+모멘텀0,B,B
GOOGL,2025-01-02 05:00:00+00:00,2025-01-14 05:00:00+00:00,2024-12-31 05:00:00+00:00,2025-01-13 05:00:00+00:00,0.3674261534097459,190.65,191.24,모멘텀,7.0,0.17512449036892017,0.1756664439451995,-0.13400950380236054,0.3094676108051475,GOOGL@2025-01-02 05:00:00+00:00,①손절15+모멘텀0,B,B
GOOG,2025-01-08 05:00:00+00:00,2025-01-14 05:00:00+00:00,2025-01-07 05:00:00+00:00,2025-01-13 05:00:00+00:00,25.90232561940938,193.95,192.5,모멘텀,3.0,12.559390134711121,12.465494204340764,-62.583256487194376,-0.7476153647847372,GOOG@2025-01-08 05:00:00+00:00,①손절15+모멘텀0,B,B+C
MRVL,2024-12-24 05:00:00+00:00,2025-01-16 05:00:00+00:00,2024-12-23 05:00:00+00:00,2025-01-15 05:00:00+00:00,36.60555623589247,115.44,118.43,모멘텀,14.0,10.564363529678568,10.837990062541865,88.04825955309934,2.5900900900901025,MRVL@2024-12-24 05:00:00+00:00,①손절15+모멘텀0,B,B+C
AVGO,2024-12-19 05:00:00+00:00,2025-01-17 05:00:00+00:00,2024-12-18 05:00:00+00:00,2025-01-16 05:00:00+00:00,16.736409868788,227.91,237.08,모멘텀,18.0,9.535987932988684,9.91967012923065,134.0172204345672,4.023518055372732,AVGO@2024-12-19 05:00:00+00:00,①손절15+모멘텀0,B,B+C
CEG,2025-01-14 05:00:00+00:00,2025-02-20 05:00:00+00:00,2025-01-13 05:00:00+00:00,2025-02-19 05:00:00+00:00,17.19503988347529,283.895,317.49,모멘텀,25.0,12.203964619298043,13.648133031511424,551.8152672345441,11.83360045087094,CEG@2025-01-14 05:00:00+00:00,①손절15+모멘텀0,B,B
BKR,2025-01-16 05:00:00+00:00,2025-02-20 05:00:00+00:00,2025-01-15 05:00:00+00:00,2025-02-19 05:00:00+00:00,93.0943809749446,45.62,46.76,모멘텀,23.0,10.617414150192431,10.882733135971023,84.6274470252738,2.498903989478296,BKR@2025-01-16 05:00:00+00:00,①손절15+모멘텀0,B,B
KLAC,2025-01-14 05:00:00+00:00,2025-02-24 05:00:00+00:00,2025-01-13 05:00:00+00:00,2025-02-21 05:00:00+00:00,2.0833930848658175,69.299,76.199,모멘텀,27.0,0.36094264347029076,0.3968811741842261,13.617588467919632,9.956853634251562,KLAC@2025-01-14 05:00:00+00:00,①손절15+모멘텀0,B,B+C
SMCI,2025-02-20 05:00:00+00:00,2025-02-25 05:00:00+00:00,2025-02-19 05:00:00+00:00,2025-02-24 05:00:00+00:00,91.82843671251891,57.21,50.115,손절,3.0,13.133762160808017,11.504955264619714,-676.1614759007489,-12.40167802831672,SMCI@2025-02-20 05:00:00+00:00,①손절15+모멘텀0,B,B+C
PLTR,2025-02-20 05:00:00+00:00,2025-02-27 05:00:00+00:00,2025-02-19 05:00:00+00:00,2025-02-26 05:00:00+00:00,43.37008854650976,102.91,91.91,손절,5.0,11.158039530803299,9.96536209577428,-498.1943756381843,-10.688951511029055,PLTR@2025-02-20 05:00:00+00:00,①손절15+모멘텀0,B,A+B
SMCI,2025-02-27 05:00:00+00:00,2025-02-28 05:00:00+00:00,2025-02-26 05:00:00+00:00,2025-02-27 05:00:00+00:00,80.80413363619022,49.065,40.225,손절,1.0,9.911637042149183,8.125865688789379,-732.3460440748595,-18.016916335473343,SMCI@2025-02-27 05:00:00+00:00,①손절15+모멘텀0,B,A+B
GEHC,2025-01-10 05:00:00+00:00,2025-03-03 05:00:00+00:00,2025-01-08 05:00:00+00:00,2025-02-28 05:00:00+00:00,19.706122820324094,85.38,87.49,모멘텀,34.0,4.206271915998178,4.3102217138753876,33.06342552101046,2.4713047552120004,GEHC@2025-01-10 05:00:00+00:00,①손절15+모멘텀0,B,B
PDD,2025-02-24 05:00:00+00:00,2025-03-03 05:00:00+00:00,2025-02-21 05:00:00+00:00,2025-02-28 05:00:00+00:00,2.230049612081995,125.155,113.585,모멘텀,5.0,0.6977546480003052,0.6332504629708334,-27.132679122759782,-9.244536774399748,PDD@2025-02-24 05:00:00+00:00,①손절15+모멘텀0,B,B+C
DXCM,2025-01-17 05:00:00+00:00,2025-03-04 05:00:00+00:00,2025-01-16 05:00:00+00:00,2025-03-03 05:00:00+00:00,45.49532541288497,86.32,85.76,모멘텀,30.0,9.817891224100576,9.754197768522538,-45.04947122383783,-0.6487488415199083,DXCM@2025-01-17 05:00:00+00:00,①손절15+모멘텀0,B,B+C
INTC,2025-03-03 05:00:00+00:00,2025-03-05 05:00:00+00:00,2025-02-28 05:00:00+00:00,2025-03-04 05:00:00+00:00,1.169839947088783,25.0,21.33,손절,2.0,0.07311499669304894,0.06238171517850935,-4.428809317687389,-14.680000000000003,INTC@2025-03-03 05:00:00+00:00,①손절15+모멘텀0,B,B+C
SMCI,2025-03-03 05:00:00+00:00,2025-03-12 04:00:00+00:00,2025-02-28 05:00:00+00:00,2025-03-11 04:00:00+00:00,46.422587637020044,42.28,43.955,모멘텀,7.0,4.906867513233019,5.10126209896304,67.74970467981257,3.961684011352884,SMCI@2025-03-03 05:00:00+00:00,①손절15+모멘텀0,B,B
TMUS,2025-02-25 05:00:00+00:00,2025-03-13 04:00:00+00:00,2025-02-24 05:00:00+00:00,2025-03-12 04:00:00+00:00,17.153046440210925,269.23,256.73,모멘텀,12.0,11.54528673274497,11.009254031488378,-236.96762126686917,-4.64287040820116,TMUS@2025-02-25 05:00:00+00:00,①손절15+모멘텀0,B,공통
MRNA,2025-03-13 04:00:00+00:00,2025-03-19 04:00:00+00:00,2025-03-12 04:00:00+00:00,2025-03-18 04:00:00+00:00,124.72804907602922,35.15,33.78,모멘텀,4.0,10.960477312556067,10.533283744470669,-192.37118829118572,-3.8975817923186273,MRNA@2025-03-13 04:00:00+00:00,①손절15+모멘텀0,B,B+C
GILD,2025-02-28 05:00:00+00:00,2025-03-20 04:00:00+00:00,2025-02-27 05:00:00+00:00,2025-03-19 04:00:00+00:00,29.427913446974856,112.15,106.825,모멘텀,14.0,8.250851232695576,7.859092134932722,-172.81358247276967,-4.7481052162282715,GILD@2025-02-28 05:00:00+00:00,①손절15+모멘텀0,B,B
MDLZ,2025-03-04 05:00:00+00:00,2025-03-24 04:00:00+00:00,2025-03-03 05:00:00+00:00,2025-03-21 04:00:00+00:00,58.63551513956011,66.31,64.55,모멘텀,14.0,9.720302522260578,9.462306255646514,-122.38111542353226,-2.6541999698386443,MDLZ@2025-03-04 05:00:00+00:00,①손절15+모멘텀0,B,B
AMGN,2025-03-12 04:00:00+00:00,2025-03-26 04:00:00+00:00,2025-03-11 04:00:00+00:00,2025-03-25 04:00:00+00:00,6.5244025214667944,311.39,306.44,모멘텀,10.0,5.079084252898863,4.998344771695711,-42.3732215058551,-1.5896464240983899,AMGN@2025-03-12 04:00:00+00:00,①손절15+모멘텀0,B,B+C
AXON,2025-03-24 04:00:00+00:00,2025-03-27 04:00:00+00:00,2025-03-21 04:00:00+00:00,2025-03-26 04:00:00+00:00,6.567271962410607,571.99,554.78,모멘텀,3.0,9.391034724448108,9.108477848265391,-131.52226304579972,-3.0087938600325215,AXON@2025-03-24 04:00:00+00:00,①손절15+모멘텀0,B,B+C
CHTR,2025-03-27 04:00:00+00:00,2025-04-01 04:00:00+00:00,2025-03-26 04:00:00+00:00,2025-03-31 04:00:00+00:00,9.418915680812884,385.86,366.1,모멘텀,3.0,9.085957011496149,8.620662576863992,-203.82439344122167,-5.121028352252111,CHTR@2025-03-27 04:00:00+00:00,①손절15+모멘텀0,B,B+C
VRTX,2025-03-19 04:00:00+00:00,2025-04-02 04:00:00+00:00,2025-03-18 04:00:00+00:00,2025-04-01 04:00:00+00:00,8.262565554226692,512.01,481.64,모멘텀,10.0,10.57629047354902,9.94895518384436,-271.45936153925686,-5.9315247749067375,VRTX@2025-03-19 04:00:00+00:00,①손절15+모멘텀0,B,B+C
MSTR,2025-03-26 04:00:00+00:00,2025-04-03 04:00:00+00:00,2025-03-25 04:00:00+00:00,2025-04-02 04:00:00+00:00,5.980603997795831,336.5,286.75,손절,6.0,5.031183113145743,4.287345490919886,-306.853577494408,-14.784546805349185,MSTR@2025-03-26 04:00:00+00:00,①손절15+모멘텀0,B,B+C
PDD,2025-04-02 04:00:00+00:00,2025-04-03 04:00:00+00:00,2025-04-01 04:00:00+00:00,2025-04-02 04:00:00+00:00,32.43345024664363,121.83,111.99,모멘텀,1.0,9.878418108871484,9.08055523280405,-338.10412376864815,-8.076828367397193,PDD@2025-04-02 04:00:00+00:00,①손절15+모멘텀0,B,B+C
DLTR,2025-04-01 04:00:00+00:00,2025-04-04 04:00:00+00:00,2025-03-31 04:00:00+00:00,2025-04-03 04:00:00+00:00,46.19072483273406,75.26,62.0,모멘텀,3.0,8.690784877278915,7.15956234907378,-628.3393585084063,-17.61892107361148,DLTR@2025-04-01 04:00:00+00:00,①손절15+모멘텀0,B,공통
BKR,2025-04-03 04:00:00+00:00,2025-04-04 04:00:00+00:00,2025-04-02 04:00:00+00:00,2025-04-03 04:00:00+00:00,35.643739717669746,42.31,39.29,손절,1.0,3.7702165686365174,3.5011063337681105,-114.91541684976733,-7.137792484046335,BKR@2025-04-03 04:00:00+00:00,①손절15+모멘텀0,B,B
EA,2025-03-20 04:00:00+00:00,2025-04-07 04:00:00+00:00,2025-03-19 04:00:00+00:00,2025-04-04 04:00:00+00:00,22.162985866345668,141.41,132.96,모멘텀,12.0,7.835169578399853,7.3669765019733005,-202.47937665099334,-5.9755321405841055,EA@2025-03-20 04:00:00+00:00,①손절15+모멘텀0,B,B+C
CDNS,2025-04-03 04:00:00+00:00,2025-04-07 04:00:00+00:00,2025-04-02 04:00:00+00:00,2025-04-04 04:00:00+00:00,15.518536342278422,252.34,229.65,모멘텀,2.0,9.789868651526342,8.9095796775106,-370.81503793533375,-8.991836411191246,CDNS@2025-04-03 04:00:00+00:00,①손절15+모멘텀0,B,B+C
ORLY,2025-04-04 04:00:00+00:00,2025-04-08 04:00:00+00:00,2025-04-03 04:00:00+00:00,2025-04-07 04:00:00+00:00,7.23526902614379,96.216084,90.054338,모멘텀,2.0,1.7403731309551227,1.6289184060032094,-47.951181517723626,-6.404070654133043,ORLY@2025-04-04 04:00:00+00:00,①손절15+모멘텀0,B,B
MNST,2025-03-05 05:00:00+00:00,2025-04-09 04:00:00+00:00,2025-03-04 05:00:00+00:00,2025-04-08 04:00:00+00:00,1.028353171328862,27.41,27.565,모멘텀,25.0,0.07046790106531027,0.0708663879192002,0.018060452571464936,0.5654870485224395,MNST@2025-03-05 05:00:00+00:00,①손절15+모멘텀0,B,B
MSTR,2025-04-07 04:00:00+00:00,2025-04-09 04:00:00+00:00,2025-04-04 04:00:00+00:00,2025-04-08 04:00:00+00:00,13.528458601881871,260.14,242.015,모멘텀,2.0,8.798233051733874,8.185224771336102,-262.1867699821787,-6.967402168063352,MSTR@2025-04-07 04:00:00+00:00,①손절15+모멘텀0,B,B+C
CCEP,2025-04-07 04:00:00+00:00,2025-04-09 04:00:00+00:00,2025-04-04 04:00:00+00:00,2025-04-08 04:00:00+00:00,36.067356756768405,82.38,83.47,모멘텀,2.0,7.4280721240564525,7.5263556712186475,24.358991069603235,1.3231366836610858,CCEP@2025-04-07 04:00:00+00:00,①손절15+모멘텀0,B,B
KDP,2025-04-09 04:00:00+00:00,2025-05-01 04:00:00+00:00,2025-04-08 04:00:00+00:00,2025-04-30 04:00:00+00:00,83.68254241438682,33.67,34.29,모멘텀,15.0,7.043978007731011,7.17368594847331,37.66551234071585,1.841401841401824,KDP@2025-04-09 04:00:00+00:00,①손절15+모멘텀0,B,B+C
EXC,2025-04-04 04:00:00+00:00,2025-05-05 04:00:00+00:00,2025-04-03 04:00:00+00:00,2025-05-02 04:00:00+00:00,75.95697721631083,48.06,46.4,모멘텀,20.0,9.126230812539747,8.811009357092056,-144.0258223487076,-3.45401581356638,EXC@2025-04-04 04:00:00+00:00,①손절15+모멘텀0,B,B+C
CPRT,2025-04-09 04:00:00+00:00,2025-05-23 04:00:00+00:00,2025-04-08 04:00:00+00:00,2025-05-22 04:00:00+00:00,63.001169681687465,54.5,57.44,모멘텀,31.0,8.583909369129918,9.04696796629032,167.59256152874104,5.394495412844025,CPRT@2025-04-09 04:00:00+00:00,①손절15+모멘텀0,B,B+C
MSTR,2025-05-01 04:00:00+00:00,2025-05-29 04:00:00+00:00,2025-04-30 04:00:00+00:00,2025-05-28 04:00:00+00:00,0.024674210271564773,392.29,370.785,모멘텀,19.0,0.02419861486858036,0.02287206763885536,-0.577689574397434,-5.481913890234269,MSTR@2025-05-01 04:00:00+00:00,①손절15+모멘텀0,B,공통
PLTR,2025-05-01 04:00:00+00:00,2025-07-02 04:00:00+00:00,2025-04-30 04:00:00+00:00,2025-07-01 04:00:00+00:00,23.43818884157438,120.04,131.47,모멘텀,42.0,7.0338004713564715,7.70354671750446,253.1611512703348,9.521826057980665,PLTR@2025-05-01 04:00:00+00:00,①손절15+모멘텀0,B,B+C
CEG,2025-05-23 04:00:00+00:00,2025-07-02 04:00:00+00:00,2025-05-22 04:00:00+00:00,2025-07-01 04:00:00+00:00,11.964016901306053,298.645,306.88,모멘텀,26.0,8.932484568726364,9.178793766682004,80.41240084684796,2.7574545028378195,CEG@2025-05-23 04:00:00+00:00,①손절15+모멘텀0,B,B+C
MRVL,2025-07-02 04:00:00+00:00,2025-07-21 04:00:00+00:00,2025-07-01 04:00:00+00:00,2025-07-18 04:00:00+00:00,33.13528046983781,76.19,73.485,모멘텀,12.0,6.311442547492357,6.0873652133150795,-102.02974143171832,-3.5503346895918053,MRVL@2025-07-02 04:00:00+00:00,①손절15+모멘텀0,B,B+C
ARM,2025-07-02 04:00:00+00:00,2025-07-29 04:00:00+00:00,2025-07-01 04:00:00+00:00,2025-07-28 04:00:00+00:00,0.04566508352767,154.205,164.0,모멘텀,18.0,0.017604460513460884,0.0187226842463447,0.41096234839372237,6.351934113679825,ARM@2025-07-02 04:00:00+00:00,①손절15+모멘텀0,B,B
ON,2025-07-02 04:00:00+00:00,2025-08-05 04:00:00+00:00,2025-07-01 04:00:00+00:00,2025-08-04 04:00:00+00:00,74.64928089609863,54.71,48.41,모멘텀,23.0,10.210155394563891,9.034429220450336,-489.5350542604356,-11.515262292085549,ON@2025-07-02 04:00:00+00:00,①손절15+모멘텀0,B,B+C
DLTR,2025-04-08 04:00:00+00:00,2025-08-19 04:00:00+00:00,2025-04-07 04:00:00+00:00,2025-08-18 04:00:00+00:00,9.236571075986806,75.0,112.23,모멘텀,91.0,1.7318570767475263,2.5915509296449986,339.5541331525965,49.63999999999999,DLTR@2025-04-08 04:00:00+00:00,①손절15+모멘텀0,B,B+C
SNPS,2025-08-01 04:00:00+00:00,2025-08-20 04:00:00+00:00,2025-07-31 04:00:00+00:00,2025-08-19 04:00:00+00:00,0.01924821608972926,617.55,611.09,모멘텀,13.0,0.02971683961553076,0.02940598092568164,-0.18346629648085866,-1.0460691441988357,SNPS@2025-08-01 04:00:00+00:00,①손절15+모멘텀0,B,B
AVGO,2025-05-05 04:00:00+00:00,2025-08-26 04:00:00+00:00,2025-05-02 04:00:00+00:00,2025-08-25 04:00:00+00:00,17.406304123996826,200.25,294.35,모멘텀,78.0,8.714031002075911,12.808864047246166,1616.4103230187798,46.9912609238452,AVGO@2025-05-05 04:00:00+00:00,①손절15+모멘텀0,B,B+C
AMD,2025-07-21 04:00:00+00:00,2025-08-26 04:00:00+00:00,2025-07-18 04:00:00+00:00,2025-08-25 04:00:00+00:00,14.917465961160978,157.62,168.65,모멘텀,26.0,5.878227461995484,6.289576585874498,152.37184550373559,6.997842913335872,AMD@2025-07-21 04:00:00+00:00,①손절15+모멘텀0,B,B+C
IDXX,2025-08-05 04:00:00+00:00,2025-09-03 04:00:00+00:00,2025-08-04 04:00:00+00:00,2025-09-02 04:00:00+00:00,5.391225167386188,676.48,640.99,모멘텀,20.0,9.11764000308352,8.639303550107181,-209.09152474372604,-5.246274834437092,IDXX@2025-08-05 04:00:00+00:00,①손절15+모멘텀0,B,B+C
EA,2025-08-26 04:00:00+00:00,2025-09-10 04:00:00+00:00,2025-08-25 04:00:00+00:00,2025-09-09 04:00:00+00:00,20.417078626365814,172.03,165.81,모멘텀,10.0,8.780875090234277,8.46338951759429,-144.2384936638232,-3.615648433412777,EA@2025-08-26 04:00:00+00:00,①손절15+모멘텀0,B,B+C
AAPL,2025-09-03 04:00:00+00:00,2025-09-11 04:00:00+00:00,2025-09-02 04:00:00+00:00,2025-09-10 04:00:00+00:00,14.545690991618502,237.21,226.875,모멘텀,6.0,8.625958400304562,8.25013410930862,-167.20580890798965,-4.3568989502972055,AAPL@2025-09-03 04:00:00+00:00,①손절15+모멘텀0,B,B+C
AZN,2025-08-20 04:00:00+00:00,2025-09-16 04:00:00+00:00,2025-08-19 04:00:00+00:00,2025-09-15 04:00:00+00:00,0.14402316117352024,161.74736,157.128888,모멘텀,18.0,0.0582384152466785,0.05657549790360002,-0.7799808503816656,-2.8553615960099754,AZN@2025-08-20 04:00:00+00:00,①손절15+모멘텀0,B,B
INTC,2025-08-26 04:00:00+00:00,2025-09-18 04:00:00+00:00,2025-08-25 04:00:00+00:00,2025-09-17 04:00:00+00:00,165.57932725010608,24.58,31.78,모멘텀,16.0,10.174849659519019,13.155277550020928,1168.841028991225,29.292107404393832,INTC@2025-08-26 04:00:00+00:00,①손절15+모멘텀0,B,B
AVGO,2025-09-11 04:00:00+00:00,2025-10-07 04:00:00+00:00,2025-09-10 04:00:00+00:00,2025-10-06 04:00:00+00:00,8.849267534540422,371.18,337.025,모멘텀,18.0,8.211677808676786,7.456060977071214,-317.91447142797597,-9.201735007274102,AVGO@2025-09-11 04:00:00+00:00,①손절15+모멘텀0,B,B+C
APP,2025-08-19 04:00:00+00:00,2025-10-13 04:00:00+00:00,2025-08-18 04:00:00+00:00,2025-10-10 04:00:00+00:00,2.4737722170242513,430.64,590.0,모멘텀,38.0,2.663263168848309,3.6488140201107706,387.9082633160258,37.005387330484865,APP@2025-08-19 04:00:00+00:00,①손절15+모멘텀0,B,B+C
GOOGL,2025-09-10 04:00:00+00:00,2025-10-13 04:00:00+00:00,2025-09-09 04:00:00+00:00,2025-10-10 04:00:00+00:00,14.05234646676992,238.9,240.21,모멘텀,23.0,8.392763927278335,8.438785361957008,1.577024582233662,0.548346588530757,GOOGL@2025-09-10 04:00:00+00:00,①손절15+모멘텀0,B,B+C
WBD,2025-09-17 04:00:00+00:00,2025-10-13 04:00:00+00:00,2025-09-16 04:00:00+00:00,2025-10-10 04:00:00+00:00,1.0596622979519519,18.08,17.995,모멘텀,18.0,0.04789673586742822,0.04767155762911344,-0.18563958882245402,-0.47013274336281663,WBD@2025-09-17 04:00:00+00:00,①손절15+모멘텀0,B,B
MRVL,2025-10-13 04:00:00+00:00,2025-10-24 04:00:00+00:00,2025-10-10 04:00:00+00:00,2025-10-23 04:00:00+00:00,2.968118629034773,89.47,83.875,모멘텀,9.0,0.6638939343493528,0.622377375025729,-17.892895038824605,-6.253492790879623,MRVL@2025-10-13 04:00:00+00:00,①손절15+모멘텀0,B,B+C
INTC,2025-10-07 04:00:00+00:00,2025-11-05 05:00:00+00:00,2025-10-06 04:00:00+00:00,2025-11-04 05:00:00+00:00,98.83795418314106,36.64,37.415,모멘텀,21.0,9.053556603175721,9.245055139405558,58.30080274935335,2.115174672489073,INTC@2025-10-07 04:00:00+00:00,①손절15+모멘텀0,B,B+C
AMAT,2025-10-14 04:00:00+00:00,2025-11-14 05:00:00+00:00,2025-10-13 04:00:00+00:00,2025-11-13 05:00:00+00:00,0.13410220200215445,213.9,203.75,모멘텀,23.0,0.07171115252065209,0.06830830914484742,-1.5011568119873644,-4.7452080411407245,AMAT@2025-10-14 04:00:00+00:00,①손절15+모멘텀0,B,B
AMD,2025-10-13 04:00:00+00:00,2025-11-18 05:00:00+00:00,2025-10-10 04:00:00+00:00,2025-11-17 05:00:00+00:00,20.748089174195588,220.2,236.78,모멘텀,26.0,11.421823090394671,12.281831386665079,320.29966403110393,7.529518619436892,AMD@2025-10-13 04:00:00+00:00,①손절15+모멘텀0,B,B+C
MU,2025-09-18 04:00:00+00:00,2025-11-21 05:00:00+00:00,2025-09-17 04:00:00+00:00,2025-11-20 05:00:00+00:00,27.101296654784512,162.99,204.53,모멘텀,46.0,11.04310085440832,13.857570512007692,1100.8871916733333,25.486226148843482,MU@2025-09-18 04:00:00+00:00,①손절15+모멘텀0,B,B
DDOG,2025-11-14 05:00:00+00:00,2025-12-02 05:00:00+00:00,2025-11-13 05:00:00+00:00,2025-12-01 05:00:00+00:00,0.08474562490721045,181.18,161.68,모멘텀,11.0,0.038385530801720975,0.034254181587494464,-1.7251793980798187,-10.762777348493213,DDOG@2025-11-14 05:00:00+00:00,①손절15+모멘텀0,B,B+C
MAR,2025-12-02 05:00:00+00:00,2025-12-09 05:00:00+00:00,2025-12-01 05:00:00+00:00,2025-12-08 05:00:00+00:00,2.1747843660082395,304.56,287.4,모멘텀,5.0,1.6558808162786736,1.56258256697692,-40.53776310395699,-5.63435776201735,MAR@2025-12-02 05:00:00+00:00,①손절15+모멘텀0,B,B+C
ISRG,2025-10-24 04:00:00+00:00,2025-12-10 05:00:00+00:00,2025-10-23 04:00:00+00:00,2025-12-09 05:00:00+00:00,0.11625165249507399,547.625,557.76,모멘텀,32.0,0.15915577799403724,0.1621013042391312,0.856953415804405,1.8507190139237517,ISRG@2025-10-24 04:00:00+00:00,①손절15+모멘텀0,B,B
AMGN,2025-11-21 05:00:00+00:00,2025-12-10 05:00:00+00:00,2025-11-20 05:00:00+00:00,2025-12-09 05:00:00+00:00,14.599262117709486,334.87,316.245,모멘텀,12.0,12.22213726339344,11.542359121037592,-295.67575332677006,-5.56185982620121,AMGN@2025-11-21 05:00:00+00:00,①손절15+모멘텀0,B,B+C
REGN,2025-11-18 05:00:00+00:00,2025-12-26 05:00:00+00:00,2025-11-17 05:00:00+00:00,2025-12-24 05:00:00+00:00,7.0450793449288955,702.51,783.79,모멘텀,26.0,12.373096726514996,13.804656849404546,546.4462955799008,11.569942064881644,REGN@2025-11-18 05:00:00+00:00,①손절15+모멘텀0,B,B+C
ADI,2025-12-09 05:00:00+00:00,2026-01-02 05:00:00+00:00,2025-12-08 05:00:00+00:00,2025-12-31 05:00:00+00:00,2.2932821649065933,277.58,275.07,모멘텀,16.0,1.5914231583369303,1.5770328127521416,-8.924594205004496,-0.9042438216009807,ADI@2025-12-09 05:00:00+00:00,①손절15+모멘텀0,B,B+C
WBD,2025-11-05 05:00:00+00:00,2026-01-12 05:00:00+00:00,2025-11-04 05:00:00+00:00,2026-01-09 05:00:00+00:00,161.0578899436053,22.55,28.48,모멘텀,45.0,9.079638545570749,11.467321763984696,934.526327056024,26.297117516629708,WBD@2025-11-05 05:00:00+00:00,①손절15+모멘텀0,B,B
DXCM,2025-12-10 05:00:00+00:00,2026-01-12 05:00:00+00:00,2025-12-09 05:00:00+00:00,2026-01-09 05:00:00+00:00,69.35890480063051,66.485,66.74,모멘텀,21.0,11.528316964174799,11.5725332659852,-5.414329505998467,0.3835451605625151,DXCM@2025-12-10 05:00:00+00:00,①손절15+모멘텀0,B,B+C
MAR,2026-01-12 05:00:00+00:00,2026-01-28 05:00:00+00:00,2026-01-09 05:00:00+00:00,2026-01-27 05:00:00+00:00,11.987916057734733,325.15,315.08,모멘텀,11.0,9.74467726543112,9.442881478677648,-139.90587344549658,-3.0970321390127564,MAR@2026-01-12 05:00:00+00:00,①손절15+모멘텀0,B,B+C
MCHP,2025-12-17 05:00:00+00:00,2026-02-10 05:00:00+00:00,2025-12-16 05:00:00+00:00,2026-02-09 05:00:00+00:00,0.20069038068458053,66.17,74.56,모멘텀,36.0,0.03319920622474674,0.03740868695960581,1.6131844007592804,12.679461991839203,MCHP@2025-12-17 05:00:00+00:00,①손절15+모멘텀0,B,B
MRNA,2025-12-26 05:00:00+00:00,2026-02-13 05:00:00+00:00,2025-12-24 05:00:00+00:00,2026-02-12 05:00:00+00:00,157.9130219521437,32.5,41.85,모멘텀,33.0,12.830433033611676,16.521649921743034,1447.1346722971894,28.76923076923077,MRNA@2025-12-26 05:00:00+00:00,①손절15+모멘텀0,B,B+C
MU,2026-01-02 05:00:00+00:00,2026-02-27 05:00:00+00:00,2025-12-31 05:00:00+00:00,2026-02-26 05:00:00+00:00,3.332108940028453,295.125,401.81,모멘텀,38.0,2.458471627314743,3.3471867329820824,349.680383906639,36.14908936891148,MU@2026-01-02 05:00:00+00:00,①손절15+모멘텀0,B,B+C
LRCX,2026-01-12 05:00:00+00:00,2026-02-27 05:00:00+00:00,2026-01-09 05:00:00+00:00,2026-02-26 05:00:00+00:00,24.064392030085802,216.12,233.46,모멘텀,32.0,13.00199101385536,14.04518240835958,390.22938437947323,8.02332037756801,LRCX@2026-01-12 05:00:00+00:00,①손절15+모멘텀0,B,B+C
ASML,2026-01-28 05:00:00+00:00,2026-03-02 05:00:00+00:00,2026-01-27 05:00:00+00:00,2026-02-27 05:00:00+00:00,2.3548936156333786,1493.0,1417.75,모멘텀,22.0,8.789640420351587,8.346626058910555,-194.342011055674,-5.040187541862018,ASML@2026-01-28 05:00:00+00:00,①손절15+모멘텀0,B,B+C
GILD,2026-02-10 05:00:00+00:00,2026-03-06 05:00:00+00:00,2026-02-09 05:00:00+00:00,2026-03-05 05:00:00+00:00,0.9133273859614743,151.47,143.56,모멘텀,17.0,0.3458542478789613,0.32779319882157315,-7.8980670696557524,-5.222156202548356,GILD@2026-02-10 05:00:00+00:00,①손절15+모멘텀0,B,B+C
ODFL,2026-03-02 05:00:00+00:00,2026-03-09 04:00:00+00:00,2026-02-27 05:00:00+00:00,2026-03-06 05:00:00+00:00,16.48486879808044,202.67,190.77,모멘텀,5.0,8.352470898267407,7.862046051524515,-212.38445564694894,-5.871613953717858,ODFL@2026-03-02 05:00:00+00:00,①손절15+모멘텀0,B,B+C
CHTR,2026-02-27 05:00:00+00:00,2026-03-10 04:00:00+00:00,2026-02-26 05:00:00+00:00,2026-03-09 04:00:00+00:00,25.317486700983228,228.325,222.23,모멘텀,7.0,14.45153787750499,14.065762673898755,-182.82738199389678,-2.6694404905288516,CHTR@2026-02-27 05:00:00+00:00,①손절15+모멘텀0,B,B+C
BKR,2026-02-13 05:00:00+00:00,2026-03-11 04:00:00+00:00,2026-02-12 05:00:00+00:00,2026-03-10 04:00:00+00:00,92.74566405166664,61.15,59.04,모멘텀,17.0,14.178493391898538,13.689260014025995,-223.56110455494036,-3.4505314799672893,BKR@2026-02-13 05:00:00+00:00,①손절15+모멘텀0,B,B+C
CCEP,2026-02-27 05:00:00+00:00,2026-03-18 04:00:00+00:00,2026-02-26 05:00:00+00:00,2026-03-17 04:00:00+00:00,18.04813487611888,108.94,100.01,모멘텀,13.0,4.915409533510977,4.512484922401623,-170.5977388996539,-8.1971727556453,CCEP@2026-02-27 05:00:00+00:00,①손절15+모멘텀0,B,B+C
CEG,2026-03-06 05:00:00+00:00,2026-03-23 04:00:00+00:00,2026-03-05 05:00:00+00:00,2026-03-20 04:00:00+00:00,0.6369718532251109,327.05,290.53,모멘텀,11.0,0.5208041114931813,0.4626485812937286,-24.24566477256795,-11.1664883045406,CEG@2026-03-06 05:00:00+00:00,①손절15+모멘텀0,B,B+C
AXON,2026-03-09 04:00:00+00:00,2026-03-24 04:00:00+00:00,2026-03-06 05:00:00+00:00,2026-03-23 04:00:00+00:00,5.577509165585802,565.51,501.47,손절,11.0,7.885343020576068,6.99238380316578,-372.06141378785605,-11.324291347633109,AXON@2026-03-09 04:00:00+00:00,①손절15+모멘텀0,B,B+C
APP,2026-03-18 04:00:00+00:00,2026-03-27 04:00:00+00:00,2026-03-17 04:00:00+00:00,2026-03-26 04:00:00+00:00,4.907039388256104,453.61,392.6,손절,7.0,5.564705342267128,4.816259159573367,-309.75943757934533,-13.449879852736935,APP@2026-03-18 04:00:00+00:00,①손절15+모멘텀0,B,B+C
MRNA,2026-03-10 04:00:00+00:00,2026-03-30 04:00:00+00:00,2026-03-09 04:00:00+00:00,2026-03-27 04:00:00+00:00,97.19555214020782,55.215,49.675,모멘텀,14.0,13.416631028553939,12.07047263141206,-563.9504625167174,-10.03350538802863,MRNA@2026-03-10 04:00:00+00:00,①손절15+모멘텀0,B,B+C
NFLX,2026-03-11 04:00:00+00:00,2026-03-30 04:00:00+00:00,2026-03-10 04:00:00+00:00,2026-03-27 04:00:00+00:00,54.872859965326825,97.41,92.75,모멘텀,13.0,13.362913223056214,12.723644404460158,-281.7940850659388,-4.783903090031815,NFLX@2026-03-11 04:00:00+00:00,①손절15+모멘텀0,B,B+C
PLTR,2026-03-30 04:00:00+00:00,2026-03-31 04:00:00+00:00,2026-03-27 04:00:00+00:00,2026-03-30 04:00:00+00:00,32.899980002801186,143.27,140.02,모멘텀,1.0,11.783950337503315,11.516637999980556,-130.22552334658758,-2.2684441962727675,PLTR@2026-03-30 04:00:00+00:00,①손절15+모멘텀0,B,B
INTU,2026-03-23 04:00:00+00:00,2026-04-01 04:00:00+00:00,2026-03-20 04:00:00+00:00,2026-03-31 04:00:00+00:00,0.44414974857225453,456.0,431.255,모멘텀,7.0,0.5063307133723702,0.47885449955131903,-11.975670741344146,-5.426535087719298,INTU@2026-03-23 04:00:00+00:00,①손절15+모멘텀0,B,B+C
DDOG,2026-03-24 04:00:00+00:00,2026-04-06 04:00:00+00:00,2026-03-23 04:00:00+00:00,2026-04-02 04:00:00+00:00,21.918849667624112,128.3,117.25,모멘텀,8.0,7.0304710308904355,6.424962808822317,-255.65872266695942,-8.612626656274369,DDOG@2026-03-24 04:00:00+00:00,①손절15+모멘텀0,B,B
ROST,2026-03-31 04:00:00+00:00,2026-05-08 04:00:00+00:00,2026-03-30 04:00:00+00:00,2026-05-07 04:00:00+00:00,23.164762975759487,211.5,225.66,모멘텀,27.0,12.248368423432828,13.068401032774714,302.6962742805472,6.695035460992904,ROST@2026-03-31 04:00:00+00:00,①손절15+모멘텀0,B,B
INTC,2026-04-06 04:00:00+00:00,2026-06-05 04:00:00+00:00,2026-04-02 04:00:00+00:00,2026-06-04 04:00:00+00:00,50.555276808269,50.88,106.48,모멘텀,43.0,6.430631210011817,13.457814686361207,2790.984944643384,109.2767295597484,INTC@2026-04-06 04:00:00+00:00,①손절15+모멘텀0,B,B+C
DDOG,2026-05-08 04:00:00+00:00,2026-06-24 04:00:00+00:00,2026-05-07 04:00:00+00:00,2026-06-23 04:00:00+00:00,24.0675899187202,185.5,218.2,모멘텀,31.0,11.161344824806493,13.128870300661868,762.7199752166825,17.628032345013466,DDOG@2026-05-08 04:00:00+00:00,①손절15+모멘텀0,B,B
ARM,2026-03-30 04:00:00+00:00,2026-06-29 04:00:00+00:00,2026-03-27 04:00:00+00:00,2026-06-26 04:00:00+00:00,33.22803087288817,144.1,336.25,모멘텀,62.0,11.970398121957963,27.932313452521615,6344.863420650984,133.34489937543373,ARM@2026-03-30 04:00:00+00:00,①손절15+모멘텀0,B,B+C
MRVL,2026-03-27 04:00:00+00:00,2026-07-02 04:00:00+00:00,2026-03-26 04:00:00+00:00,2026-07-01 04:00:00+00:00,19.98097608476417,98.78,269.5,모멘텀,66.0,4.934302044132512,13.462182637109859,3392.7557525096972,172.82850779510022,MRVL@2026-03-27 04:00:00+00:00,①손절15+모멘텀0,B,B+C
MU,2026-06-24 04:00:00+00:00,2026-07-02 04:00:00+00:00,2026-06-23 04:00:00+00:00,2026-07-01 04:00:00+00:00,4.797160573047971,1082.22,1041.5,모멘텀,6.0,12.978957788409938,12.490606842073653,-220.80994316499618,-3.7626360629077316,MU@2026-06-24 04:00:00+00:00,①손절15+모멘텀0,B,B+C
AMD,2026-04-01 04:00:00+00:00,2026-07-06 04:00:00+00:00,2026-03-31 04:00:00+00:00,2026-07-02 04:00:00+00:00,0.8713491079264881,207.585,535.35,모멘텀,64.0,0.4521975114223001,1.1661918623211136,283.979350985782,157.89435652865095,AMD@2026-04-01 04:00:00+00:00,①손절15+모멘텀0,B,B+C
AMAT,2026-07-02 04:00:00+00:00,2026-07-07 04:00:00+00:00,2026-07-01 04:00:00+00:00,2026-07-06 04:00:00+00:00,14.387451998481772,656.69,545.35,손절,2.0,23.62023963220749,19.615492368430086,-1645.134637511599,-16.954727496992493,AMAT@2026-07-02 04:00:00+00:00,①손절15+모멘텀0,B,B+C
KLAC,2026-07-02 04:00:00+00:00,2026-07-07 04:00:00+00:00,2026-07-01 04:00:00+00:00,2026-07-06 04:00:00+00:00,10.606598238861071,266.0,217.12,손절,2.0,7.053387828842613,5.757261524053789,-531.2611712684256,-18.375939849624057,KLAC@2026-07-02 04:00:00+00:00,①손절15+모멘텀0,B,B+C
AXON,2026-07-07 04:00:00+00:00,2026-07-15 04:00:00+00:00,2026-07-06 04:00:00+00:00,2026-07-14 04:00:00+00:00,2.282600680801382,637.72,554.15,손절,6.0,3.639150265401643,3.1622579181652144,-197.55834707813824,-13.104497271529835,AXON@2026-07-07 04:00:00+00:00,①손절15+모멘텀0,B,B
MRNA,2026-06-29 04:00:00+00:00,2026-07-21 04:00:00+00:00,2026-06-26 04:00:00+00:00,2026-07-20 04:00:00+00:00,135.12465338651128,67.945,59.51,모멘텀,15.0,22.95261143586627,20.103170307578218,-1182.8322330586643,-12.414452866288904,MRNA@2026-06-29 04:00:00+00:00,①손절15+모멘텀0,B,B+C
DASH,2026-07-06 04:00:00+00:00,2026-07-24 04:00:00+00:00,2026-07-02 04:00:00+00:00,2026-07-23 04:00:00+00:00,2.427490978175045,191.93,171.0,모멘텀,14.0,1.1647708586028411,1.0377523931698318,-53.00990942497634,-10.905017454280209,DASH@2026-07-06 04:00:00+00:00,①손절15+모멘텀0,B,B+C
CRWD,2026-07-15 04:00:00+00:00,2026-07-27 04:00:00+00:00,2026-07-14 04:00:00+00:00,2026-07-24 04:00:00+00:00,6.471701014523115,212.38,187.905,손절,8.0,3.4361496536610474,3.0401624478349145,-164.87119443194888,-11.52415481683774,CRWD@2026-07-15 04:00:00+00:00,①손절15+모멘텀0,B,B
FTNT,2026-06-05 04:00:00+00:00,2026-07-29 04:00:00+00:00,2026-06-04 04:00:00+00:00,2026-07-28 04:00:00+00:00,31.78131213071969,148.46,148.27,모멘텀,36.0,11.795633997316614,11.780537874054522,-29.614621176207038,-0.12798060083524243,FTNT@2026-06-05 04:00:00+00:00,①손절15+모멘텀0,B,B
PANW,2026-07-07 04:00:00+00:00,2026-07-29 04:00:00+00:00,2026-07-06 04:00:00+00:00,2026-07-28 04:00:00+00:00,24.52789068214436,359.87,319.38,모멘텀,16.0,22.06713004945823,19.584294315158164,-1034.7857180846413,-11.251285186317283,PANW@2026-07-07 04:00:00+00:00,①손절15+모멘텀0,B,A+B
AAPL,2026-07-27 04:00:00+00:00,2026-08-04 04:00:00+00:00,2026-07-24 04:00:00+00:00,2026-08-03 04:00:00+00:00,3.648317600277387,334.54,302.725,모멘텀,6.0,3.051270424991993,2.7610923638599303,-121.88358724167688,-9.510073533807617,AAPL@2026-07-27 04:00:00+00:00,①손절15+모멘텀0,B,B
CTAS,2026-07-24 04:00:00+00:00,2026-08-14 04:00:00+00:00,2026-07-23 04:00:00+00:00,2026-08-13 04:00:00+00:00,4.540629097838226,202.28,200.49,모멘텀,15.0,2.296196134776791,2.2758768195639654,-12.699799039471031,-0.884912003163929,CTAS@2026-07-24 04:00:00+00:00,①손절15+모멘텀0,B,B+C
PYPL,2026-07-21 04:00:00+00:00,2026-08-31 04:00:00+00:00,2026-07-20 04:00:00+00:00,2026-08-28 04:00:00+00:00,138.34161906452707,56.04,53.39,모멘텀,29.0,19.38166083094024,18.46514760463775,-404.45209895657354,-4.7287651677373255,PYPL@2026-07-21 04:00:00+00:00,①손절15+모멘텀0,B,B
MSFT,2026-08-04 04:00:00+00:00,2026-09-08 04:00:00+00:00,2026-08-03 04:00:00+00:00,2026-09-04 04:00:00+00:00,2.2448380638573497,480.9,493.52,모멘텀,24.0,2.6988565622724985,2.769681203187198,22.86131860042019,2.6242462050322324,MSFT@2026-08-04 04:00:00+00:00,①손절15+모멘텀0,B,B
CTSH,2026-07-29 04:00:00+00:00,,2026-07-28 04:00:00+00:00,,144.79741431198812,52.31,,미청산(표본종료),,18.935881856650248,0.0,,,CTSH@2026-07-29 04:00:00+00:00,①손절15+모멘텀0,B,B+C
WDAY,2026-07-29 04:00:00+00:00,,2026-07-28 04:00:00+00:00,,30.253139685819576,159.79,,미청산(표본종료),,12.085372975992776,0.0,,,WDAY@2026-07-29 04:00:00+00:00,①손절15+모멘텀0,B,B
TEAM,2026-08-14 04:00:00+00:00,,2026-08-13 04:00:00+00:00,,4.454178601101253,166.21,,미청산(표본종료),,1.850822563222598,0.0,,,TEAM@2026-08-14 04:00:00+00:00,①손절15+모멘텀0,B,B
MRNA,2026-08-31 04:00:00+00:00,,2026-08-28 04:00:00+00:00,,54.96173397752243,134.1,,미청산(표본종료),,18.42592131596439,0.0,,,MRNA@2026-08-31 04:00:00+00:00,①손절15+모멘텀0,B,B+C
MSTR,2026-09-08 04:00:00+00:00,,2026-09-04 04:00:00+00:00,,8.480381306514554,137.64,,미청산(표본종료),,2.9180992075716574,0.0,,,MSTR@2026-09-08 04:00:00+00:00,①손절15+모멘텀0,B,A+B
EA,2023-09-12 04:00:00+00:00,2023-09-13 04:00:00+00:00,2023-09-11 04:00:00+00:00,2023-09-12 04:00:00+00:00,24.512767883698356,122.08,121.42,모멘텀,1.0,7.4812967581047385,7.440850691096635,-31.10057425244213,-0.5406290956749604,EA@2023-09-12 04:00:00+00:00,①손절15+모멘텀0,C,B+C
EA,2023-09-14 04:00:00+00:00,2023-09-22 04:00:00+00:00,2023-09-13 04:00:00+00:00,2023-09-21 04:00:00+00:00,24.516862247112876,121.68,118.89,모멘텀,6.0,7.458029495571737,7.287024381398124,-83.14709954641512,-2.2928994082840326,EA@2023-09-14 04:00:00+00:00,①손절15+모멘텀0,C,B+C
EA,2023-09-26 04:00:00+00:00,2023-09-27 04:00:00+00:00,2023-09-25 04:00:00+00:00,2023-09-26 04:00:00+00:00,24.834871332919736,119.12,118.68,모멘텀,1.0,7.3958246829434975,7.368506324477286,-25.691674393905032,-0.3693754197447885,EA@2023-09-26 04:00:00+00:00,①손절15+모멘텀0,C,B+C
EA,2023-10-02 04:00:00+00:00,2023-10-03 04:00:00+00:00,2023-09-29 04:00:00+00:00,2023-10-02 04:00:00+00:00,24.59892948364538,119.95,120.12,모멘텀,1.0,7.376603978908159,7.387058523938708,-10.58184449062719,0.1417257190496013,EA@2023-10-02 04:00:00+00:00,①손절15+모멘텀0,C,B+C
SMCI,2023-10-11 04:00:00+00:00,2023-10-23 04:00:00+00:00,2023-10-10 04:00:00+00:00,2023-10-20 04:00:00+00:00,95.9424788251795,31.11,24.615,손절,8.0,7.461926290628336,5.904060290704483,-636.5123865508735,-20.87753134040502,SMCI@2023-10-11 04:00:00+00:00,①손절15+모멘텀0,C,B+C
PLTR,2023-10-11 04:00:00+00:00,2023-10-27 04:00:00+00:00,2023-10-10 04:00:00+00:00,2023-10-26 04:00:00+00:00,162.24107032981578,17.87,15.48,모멘텀,12.0,7.248119816984521,6.278729421763871,-401.2830073270079,-13.374370453273643,PLTR@2023-10-11 04:00:00+00:00,①손절15+모멘텀0,C,B+C
AMGN,2023-10-16 04:00:00+00:00,2023-10-27 04:00:00+00:00,2023-10-13 04:00:00+00:00,2023-10-26 04:00:00+00:00,0.06233108304579936,284.5,268.95,모멘텀,9.0,0.0443329828163248,0.04190986196291934,-1.055491186141424,-5.465729349736382,AMGN@2023-10-16 04:00:00+00:00,①손절15+모멘텀0,C,C
PDD,2023-10-30 04:00:00+00:00,2023-11-08 05:00:00+00:00,2023-10-27 04:00:00+00:00,2023-11-07 05:00:00+00:00,0.1407616496447982,109.6,107.73,모멘텀,7.0,0.03856869200267471,0.03791063129058528,-0.3397036081290299,-1.7062043795620374,PDD@2023-10-30 04:00:00+00:00,①손절15+모멘텀0,C,C
EA,2023-10-09 04:00:00+00:00,2023-11-10 05:00:00+00:00,2023-10-06 04:00:00+00:00,2023-11-09 05:00:00+00:00,24.0433555331427,122.59,132.13,모멘텀,24.0,7.36868738701991,7.942121416485364,214.0628029826762,7.782037686597598,EA@2023-10-09 04:00:00+00:00,①손절15+모멘텀0,C,B+C
AXON,2023-10-23 04:00:00+00:00,2023-11-14 05:00:00+00:00,2023-10-20 04:00:00+00:00,2023-11-13 05:00:00+00:00,11.512227491997441,209.98,221.36,모멘텀,16.0,6.043343821924057,6.370866694071384,118.59493834293608,5.41956376797792,AXON@2023-10-23 04:00:00+00:00,①손절15+모멘텀0,C,C
DASH,2023-11-14 05:00:00+00:00,2024-01-03 05:00:00+00:00,2023-11-13 05:00:00+00:00,2024-01-02 05:00:00+00:00,27.362915400238954,91.54,95.31,모멘텀,33.0,6.262003189344686,6.519898666991938,90.37628920256475,4.118418177845751,DASH@2023-11-14 05:00:00+00:00,①손절15+모멘텀0,C,C
MSTR,2023-10-27 04:00:00+00:00,2024-01-10 05:00:00+00:00,2023-10-26 04:00:00+00:00,2024-01-09 05:00:00+00:00,60.53550654005385,42.0,56.668,모멘텀,50.0,6.356228186705655,8.57606521152943,873.002516531275,34.92380952380951,MSTR@2023-10-27 04:00:00+00:00,①손절15+모멘텀0,C,B+C
NFLX,2023-11-10 05:00:00+00:00,2024-01-19 05:00:00+00:00,2023-11-09 05:00:00+00:00,2024-01-18 05:00:00+00:00,5.435727942376453,43.748,48.498,모멘텀,46.0,0.5945055650577127,0.659054834373433,24.56614732685705,10.85763920636371,NFLX@2023-11-10 05:00:00+00:00,①손절15+모멘텀0,C,B+C
SMCI,2024-01-10 05:00:00+00:00,2024-01-19 05:00:00+00:00,2024-01-09 05:00:00+00:00,2024-01-18 05:00:00+00:00,96.32700246200775,34.7,34.756,모멘텀,6.0,8.356367463579174,8.369853243923853,-11.331908569630741,0.1613832853025965,SMCI@2024-01-10 05:00:00+00:00,①손절15+모멘텀0,C,C
DXCM,2023-11-10 05:00:00+00:00,2024-01-29 05:00:00+00:00,2023-11-09 05:00:00+00:00,2024-01-26 05:00:00+00:00,30.453611737347842,93.61,121.88,모멘텀,52.0,7.126906486832829,9.279215496369888,844.5174818316214,30.199764982373665,DXCM@2023-11-10 05:00:00+00:00,①손절15+모멘텀0,C,B+C
MRNA,2024-01-03 05:00:00+00:00,2024-02-01 05:00:00+00:00,2024-01-02 05:00:00+00:00,2024-01-31 05:00:00+00:00,21.335413992070873,112.51,100.9,모멘텀,20.0,6.001118570619735,5.381858179499878,-259.087133198062,-10.31908274820016,MRNA@2024-01-03 05:00:00+00:00,①손절15+모멘텀0,C,C
MRVL,2024-01-19 05:00:00+00:00,2024-02-16 05:00:00+00:00,2024-01-18 05:00:00+00:00,2024-02-15 05:00:00+00:00,7.415219452489044,69.0,67.31,모멘텀,20.0,1.27912535555436,1.2477960533675938,-15.05864228362833,-2.449275362318837,MRVL@2024-01-19 05:00:00+00:00,①손절15+모멘텀0,C,C
AMD,2024-01-19 05:00:00+00:00,2024-02-20 05:00:00+00:00,2024-01-18 05:00:00+00:00,2024-02-16 05:00:00+00:00,19.590490213613197,165.8,171.14,모멘텀,21.0,8.120258193542671,8.381791237894406,88.11116830925721,3.2207478890229124,AMD@2024-01-19 05:00:00+00:00,①손절15+모멘텀0,C,B+C
CRWD,2023-10-13 04:00:00+00:00,2024-02-22 05:00:00+00:00,2023-10-12 04:00:00+00:00,2024-02-21 05:00:00+00:00,0.1617657134074188,46.89,76.2325,모멘텀,89.0,0.01896298575418467,0.030829511868327636,4.696817948034676,62.57730859458306,CRWD@2023-10-13 04:00:00+00:00,①손절15+모멘텀0,C,B+C
ARM,2024-02-16 05:00:00+00:00,2024-03-13 04:00:00+00:00,2024-02-15 05:00:00+00:00,2024-03-12 04:00:00+00:00,0.8582358008336911,129.5,129.0,모멘텀,17.0,0.2778538405199075,0.2767810457688654,-0.983752786705594,-0.38610038610038533,ARM@2024-02-16 05:00:00+00:00,①손절15+모멘텀0,C,A+C
PLTR,2024-02-20 05:00:00+00:00,2024-03-13 04:00:00+00:00,2024-02-16 05:00:00+00:00,2024-03-12 04:00:00+00:00,146.22179748647537,23.84,24.7,모멘텀,16.0,8.714819130193932,9.029195994789854,108.00673071338497,3.6073825503355694,PLTR@2024-02-20 05:00:00+00:00,①손절15+모멘텀0,C,C
SMCI,2024-01-29 05:00:00+00:00,2024-03-22 04:00:00+00:00,2024-01-26 05:00:00+00:00,2024-03-21 04:00:00+00:00,68.8361461253635,47.567,95.454,모멘텀,38.0,8.185822406862913,16.42671373062612,3271.743993367793,100.67273529968253,SMCI@2024-01-29 05:00:00+00:00,①손절15+모멘텀0,C,B+C
NVDA,2024-02-01 05:00:00+00:00,2024-04-05 04:00:00+00:00,2024-01-31 05:00:00+00:00,2024-04-04 04:00:00+00:00,40.74653712516354,62.1,86.866,모멘텀,44.0,6.32589988868164,8.84872173478614,993.9541168183327,39.88083735909822,NVDA@2024-02-01 05:00:00+00:00,①손절15+모멘텀0,C,C
MSTR,2024-02-22 05:00:00+00:00,2024-04-10 04:00:00+00:00,2024-02-21 05:00:00+00:00,2024-04-09 04:00:00+00:00,1.4346329209687936,68.37,138.75,모멘텀,33.0,0.24521463201659108,0.4976382944610503,100.22661205130606,102.93988591487495,MSTR@2024-02-22 05:00:00+00:00,①손절15+모멘텀0,C,C
APP,2024-03-13 04:00:00+00:00,2024-04-19 04:00:00+00:00,2024-03-12 04:00:00+00:00,2024-04-18 04:00:00+00:00,0.10297147929848326,60.99,68.16,모멘텀,26.0,0.015700576306036235,0.017546340072461548,0.7050585901916273,11.75602557796358,APP@2024-03-13 04:00:00+00:00,①손절15+모멘텀0,C,C
MU,2024-03-22 04:00:00+00:00,2024-04-22 04:00:00+00:00,2024-03-21 04:00:00+00:00,2024-04-19 04:00:00+00:00,42.51477190248458,109.31,107.6,모멘텀,20.0,11.618224291651474,11.436473641768353,-95.75495788666831,-1.5643582471869033,MU@2024-03-22 04:00:00+00:00,①손절15+모멘텀0,C,C
CEG,2024-03-13 04:00:00+00:00,2024-05-01 04:00:00+00:00,2024-03-12 04:00:00+00:00,2024-04-30 04:00:00+00:00,19.08957005160521,171.24,186.25,모멘텀,34.0,8.172244939092192,8.888581055278676,269.4736204802239,8.765475356225183,CEG@2024-03-13 04:00:00+00:00,①손절15+모멘텀0,C,C
KHC,2024-04-19 04:00:00+00:00,2024-05-02 04:00:00+00:00,2024-04-18 04:00:00+00:00,2024-05-01 04:00:00+00:00,1.6893990618520314,37.29,36.39,모멘텀,9.0,0.15749422754115563,0.15369307965198856,-1.8316464628599647,-2.4135156878519637,KHC@2024-04-19 04:00:00+00:00,①손절15+모멘텀0,C,B+C
KDP,2024-04-22 04:00:00+00:00,2024-05-30 04:00:00+00:00,2024-04-19 04:00:00+00:00,2024-05-29 04:00:00+00:00,144.67805554885297,31.68,33.68,모멘텀,27.0,11.458501999469155,12.18189227721342,265.7157168210233,6.313131313131315,KDP@2024-04-22 04:00:00+00:00,①손절15+모멘텀0,C,B+C
MSTR,2024-05-30 04:00:00+00:00,2024-06-14 04:00:00+00:00,2024-05-29 04:00:00+00:00,2024-06-13 04:00:00+00:00,29.040703119743185,165.3,150.5,모멘텀,11.0,12.00107056423387,10.926564548803373,-452.73004128523553,-8.953418027828198,MSTR@2024-05-30 04:00:00+00:00,①손절15+모멘텀0,C,B+C
GOOG,2024-04-05 04:00:00+00:00,2024-06-20 04:00:00+00:00,2024-04-04 04:00:00+00:00,2024-06-18 04:00:00+00:00,31.813763806912327,151.68,176.71,모멘텀,52.0,12.063779235581155,14.054525505798695,770.1802033456361,16.50184599156117,GOOG@2024-04-05 04:00:00+00:00,①손절15+모멘텀0,C,B+C
GOOGL,2024-04-10 04:00:00+00:00,2024-06-20 04:00:00+00:00,2024-04-09 04:00:00+00:00,2024-06-18 04:00:00+00:00,5.389055297935829,156.21,175.37,모멘텀,49.0,2.1045608202263897,2.362696568997516,98.78704211922684,12.265539978234429,GOOGL@2024-04-10 04:00:00+00:00,①손절15+모멘텀0,C,B+C
MRNA,2024-05-02 04:00:00+00:00,2024-06-20 04:00:00+00:00,2024-05-01 04:00:00+00:00,2024-06-18 04:00:00+00:00,0.5552074270971317,114.86,132.54,모멘텀,33.0,0.15942781269094136,0.18396798096863456,9.472671517417716,15.39265192408148,MRNA@2024-05-02 04:00:00+00:00,①손절15+모멘텀0,C,B+C
AZN,2024-05-01 04:00:00+00:00,2024-06-21 04:00:00+00:00,2024-04-30 04:00:00+00:00,2024-06-20 04:00:00+00:00,22.520230752196454,153.962512,158.197792,모멘텀,35.0,8.668178243569539,8.906626950819945,77.80467770577297,2.7508514540214746,AZN@2024-05-01 04:00:00+00:00,①손절15+모멘텀0,C,B+C
NVDA,2024-06-20 04:00:00+00:00,2024-06-25 04:00:00+00:00,2024-06-18 04:00:00+00:00,2024-06-24 04:00:00+00:00,35.50016202595145,139.8,121.2,손절,3.0,12.407306628070032,10.756549093863288,-683.4668694046304,-13.30472103004292,NVDA@2024-06-20 04:00:00+00:00,①손절15+모멘텀0,C,B+C
SHOP,2024-06-25 04:00:00+00:00,2024-07-15 04:00:00+00:00,2024-06-24 04:00:00+00:00,2024-07-12 04:00:00+00:00,67.1189663865312,64.48,65.03,모멘텀,13.0,10.81957738150883,10.911865960290312,15.183988170793782,0.8529776674937928,SHOP@2024-06-25 04:00:00+00:00,①손절15+모멘텀0,C,C
AVGO,2024-06-20 04:00:00+00:00,2024-07-17 04:00:00+00:00,2024-06-18 04:00:00+00:00,2024-07-16 04:00:00+00:00,9.039219174351002,180.346,162.31,모멘텀,18.0,4.075467553043764,3.6678891604722783,-170.7747137421104,-10.00077628558438,AVGO@2024-06-20 04:00:00+00:00,①손절15+모멘텀0,C,B+C
ROST,2024-06-24 04:00:00+00:00,2024-07-18 04:00:00+00:00,2024-06-21 04:00:00+00:00,2024-07-17 04:00:00+00:00,0.24416117143903332,149.91,147.79,모멘텀,17.0,0.09150550302606371,0.09021144881743684,-0.6993386352942466,-1.4141818424387997,ROST@2024-06-24 04:00:00+00:00,①손절15+모멘텀0,C,B+C
ARM,2024-06-14 04:00:00+00:00,2024-07-19 04:00:00+00:00,2024-06-13 04:00:00+00:00,2024-07-18 04:00:00+00:00,27.398362267725354,159.9,162.85,모멘텀,23.0,10.952495316523212,11.154558238247684,58.71811513501871,1.8449030644152487,ARM@2024-06-14 04:00:00+00:00,①손절15+모멘텀0,C,B+C
TSLA,2024-07-15 04:00:00+00:00,2024-07-25 04:00:00+00:00,2024-07-12 04:00:00+00:00,2024-07-24 04:00:00+00:00,16.3785498393975,255.97,216.8,손절,8.0,10.481043505976444,8.877174012953445,-660.9060147281293,-15.302574520451607,TSLA@2024-07-15 04:00:00+00:00,①손절15+모멘텀0,C,A+C
PLTR,2024-06-21 04:00:00+00:00,2024-08-05 04:00:00+00:00,2024-06-20 04:00:00+00:00,2024-08-02 04:00:00+00:00,145.92510375207465,24.71,21.74,모멘텀,30.0,9.014523284284412,7.931029388925257,-450.34311081687156,-12.019425333872935,PLTR@2024-06-21 04:00:00+00:00,①손절15+모멘텀0,C,B+C
MSTR,2024-07-25 04:00:00+00:00,2024-08-06 04:00:00+00:00,2024-07-24 04:00:00+00:00,2024-08-05 04:00:00+00:00,22.40633286710595,161.65,132.6,손절,8.0,9.054959269919193,7.427699345445622,-667.3866284047926,-17.970924837612134,MSTR@2024-07-25 04:00:00+00:00,①손절15+모멘텀0,C,C
WBD,2024-07-18 04:00:00+00:00,2024-08-09 04:00:00+00:00,2024-07-17 04:00:00+00:00,2024-08-08 04:00:00+00:00,11.431699660934067,8.76,7.04,손절,16.0,0.25035422257445605,0.20119791403243958,-20.11407555341347,-19.634703196347026,WBD@2024-07-18 04:00:00+00:00,①손절15+모멘텀0,C,B+C
GILD,2024-07-19 04:00:00+00:00,2024-08-23 04:00:00+00:00,2024-07-18 04:00:00+00:00,2024-08-22 04:00:00+00:00,60.32424001804695,73.51,76.09,모멘텀,25.0,11.08608720931658,11.475178557432983,133.0752734798125,3.509726567813898,GILD@2024-07-19 04:00:00+00:00,①손절15+모멘텀0,C,B+C
CHTR,2024-07-17 04:00:00+00:00,2024-08-26 04:00:00+00:00,2024-07-16 04:00:00+00:00,2024-08-23 04:00:00+00:00,4.512897340056187,324.67,349.22,모멘텀,28.0,3.663005948490106,3.939985022736055,103.18863872715337,7.561524008993747,CHTR@2024-07-17 04:00:00+00:00,①손절15+모멘텀0,C,C
AEP,2024-08-05 04:00:00+00:00,2024-08-30 04:00:00+00:00,2024-08-02 04:00:00+00:00,2024-08-29 04:00:00+00:00,30.890305085185226,104.24,99.94,모멘텀,19.0,8.05001350519927,7.717942725533528,-148.59626809702877,-4.125095932463541,AEP@2024-08-05 04:00:00+00:00,①손절15+모멘텀0,C,B+C
AXON,2024-08-09 04:00:00+00:00,2024-09-09 04:00:00+00:00,2024-08-08 04:00:00+00:00,2024-09-06 04:00:00+00:00,0.20638317160543074,367.27,358.61,모멘텀,20.0,0.18949586858881634,0.18502767292355882,-2.161801807615376,-2.3579383015220334,AXON@2024-08-09 04:00:00+00:00,①손절15+모멘텀0,C,C
SHOP,2024-08-26 04:00:00+00:00,2024-09-09 04:00:00+00:00,2024-08-23 04:00:00+00:00,2024-09-06 04:00:00+00:00,26.596090907300624,76.11,68.48,모멘텀,9.0,5.0605711973866265,4.553250763329867,-212.54199558341975,-10.024963868085656,SHOP@2024-08-26 04:00:00+00:00,①손절15+모멘텀0,C,B+C
FTNT,2024-08-23 04:00:00+00:00,2024-09-19 04:00:00+00:00,2024-08-22 04:00:00+00:00,2024-09-18 04:00:00+00:00,54.84953776403567,74.88,76.08,모멘텀,18.0,10.267833469427476,10.432382082719585,45.119229764696684,1.6025641025640969,FTNT@2024-08-23 04:00:00+00:00,①손절15+모멘텀0,C,B+C
WDAY,2024-09-09 04:00:00+00:00,2024-09-24 04:00:00+00:00,2024-09-06 04:00:00+00:00,2024-09-23 04:00:00+00:00,7.681405098707762,248.705,245.06,모멘텀,11.0,4.776009637685285,4.70601283372331,-37.48074405619832,-1.4655917653444872,WDAY@2024-09-09 04:00:00+00:00,①손절15+모멘텀0,C,B+C
SBUX,2024-08-30 04:00:00+00:00,2024-09-25 04:00:00+00:00,2024-08-29 04:00:00+00:00,2024-09-24 04:00:00+00:00,32.2194524145229,94.99,94.26,모멘텀,17.0,7.651314462138824,7.592513961482322,-38.76402868622199,-0.7685019475734189,SBUX@2024-08-30 04:00:00+00:00,①손절15+모멘텀0,C,B+C
XEL,2024-08-06 04:00:00+00:00,2024-10-08 04:00:00+00:00,2024-08-05 04:00:00+00:00,2024-10-07 04:00:00+00:00,52.168916255231814,57.9,62.575,모멘텀,44.0,7.5514506279448055,8.161174836677827,228.17705802858654,8.074265975820394,XEL@2024-08-06 04:00:00+00:00,①손절15+모멘텀0,C,C
TSLA,2024-09-25 04:00:00+00:00,2024-10-14 04:00:00+00:00,2024-09-24 04:00:00+00:00,2024-10-11 04:00:00+00:00,11.945627090218867,252.54,220.13,모멘텀,13.0,7.541871663409681,6.573977228424698,-401.27362288582754,-12.8336105171458,TSLA@2024-09-25 04:00:00+00:00,①손절15+모멘텀0,C,B+C
PDD,2024-10-08 04:00:00+00:00,2024-10-24 04:00:00+00:00,2024-10-07 04:00:00+00:00,2024-10-23 04:00:00+00:00,22.33447219242601,144.09,122.36,손절,12.0,8.045435245516659,6.832115043663116,-500.2056310305966,-15.080852245124577,PDD@2024-10-08 04:00:00+00:00,①손절15+모멘텀0,C,C
CEG,2024-09-24 04:00:00+00:00,2024-10-30 04:00:00+00:00,2024-09-23 04:00:00+00:00,2024-10-29 04:00:00+00:00,7.362173682847645,254.08,266.88,모멘텀,26.0,4.676452723344824,4.91204228119595,84.64732813590922,5.037783375314864,CEG@2024-09-24 04:00:00+00:00,①손절15+모멘텀0,C,B+C
SMCI,2024-10-30 04:00:00+00:00,2024-10-31 04:00:00+00:00,2024-10-29 04:00:00+00:00,2024-10-30 04:00:00+00:00,53.27383808883848,34.85,30.06,모멘텀,1.0,4.641483143490053,4.003528932376212,-263.8266965214025,-13.74461979913918,SMCI@2024-10-30 04:00:00+00:00,①손절15+모멘텀0,C,B+C
NVDA,2024-10-31 04:00:00+00:00,2024-11-19 05:00:00+00:00,2024-10-30 04:00:00+00:00,2024-11-18 05:00:00+00:00,11.89208979428107,137.6,141.32,모멘텀,13.0,4.090878889232688,4.201475324319502,35.9462198211736,2.7034883720930214,NVDA@2024-10-31 04:00:00+00:00,①손절15+모멘텀0,C,C
APP,2024-09-19 04:00:00+00:00,2024-12-19 05:00:00+00:00,2024-09-18 04:00:00+00:00,2024-12-18 05:00:00+00:00,32.61073135538052,126.5,315.4,모멘텀,64.0,10.313143791139092,25.713561673717543,6124.140447566523,149.3280632411067,APP@2024-09-19 04:00:00+00:00,①손절15+모멘텀0,C,C
MSTR,2024-10-14 04:00:00+00:00,2024-12-19 05:00:00+00:00,2024-10-11 04:00:00+00:00,2024-12-18 05:00:00+00:00,11.702993681656508,224.48,365.44,모멘텀,47.0,6.5677200541456315,10.691855027561386,1632.3944142845953,62.79401282965076,MSTR@2024-10-14 04:00:00+00:00,①손절15+모멘텀0,C,C
TEAM,2024-10-24 04:00:00+00:00,2024-12-24 05:00:00+00:00,2024-10-23 04:00:00+00:00,2024-12-23 05:00:00+00:00,14.588124259824493,188.0,252.69,모멘텀,42.0,6.856418402117512,9.215682798037628,927.6336571678917,34.409574468085104,TEAM@2024-10-24 04:00:00+00:00,①손절15+모멘텀0,C,C
PLTR,2024-09-19 04:00:00+00:00,2025-01-08 05:00:00+00:00,2024-09-18 04:00:00+00:00,2025-01-07 05:00:00+00:00,0.3214476956746157,37.0,68.12,모멘텀,76.0,0.029733911849901953,0.05474254257338705,9.918975834970754,84.10810810810811,PLTR@2024-09-19 04:00:00+00:00,①손절15+모멘텀0,C,B+C
LULU,2024-12-19 05:00:00+00:00,2025-01-08 05:00:00+00:00,2024-12-18 05:00:00+00:00,2025-01-07 05:00:00+00:00,17.14870107583283,375.0,390.0,모멘텀,12.0,16.076907258593277,16.71998354893701,224.43362532996252,4.0000000000000036,LULU@2024-12-19 05:00:00+00:00,①손절15+모멘텀0,C,C
TSLA,2024-11-19 05:00:00+00:00,2025-01-13 05:00:00+00:00,2024-11-18 05:00:00+00:00,2025-01-10 05:00:00+00:00,3.056785607626643,335.76,383.21,모멘텀,35.0,2.5658658390418037,2.9284770317465143,139.55013421109584,14.132118179652121,TSLA@2024-11-19 05:00:00+00:00,①손절15+모멘텀0,C,C
GOOGL,2025-01-08 05:00:00+00:00,2025-01-14 05:00:00+00:00,2025-01-07 05:00:00+00:00,2025-01-13 05:00:00+00:00,33.822642781959146,192.57,191.24,모멘텀,3.0,16.28306580130468,16.170605514054667,-77.4377862153633,-0.6906579425663306,GOOGL@2025-01-08 05:00:00+00:00,①손절15+모멘텀0,C,C
GOOG,2025-01-08 05:00:00+00:00,2025-01-14 05:00:00+00:00,2025-01-07 05:00:00+00:00,2025-01-13 05:00:00+00:00,0.8519657448177427,193.95,192.5,모멘텀,3.0,0.413096890518503,0.4100085146935387,-2.0584557351977253,-0.7476153647847372,GOOG@2025-01-08 05:00:00+00:00,①손절15+모멘텀0,C,B+C
MRVL,2024-12-24 05:00:00+00:00,2025-01-16 05:00:00+00:00,2024-12-23 05:00:00+00:00,2025-01-15 05:00:00+00:00,44.62577386473653,115.44,118.43,모멘텀,14.0,12.878998337362962,13.212575997001869,107.33948952119863,2.5900900900901025,MRVL@2024-12-24 05:00:00+00:00,①손절15+모멘텀0,C,B+C
AVGO,2024-12-19 05:00:00+00:00,2025-01-17 05:00:00+00:00,2024-12-18 05:00:00+00:00,2025-01-16 05:00:00+00:00,28.39744290550327,227.91,237.08,모멘텀,18.0,16.180153031483126,16.831164410091787,227.39323400189096,4.023518055372732,AVGO@2024-12-19 05:00:00+00:00,①손절15+모멘텀0,C,B+C
CEG,2025-01-13 05:00:00+00:00,2025-02-20 05:00:00+00:00,2025-01-10 05:00:00+00:00,2025-02-19 05:00:00+00:00,4.0395815103854815,297.495,317.49,모멘텀,26.0,3.004388253580322,3.2063168343307167,74.560727212247,6.721121363384253,CEG@2025-01-13 05:00:00+00:00,①손절15+모멘텀0,C,C
BKR,2025-01-14 05:00:00+00:00,2025-02-20 05:00:00+00:00,2025-01-13 05:00:00+00:00,2025-02-19 05:00:00+00:00,4.357683033056915,44.91,46.76,모멘텀,25.0,0.4892588625364651,0.5094131465643534,7.063041602054511,4.1193498107325865,BKR@2025-01-14 05:00:00+00:00,①손절15+모멘텀0,C,C
ISRG,2025-01-16 05:00:00+00:00,2025-02-21 05:00:00+00:00,2025-01-15 05:00:00+00:00,2025-02-20 05:00:00+00:00,8.934804771076479,582.6,605.09,모멘텀,24.0,13.013543149072891,13.515902547326666,174.4143136051107,3.86028149673876,ISRG@2025-01-16 05:00:00+00:00,①손절15+모멘텀0,C,C
KLAC,2025-01-14 05:00:00+00:00,2025-02-24 05:00:00+00:00,2025-01-13 05:00:00+00:00,2025-02-21 05:00:00+00:00,92.5338532815002,69.299,76.199,모멘텀,27.0,16.03125874638671,17.627467715492585,604.824861180472,9.956853634251562,KLAC@2025-01-14 05:00:00+00:00,①손절15+모멘텀0,C,B+C
PLTR,2025-02-21 05:00:00+00:00,2025-02-25 05:00:00+00:00,2025-02-20 05:00:00+00:00,2025-02-24 05:00:00+00:00,49.95369885727543,107.68,90.65,손절,2.0,13.447535732378547,11.320757003530044,-875.4797842753096,-15.815378900445765,PLTR@2025-02-21 05:00:00+00:00,①손절15+모멘텀0,C,C
SMCI,2025-02-20 05:00:00+00:00,2025-02-26 05:00:00+00:00,2025-02-19 05:00:00+00:00,2025-02-25 05:00:00+00:00,24.592016380452602,57.21,55.02,손절,4.0,3.517273142814233,3.382631853131256,-60.75642086913649,-3.828002097535388,SMCI@2025-02-20 05:00:00+00:00,①손절15+모멘텀0,C,B+C
APP,2025-02-21 05:00:00+00:00,2025-02-26 05:00:00+00:00,2025-02-20 05:00:00+00:00,2025-02-25 05:00:00+00:00,0.018480258950463836,452.77,328.47,손절,3.0,0.020918267112503774,0.015175526643647142,-2.333189981298803,-27.45323232546325,APP@2025-02-21 05:00:00+00:00,①손절15+모멘텀0,C,C
PDD,2025-02-24 05:00:00+00:00,2025-03-03 05:00:00+00:00,2025-02-21 05:00:00+00:00,2025-02-28 05:00:00+00:00,54.10445945665198,125.155,113.585,모멘텀,5.0,16.928609058243197,15.363637568459538,-658.2808425401654,-9.244536774399748,PDD@2025-02-24 05:00:00+00:00,①손절15+모멘텀0,C,B+C
DXCM,2025-01-17 05:00:00+00:00,2025-03-04 05:00:00+00:00,2025-01-16 05:00:00+00:00,2025-03-03 05:00:00+00:00,76.9243018508535,86.32,85.76,모멘텀,30.0,16.600264339414185,16.49257031682299,-76.17044369271389,-0.6487488415199083,DXCM@2025-01-17 05:00:00+00:00,①손절15+모멘텀0,C,B+C
INTC,2025-03-03 05:00:00+00:00,2025-03-06 05:00:00+00:00,2025-02-28 05:00:00+00:00,2025-03-05 05:00:00+00:00,245.19923758875206,25.0,20.26,손절,3.0,15.324952349297003,12.419341383870291,-1189.9886799038513,-18.96,INTC@2025-03-03 05:00:00+00:00,①손절15+모멘텀0,C,B+C
MELI,2025-02-26 05:00:00+00:00,2025-03-10 04:00:00+00:00,2025-02-25 05:00:00+00:00,2025-03-07 05:00:00+00:00,0.6245229781280996,2185.99,1981.87,모멘텀,8.0,3.413002462395611,3.094308386656842,-133.98494114456003,-9.337645643392689,MELI@2025-02-26 05:00:00+00:00,①손절15+모멘텀0,C,C
SMCI,2025-02-28 05:00:00+00:00,2025-03-12 04:00:00+00:00,2025-02-27 05:00:00+00:00,2025-03-11 04:00:00+00:00,0.5450750190532385,40.225,43.955,모멘텀,8.0,0.0548141066035413,0.059896931156212745,1.9184187833088266,9.27284027346178,SMCI@2025-02-28 05:00:00+00:00,①손절15+모멘텀0,C,C
TMUS,2025-02-25 05:00:00+00:00,2025-03-13 04:00:00+00:00,2025-02-24 05:00:00+00:00,2025-03-12 04:00:00+00:00,18.140822574425943,269.23,256.73,모멘텀,12.0,12.210134154281743,11.643233448830932,-250.6136497834368,-4.64287040820116,TMUS@2025-02-25 05:00:00+00:00,①손절15+모멘텀0,C,공통
MRNA,2025-03-13 04:00:00+00:00,2025-03-19 04:00:00+00:00,2025-03-12 04:00:00+00:00,2025-03-18 04:00:00+00:00,132.31446895194415,35.15,33.78,모멘텀,4.0,11.627133959152093,11.173956902991684,-204.07191332630737,-3.8975817923186273,MRNA@2025-03-13 04:00:00+00:00,①손절15+모멘텀0,C,B+C
GILD,2025-03-04 05:00:00+00:00,2025-03-20 04:00:00+00:00,2025-03-03 05:00:00+00:00,2025-03-19 04:00:00+00:00,52.448528181697185,117.25,106.825,모멘텀,12.0,15.373974823259987,14.007035057524504,-576.1569161749767,-8.891257995735602,GILD@2025-03-04 05:00:00+00:00,①손절15+모멘텀0,C,C
MDLZ,2025-03-10 04:00:00+00:00,2025-03-24 04:00:00+00:00,2025-03-07 05:00:00+00:00,2025-03-21 04:00:00+00:00,17.971523331801773,68.28,64.55,모멘텀,10.0,3.0677390327385625,2.900154577669511,-73.00167563802847,-5.462800234329235,MDLZ@2025-03-10 04:00:00+00:00,①손절15+모멘텀0,C,C
AMGN,2025-03-12 04:00:00+00:00,2025-03-26 04:00:00+00:00,2025-03-11 04:00:00+00:00,2025-03-25 04:00:00+00:00,0.17377252077573035,311.39,306.44,모멘텀,10.0,0.13527756311088668,0.13312712816628702,-1.128578669117033,-1.5896464240983899,AMGN@2025-03-12 04:00:00+00:00,①손절15+모멘텀0,C,B+C
AXON,2025-03-24 04:00:00+00:00,2025-03-27 04:00:00+00:00,2025-03-21 04:00:00+00:00,2025-03-26 04:00:00+00:00,2.0048785997799174,571.99,554.78,모멘텀,3.0,2.866926275720288,2.7806663739647566,-40.15155335189752,-3.0087938600325215,AXON@2025-03-24 04:00:00+00:00,①손절15+모멘텀0,C,B+C
CHTR,2025-03-27 04:00:00+00:00,2025-04-01 04:00:00+00:00,2025-03-26 04:00:00+00:00,2025-03-31 04:00:00+00:00,2.8955278601219154,385.86,366.1,모멘텀,3.0,2.793170950266606,2.650131873976583,-62.65893334025213,-5.121028352252111,CHTR@2025-03-27 04:00:00+00:00,①손절15+모멘텀0,C,B+C
VRTX,2025-03-19 04:00:00+00:00,2025-04-02 04:00:00+00:00,2025-03-18 04:00:00+00:00,2025-04-01 04:00:00+00:00,8.718226338947254,512.01,481.64,모멘텀,10.0,11.159547669510957,10.497616334726388,-286.42969791806536,-5.9315247749067375,VRTX@2025-03-19 04:00:00+00:00,①손절15+모멘텀0,C,B+C
PDD,2025-04-02 04:00:00+00:00,2025-04-03 04:00:00+00:00,2025-04-01 04:00:00+00:00,2025-04-02 04:00:00+00:00,34.24539682574372,121.83,111.99,모멘텀,1.0,10.430291738200893,9.587854976287597,-356.99285147980663,-8.076828367397193,PDD@2025-04-02 04:00:00+00:00,①손절15+모멘텀0,C,B+C
MSTR,2025-03-26 04:00:00+00:00,2025-04-04 04:00:00+00:00,2025-03-25 04:00:00+00:00,2025-04-03 04:00:00+00:00,0.12258028306517126,336.5,285.015,손절,7.0,0.10312066312857532,0.08734304844454947,-6.501509585183456,-15.300148588410112,MSTR@2025-03-26 04:00:00+00:00,①손절15+모멘텀0,C,B+C
DLTR,2025-04-01 04:00:00+00:00,2025-04-04 04:00:00+00:00,2025-03-31 04:00:00+00:00,2025-04-03 04:00:00+00:00,14.217541825747313,75.26,62.0,모멘텀,3.0,2.675030494514357,2.2037189829908335,-193.40335408691442,-17.61892107361148,DLTR@2025-04-01 04:00:00+00:00,①손절15+모멘텀0,C,공통
EA,2025-03-20 04:00:00+00:00,2025-04-07 04:00:00+00:00,2025-03-19 04:00:00+00:00,2025-04-04 04:00:00+00:00,39.571221970537444,141.41,132.96,모멘텀,12.0,13.98941624713425,13.153474183006647,-361.5197160811813,-5.9755321405841055,EA@2025-03-20 04:00:00+00:00,①손절15+모멘텀0,C,B+C
CDNS,2025-04-03 04:00:00+00:00,2025-04-07 04:00:00+00:00,2025-04-02 04:00:00+00:00,2025-04-04 04:00:00+00:00,15.250621914278081,252.34,229.65,모멘텀,2.0,9.620854834622328,8.755763306534904,-364.41322937612676,-8.991836411191246,CDNS@2025-04-03 04:00:00+00:00,①손절15+모멘텀0,C,B+C
ORLY,2025-04-07 04:00:00+00:00,2025-04-08 04:00:00+00:00,2025-04-04 04:00:00+00:00,2025-04-07 04:00:00+00:00,56.28087383477306,91.307631,90.054338,모멘텀,1.0,12.847183151157536,12.670842088130023,-96.05445045029137,-1.3726048811845692,ORLY@2025-04-07 04:00:00+00:00,①손절15+모멘텀0,C,C
MNST,2025-03-06 05:00:00+00:00,2025-04-09 04:00:00+00:00,2025-03-05 05:00:00+00:00,2025-04-08 04:00:00+00:00,200.368474320075,27.56,27.565,모멘텀,24.0,13.805387880653166,13.807892486582169,-26.611437995634333,0.018142235123375094,MNST@2025-03-06 05:00:00+00:00,①손절15+모멘텀0,C,C
MSTR,2025-04-07 04:00:00+00:00,2025-04-09 04:00:00+00:00,2025-04-04 04:00:00+00:00,2025-04-08 04:00:00+00:00,14.162231458911279,260.14,242.015,모멘텀,2.0,9.21040722930295,8.568681116321033,-274.4695335383908,-6.967402168063352,MSTR@2025-04-07 04:00:00+00:00,①손절15+모멘텀0,C,B+C
CRWD,2025-04-08 04:00:00+00:00,2025-04-09 04:00:00+00:00,2025-04-07 04:00:00+00:00,2025-04-08 04:00:00+00:00,0.18402104242020112,85.6775,81.15,모멘텀,1.0,0.039416157154891954,0.037333268980998306,-0.9099046956933474,-5.284351200723636,CRWD@2025-04-08 04:00:00+00:00,①손절15+모멘텀0,C,C
KDP,2025-04-09 04:00:00+00:00,2025-05-01 04:00:00+00:00,2025-04-08 04:00:00+00:00,2025-04-30 04:00:00+00:00,123.32086857248235,33.67,34.29,모멘텀,15.0,10.380534112088704,10.57168145837605,55.50672294447395,1.841401841401824,KDP@2025-04-09 04:00:00+00:00,①손절15+모멘텀0,C,B+C
EXC,2025-04-04 04:00:00+00:00,2025-05-05 04:00:00+00:00,2025-04-03 04:00:00+00:00,2025-05-02 04:00:00+00:00,19.514339825925116,48.06,46.4,모멘텀,20.0,2.344647930084903,2.2636634198073136,-37.00211546092794,-3.45401581356638,EXC@2025-04-04 04:00:00+00:00,①손절15+모멘텀0,C,B+C
CPRT,2025-04-09 04:00:00+00:00,2025-05-23 04:00:00+00:00,2025-04-08 04:00:00+00:00,2025-05-22 04:00:00+00:00,88.98235668903426,54.5,57.44,모멘텀,31.0,12.123846098880918,12.77786642054532,236.70641614633496,5.394495412844025,CPRT@2025-04-09 04:00:00+00:00,①손절15+모멘텀0,C,B+C
MSTR,2025-05-01 04:00:00+00:00,2025-05-29 04:00:00+00:00,2025-04-30 04:00:00+00:00,2025-05-28 04:00:00+00:00,0.01633772033158722,392.29,370.785,모멘텀,19.0,0.01602281077219588,0.01514445408286892,-0.3825099405858472,-5.481913890234269,MSTR@2025-05-01 04:00:00+00:00,①손절15+모멘텀0,C,공통
PLTR,2025-05-01 04:00:00+00:00,2025-07-02 04:00:00+00:00,2025-04-30 04:00:00+00:00,2025-07-01 04:00:00+00:00,33.81478406215948,120.04,131.47,모멘텀,42.0,10.147816697054061,11.114074151630268,365.24109098179906,9.521826057980665,PLTR@2025-05-01 04:00:00+00:00,①손절15+모멘텀0,C,B+C
CEG,2025-05-23 04:00:00+00:00,2025-07-02 04:00:00+00:00,2025-05-22 04:00:00+00:00,2025-07-01 04:00:00+00:00,16.997512299313282,298.645,306.88,모멘텀,26.0,12.690555151571036,13.04049143603315,114.24346719724235,2.7574545028378195,CEG@2025-05-23 04:00:00+00:00,①손절15+모멘텀0,C,B+C
MRVL,2025-07-02 04:00:00+00:00,2025-07-21 04:00:00+00:00,2025-07-01 04:00:00+00:00,2025-07-18 04:00:00+00:00,48.37051009791338,76.19,73.485,모멘텀,12.0,9.213372910900052,8.886267336362913,-148.9418700621186,-3.5503346895918053,MRVL@2025-07-02 04:00:00+00:00,①손절15+모멘텀0,C,B+C
MRNA,2025-07-25 04:00:00+00:00,2025-08-01 04:00:00+00:00,2025-07-24 04:00:00+00:00,2025-07-31 04:00:00+00:00,0.5101616854424786,33.97,27.57,모멘텀,5.0,0.04332548113620249,0.03516289416912284,-3.343523162137183,-18.840153076243737,MRNA@2025-07-25 04:00:00+00:00,①손절15+모멘텀0,C,C
ON,2025-07-02 04:00:00+00:00,2025-08-05 04:00:00+00:00,2025-07-01 04:00:00+00:00,2025-08-04 04:00:00+00:00,106.2725247364067,54.71,48.41,모멘텀,23.0,14.535424570822027,12.861632306223619,-696.9139627164077,-11.515262292085549,ON@2025-07-02 04:00:00+00:00,①손절15+모멘텀0,C,B+C
DLTR,2025-04-08 04:00:00+00:00,2025-08-19 04:00:00+00:00,2025-04-07 04:00:00+00:00,2025-08-18 04:00:00+00:00,67.33068804733436,75.0,112.23,모멘텀,91.0,12.624504008875192,18.891307798880838,2475.2057041945036,49.63999999999999,DLTR@2025-04-08 04:00:00+00:00,①손절15+모멘텀0,C,B+C
PLTR,2025-08-06 04:00:00+00:00,2025-08-25 04:00:00+00:00,2025-08-05 04:00:00+00:00,2025-08-22 04:00:00+00:00,0.2066928840687877,171.175,156.1,모멘텀,13.0,0.08845163607618683,0.08066189800784439,-3.285008761421004,-8.806776690521401,PLTR@2025-08-06 04:00:00+00:00,①손절15+모멘텀0,C,C
AVGO,2025-05-05 04:00:00+00:00,2025-08-26 04:00:00+00:00,2025-05-02 04:00:00+00:00,2025-08-25 04:00:00+00:00,4.313790603712055,200.25,294.35,모멘텀,78.0,2.159591420983347,3.1744106605066085,400.59369372781464,46.9912609238452,AVGO@2025-05-05 04:00:00+00:00,①손절15+모멘텀0,C,B+C
AMD,2025-07-21 04:00:00+00:00,2025-08-26 04:00:00+00:00,2025-07-18 04:00:00+00:00,2025-08-25 04:00:00+00:00,21.635962833577047,157.62,168.65,모멘텀,26.0,8.525651154571035,9.122262829706923,220.99675607007748,6.997842913335872,AMD@2025-07-21 04:00:00+00:00,①손절15+모멘텀0,C,B+C
IDXX,2025-08-05 04:00:00+00:00,2025-09-03 04:00:00+00:00,2025-08-04 04:00:00+00:00,2025-09-02 04:00:00+00:00,7.632850531916009,676.48,640.99,모멘텀,20.0,12.908676819576357,12.231452156132107,-296.02999435340735,-5.246274834437092,IDXX@2025-08-05 04:00:00+00:00,①손절15+모멘텀0,C,B+C
EA,2025-08-26 04:00:00+00:00,2025-09-10 04:00:00+00:00,2025-08-25 04:00:00+00:00,2025-09-09 04:00:00+00:00,28.431879416406478,172.03,165.81,모멘텀,10.0,12.227840540011016,11.785724815085896,-200.85985532514496,-3.615648433412777,EA@2025-08-26 04:00:00+00:00,①손절15+모멘텀0,C,B+C
AAPL,2025-09-03 04:00:00+00:00,2025-09-11 04:00:00+00:00,2025-09-02 04:00:00+00:00,2025-09-10 04:00:00+00:00,20.373359122455483,237.21,226.875,모멘텀,6.0,12.081911293594162,11.55551462726772,-234.19609245143874,-4.3568989502972055,AAPL@2025-09-03 04:00:00+00:00,①손절15+모멘텀0,C,B+C
INTC,2025-08-25 04:00:00+00:00,2025-09-18 04:00:00+00:00,2025-08-22 04:00:00+00:00,2025-09-17 04:00:00+00:00,67.63302334171692,25.5,31.78,모멘텀,17.0,4.311605238034454,5.373443704499409,415.05033764344876,24.62745098039216,INTC@2025-08-25 04:00:00+00:00,①손절15+모멘텀0,C,C
ADI,2025-09-03 04:00:00+00:00,2025-09-22 04:00:00+00:00,2025-09-02 04:00:00+00:00,2025-09-19 04:00:00+00:00,0.06615161963036319,248.32,245.61,모멘텀,13.0,0.041066925466529465,0.040618748243533766,-0.2609565629083406,-1.0913337628865927,ADI@2025-09-03 04:00:00+00:00,①손절15+모멘텀0,C,C
AVGO,2025-09-11 04:00:00+00:00,2025-10-07 04:00:00+00:00,2025-09-10 04:00:00+00:00,2025-10-06 04:00:00+00:00,12.397700138175535,371.18,337.025,모멘텀,18.0,11.504445843219987,10.445837222671523,-445.39373128527586,-9.201735007274102,AVGO@2025-09-11 04:00:00+00:00,①손절15+모멘텀0,C,B+C
APP,2025-08-19 04:00:00+00:00,2025-10-13 04:00:00+00:00,2025-08-18 04:00:00+00:00,2025-10-10 04:00:00+00:00,13.582050001283555,430.64,590.0,모멘텀,38.0,14.622435031381874,20.033523751893245,2129.7795294212738,37.005387330484865,APP@2025-08-19 04:00:00+00:00,①손절15+모멘텀0,C,B+C
GOOGL,2025-09-10 04:00:00+00:00,2025-10-13 04:00:00+00:00,2025-09-09 04:00:00+00:00,2025-10-10 04:00:00+00:00,19.22741814983883,238.9,240.21,모멘텀,23.0,11.483575489991242,11.546545284431964,2.1577970018652195,0.548346588530757,GOOGL@2025-09-10 04:00:00+00:00,①손절15+모멘텀0,C,B+C
WBD,2025-09-18 04:00:00+00:00,2025-10-13 04:00:00+00:00,2025-09-17 04:00:00+00:00,2025-10-10 04:00:00+00:00,114.8121064817748,17.86,17.995,모멘텀,17.0,5.126360554411246,5.165109640348844,5.208164180279255,0.755879059350506,WBD@2025-09-18 04:00:00+00:00,①손절15+모멘텀0,C,C
MRVL,2025-10-13 04:00:00+00:00,2025-10-24 04:00:00+00:00,2025-10-10 04:00:00+00:00,2025-10-23 04:00:00+00:00,69.54683460873048,89.47,83.875,모멘텀,9.0,15.55588823110779,14.583101882018173,-419.25352974897214,-6.253492790879623,MRVL@2025-10-13 04:00:00+00:00,①손절15+모멘텀0,C,B+C
SMCI,2025-10-13 04:00:00+00:00,2025-10-31 04:00:00+00:00,2025-10-10 04:00:00+00:00,2025-10-30 04:00:00+00:00,0.19998613568005957,54.805,51.39,모멘텀,14.0,0.027400600414864165,0.025693218781495657,-0.7360464725437605,-6.231183286196518,SMCI@2025-10-13 04:00:00+00:00,①손절15+모멘텀0,C,C
INTC,2025-10-07 04:00:00+00:00,2025-11-05 05:00:00+00:00,2025-10-06 04:00:00+00:00,2025-11-04 05:00:00+00:00,114.55978975234561,36.64,37.415,모멘텀,21.0,10.493676741314857,10.715636333960026,67.57452398279293,2.115174672489073,INTC@2025-10-07 04:00:00+00:00,①손절15+모멘텀0,C,B+C
AMAT,2025-10-13 04:00:00+00:00,2025-11-14 05:00:00+00:00,2025-10-10 04:00:00+00:00,2025-11-13 05:00:00+00:00,10.033573359535625,220.35,203.75,모멘텀,24.0,5.527244724434187,5.110851430013459,-177.19541392273868,-7.533469480372135,AMAT@2025-10-13 04:00:00+00:00,①손절15+모멘텀0,C,C
AMD,2025-10-13 04:00:00+00:00,2025-11-18 05:00:00+00:00,2025-10-10 04:00:00+00:00,2025-11-17 05:00:00+00:00,28.484217499020982,220.2,236.78,모멘텀,26.0,15.68056173321105,16.86123254854547,439.72653185201125,7.529518619436892,AMD@2025-10-13 04:00:00+00:00,①손절15+모멘텀0,C,B+C
MU,2025-10-24 04:00:00+00:00,2025-11-21 05:00:00+00:00,2025-10-23 04:00:00+00:00,2025-11-20 05:00:00+00:00,26.93961735920786,212.39,204.53,모멘텀,20.0,14.304263327305392,13.77489984619696,-239.82455561687493,-3.700739206177306,MU@2025-10-24 04:00:00+00:00,①손절15+모멘텀0,C,C
DDOG,2025-11-14 05:00:00+00:00,2025-12-02 05:00:00+00:00,2025-11-13 05:00:00+00:00,2025-12-01 05:00:00+00:00,11.015063771190023,181.18,161.68,모멘텀,11.0,4.989273135160522,4.452288776315008,-224.2353054496807,-10.762777348493213,DDOG@2025-11-14 05:00:00+00:00,①손절15+모멘텀0,C,B+C
MAR,2025-12-02 05:00:00+00:00,2025-12-09 05:00:00+00:00,2025-12-01 05:00:00+00:00,2025-12-08 05:00:00+00:00,5.6692290050301475,304.56,287.4,모멘텀,5.0,4.316550964429955,4.073341040114161,-105.67386173086129,-5.63435776201735,MAR@2025-12-02 05:00:00+00:00,①손절15+모멘텀0,C,B+C
ISRG,2025-11-05 05:00:00+00:00,2025-12-10 05:00:00+00:00,2025-11-04 05:00:00+00:00,2025-12-09 05:00:00+00:00,7.855720196937736,538.0,557.76,모멘텀,24.0,10.565943664881257,10.95401624260998,133.70907118399828,3.6728624535316,ISRG@2025-11-05 05:00:00+00:00,①손절15+모멘텀0,C,C
AMGN,2025-11-21 05:00:00+00:00,2025-12-10 05:00:00+00:00,2025-11-20 05:00:00+00:00,2025-12-09 05:00:00+00:00,16.716002591801413,334.87,316.245,모멘텀,12.0,13.994219469791348,13.215880599110594,-338.54564834120356,-5.56185982620121,AMGN@2025-11-21 05:00:00+00:00,①손절15+모멘텀0,C,B+C
REGN,2025-11-18 05:00:00+00:00,2025-12-26 05:00:00+00:00,2025-11-17 05:00:00+00:00,2025-12-24 05:00:00+00:00,0.3476009340234765,702.51,783.79,모멘텀,26.0,0.6104828304020813,0.6811153401956517,26.96140574683048,11.569942064881644,REGN@2025-11-18 05:00:00+00:00,①손절15+모멘텀0,C,B+C
ADI,2025-12-09 05:00:00+00:00,2026-01-02 05:00:00+00:00,2025-12-08 05:00:00+00:00,2025-12-31 05:00:00+00:00,5.637994615270608,277.58,275.07,모멘텀,16.0,3.9124863632670377,3.877107947056215,-21.940960794652256,-0.9042438216009807,ADI@2025-12-09 05:00:00+00:00,①손절15+모멘텀0,C,B+C
WBD,2025-11-18 05:00:00+00:00,2026-01-12 05:00:00+00:00,2025-11-17 05:00:00+00:00,2026-01-09 05:00:00+00:00,286.0393888933836,22.74,28.48,모멘텀,36.0,16.26133925858886,20.366004489208912,1605.2387485002255,25.241864555848736,WBD@2025-11-18 05:00:00+00:00,①손절15+모멘텀0,C,C
DXCM,2025-12-10 05:00:00+00:00,2026-01-12 05:00:00+00:00,2025-12-09 05:00:00+00:00,2026-01-09 05:00:00+00:00,97.5997306753379,66.485,66.74,모멘텀,21.0,16.2222952348746,16.284515063180127,-7.618878975843472,0.3835451605625151,DXCM@2025-12-10 05:00:00+00:00,①손절15+모멘텀0,C,B+C
MAR,2026-01-12 05:00:00+00:00,2026-01-28 05:00:00+00:00,2026-01-09 05:00:00+00:00,2026-01-27 05:00:00+00:00,20.665544161317897,325.15,315.08,모멘텀,11.0,16.798504210131284,16.278249135870105,-241.1787830504718,-3.0970321390127564,MAR@2026-01-12 05:00:00+00:00,①손절15+모멘텀0,C,B+C
MCHP,2025-12-10 05:00:00+00:00,2026-02-10 05:00:00+00:00,2025-12-09 05:00:00+00:00,2026-02-09 05:00:00+00:00,46.77274602359248,66.79,74.56,모멘텀,41.0,7.8098792672893556,8.71843985879764,346.8959174772267,11.633478065578661,MCHP@2025-12-10 05:00:00+00:00,①손절15+모멘텀0,C,C
MRNA,2025-12-26 05:00:00+00:00,2026-02-13 05:00:00+00:00,2025-12-24 05:00:00+00:00,2026-02-12 05:00:00+00:00,7.274237425067293,32.5,41.85,모멘텀,33.0,0.5910317907867175,0.7610670905976656,66.6620210429949,28.76923076923077,MRNA@2025-12-26 05:00:00+00:00,①손절15+모멘텀0,C,B+C
MU,2026-01-02 05:00:00+00:00,2026-02-27 05:00:00+00:00,2025-12-31 05:00:00+00:00,2026-02-26 05:00:00+00:00,5.342518698549754,295.125,401.81,모멘텀,38.0,3.941777077273741,5.366693595660691,560.6581366818459,36.14908936891148,MU@2026-01-02 05:00:00+00:00,①손절15+모멘텀0,C,B+C
LRCX,2026-01-12 05:00:00+00:00,2026-02-27 05:00:00+00:00,2026-01-09 05:00:00+00:00,2026-02-26 05:00:00+00:00,31.018067295061535,216.12,233.46,모멘텀,32.0,16.75906175952175,18.103694976762664,502.9905301600829,8.02332037756801,LRCX@2026-01-12 05:00:00+00:00,①손절15+모멘텀0,C,B+C
ASML,2026-01-28 05:00:00+00:00,2026-03-02 05:00:00+00:00,2026-01-27 05:00:00+00:00,2026-02-27 05:00:00+00:00,4.662687181482533,1493.0,1417.75,모멘텀,22.0,17.403479904883554,16.52631187886715,-384.7970021903111,-5.040187541862018,ASML@2026-01-28 05:00:00+00:00,①손절15+모멘텀0,C,B+C
GILD,2026-02-10 05:00:00+00:00,2026-03-06 05:00:00+00:00,2026-02-09 05:00:00+00:00,2026-03-05 05:00:00+00:00,26.883667270088857,151.47,143.56,모멘텀,17.0,10.180172703500899,9.648548183234892,-232.4785289931383,-5.222156202548356,GILD@2026-02-10 05:00:00+00:00,①손절15+모멘텀0,C,B+C
ODFL,2026-03-02 05:00:00+00:00,2026-03-09 04:00:00+00:00,2026-02-27 05:00:00+00:00,2026-03-06 05:00:00+00:00,32.39359944020564,202.67,190.77,모멘텀,5.0,16.41302699636619,15.449317413020076,-417.34617774783237,-5.871613953717858,ODFL@2026-03-02 05:00:00+00:00,①손절15+모멘텀0,C,B+C
CHTR,2026-02-27 05:00:00+00:00,2026-03-10 04:00:00+00:00,2026-02-26 05:00:00+00:00,2026-03-09 04:00:00+00:00,29.64892470791705,228.325,222.23,모멘텀,7.0,16.9239768348379,16.472201344601014,-214.1063742741935,-2.6694404905288516,CHTR@2026-02-27 05:00:00+00:00,①손절15+모멘텀0,C,B+C
BKR,2026-02-13 05:00:00+00:00,2026-03-11 04:00:00+00:00,2026-02-12 05:00:00+00:00,2026-03-10 04:00:00+00:00,4.762456951956515,61.15,59.04,모멘텀,17.0,0.7280606065303522,0.7029386461087817,-11.479783421267314,-3.4505314799672893,BKR@2026-02-13 05:00:00+00:00,①손절15+모멘텀0,C,B+C
CCEP,2026-02-27 05:00:00+00:00,2026-03-18 04:00:00+00:00,2026-02-26 05:00:00+00:00,2026-03-17 04:00:00+00:00,23.579466555575472,108.94,100.01,모멘텀,13.0,6.421867716410979,5.895456125557757,-222.88196018325743,-8.1971727556453,CCEP@2026-02-27 05:00:00+00:00,①손절15+모멘텀0,C,B+C
CEG,2026-03-06 05:00:00+00:00,2026-03-23 04:00:00+00:00,2026-03-05 05:00:00+00:00,2026-03-20 04:00:00+00:00,11.82755342414317,327.05,290.53,모멘텀,11.0,9.67050336841506,8.590647740790788,-450.20340215891474,-11.1664883045406,CEG@2026-03-06 05:00:00+00:00,①손절15+모멘텀0,C,B+C
AXON,2026-03-09 04:00:00+00:00,2026-03-25 04:00:00+00:00,2026-03-06 05:00:00+00:00,2026-03-24 04:00:00+00:00,11.002431189877266,565.51,463.28,손절,12.0,15.554962155468731,12.74301580411585,-1153.0765185007367,-18.07748757758484,AXON@2026-03-09 04:00:00+00:00,①손절15+모멘텀0,C,B+C
APP,2026-03-18 04:00:00+00:00,2026-03-27 04:00:00+00:00,2026-03-17 04:00:00+00:00,2026-03-26 04:00:00+00:00,5.294553130794744,453.61,392.6,모멘텀,7.0,6.004155614149511,5.196603897875042,-334.22144602181197,-13.449879852736935,APP@2026-03-18 04:00:00+00:00,①손절15+모멘텀0,C,B+C
MRNA,2026-03-10 04:00:00+00:00,2026-03-30 04:00:00+00:00,2026-03-09 04:00:00+00:00,2026-03-27 04:00:00+00:00,115.96740296200116,55.215,49.675,모멘텀,14.0,16.007850386367235,14.401701855343518,-672.8689646511975,-10.03350538802863,MRNA@2026-03-10 04:00:00+00:00,①손절15+모멘텀0,C,B+C
NFLX,2026-03-11 04:00:00+00:00,2026-03-30 04:00:00+00:00,2026-03-10 04:00:00+00:00,2026-03-27 04:00:00+00:00,5.215100139915888,97.41,92.75,모멘텀,13.0,1.2700072615730167,1.2092513449429967,-26.781625258524002,-4.783903090031815,NFLX@2026-03-11 04:00:00+00:00,①손절15+모멘텀0,C,B+C
PLTR,2026-03-25 04:00:00+00:00,2026-03-31 04:00:00+00:00,2026-03-24 04:00:00+00:00,2026-03-30 04:00:00+00:00,32.603595369302404,157.42,140.02,모멘텀,4.0,12.831144957588961,11.412888559024307,-591.5465929424745,-11.05323338838774,PLTR@2026-03-25 04:00:00+00:00,①손절15+모멘텀0,C,C
INTU,2026-03-23 04:00:00+00:00,2026-04-01 04:00:00+00:00,2026-03-20 04:00:00+00:00,2026-03-31 04:00:00+00:00,7.651033220711427,456.0,431.255,모멘텀,7.0,8.722177871611027,8.248865828994767,-206.2958607471096,-5.426535087719298,INTU@2026-03-23 04:00:00+00:00,①손절15+모멘텀0,C,B+C
DDOG,2026-03-31 04:00:00+00:00,2026-04-06 04:00:00+00:00,2026-03-30 04:00:00+00:00,2026-04-02 04:00:00+00:00,39.24001801140373,116.895,117.25,모멘텀,3.0,11.467404763607597,11.502230279592718,-9.039428649150977,0.30369134693528643,DDOG@2026-03-31 04:00:00+00:00,①손절15+모멘텀0,C,C
ROST,2026-03-30 04:00:00+00:00,2026-05-08 04:00:00+00:00,2026-03-27 04:00:00+00:00,2026-05-07 04:00:00+00:00,4.3372969081801,211.69,225.66,모멘텀,28.0,2.2954059562316136,2.4468860507498036,55.84974580029473,6.59927252113941,ROST@2026-03-30 04:00:00+00:00,①손절15+모멘텀0,C,C
INTC,2026-04-06 04:00:00+00:00,2026-06-05 04:00:00+00:00,2026-04-02 04:00:00+00:00,2026-06-04 04:00:00+00:00,89.57033284172589,50.88,106.48,모멘텀,43.0,11.393346337467532,23.84362260246743,4944.873537060024,109.2767295597484,INTC@2026-04-06 04:00:00+00:00,①손절15+모멘텀0,C,B+C
DDOG,2026-06-05 04:00:00+00:00,2026-06-24 04:00:00+00:00,2026-06-04 04:00:00+00:00,2026-06-23 04:00:00+00:00,34.31028015415624,237.4,218.2,모멘텀,12.0,20.36315127149173,18.716257824092228,-697.8367880553842,-8.087615838247686,DDOG@2026-06-05 04:00:00+00:00,①손절15+모멘텀0,C,C
ARM,2026-03-30 04:00:00+00:00,2026-06-29 04:00:00+00:00,2026-03-27 04:00:00+00:00,2026-06-26 04:00:00+00:00,37.327760972045496,144.1,336.25,모멘텀,62.0,13.447325890179389,31.378649067125743,7127.7032958212385,133.34489937543373,ARM@2026-03-30 04:00:00+00:00,①손절15+모멘텀0,C,B+C
MRVL,2026-03-27 04:00:00+00:00,2026-07-02 04:00:00+00:00,2026-03-26 04:00:00+00:00,2026-07-01 04:00:00+00:00,21.23802378599946,98.78,269.5,모멘텀,66.0,5.244729973952567,14.309118525817137,3606.2015722460583,172.82850779510022,MRVL@2026-03-27 04:00:00+00:00,①손절15+모멘텀0,C,B+C
MU,2026-06-24 04:00:00+00:00,2026-07-02 04:00:00+00:00,2026-06-23 04:00:00+00:00,2026-07-01 04:00:00+00:00,6.745311367227207,1082.22,1041.5,모멘텀,6.0,18.249777169601572,17.56310447241784,-310.48196051551076,-3.7626360629077316,MU@2026-06-24 04:00:00+00:00,①손절15+모멘텀0,C,B+C
AMD,2026-04-01 04:00:00+00:00,2026-07-06 04:00:00+00:00,2026-03-31 04:00:00+00:00,2026-07-02 04:00:00+00:00,15.407247147602012,207.585,535.35,모멘텀,64.0,7.995783497837409,20.620674401171847,5021.339903434767,157.89435652865095,AMD@2026-04-01 04:00:00+00:00,①손절15+모멘텀0,C,B+C
AMAT,2026-07-02 04:00:00+00:00,2026-07-08 04:00:00+00:00,2026-07-01 04:00:00+00:00,2026-07-07 04:00:00+00:00,17.663635322564854,656.69,547.1,손절,3.0,28.99883169993779,24.15943721243808,-1988.9160639122583,-16.688239504180057,AMAT@2026-07-02 04:00:00+00:00,①손절15+모멘텀0,C,B+C
KLAC,2026-07-02 04:00:00+00:00,2026-07-08 04:00:00+00:00,2026-07-01 04:00:00+00:00,2026-07-07 04:00:00+00:00,8.258788045121735,266.0,215.78,손절,3.0,5.492094050005953,4.45520321094092,-424.70363288696035,-18.879699248120296,KLAC@2026-07-02 04:00:00+00:00,①손절15+모멘텀0,C,B+C
AXON,2026-07-08 04:00:00+00:00,2026-07-20 04:00:00+00:00,2026-07-07 04:00:00+00:00,2026-07-17 04:00:00+00:00,17.853472827843348,630.0,501.64,손절,8.0,28.119219703853275,22.39004027339834,-2342.181032159224,-20.37460317460318,AXON@2026-07-08 04:00:00+00:00,①손절15+모멘텀0,C,C
MRNA,2026-06-29 04:00:00+00:00,2026-07-21 04:00:00+00:00,2026-06-26 04:00:00+00:00,2026-07-20 04:00:00+00:00,168.42701631739132,67.945,59.51,모멘텀,15.0,28.60943405921288,25.057729352619894,-1474.3490460490248,-12.414452866288904,MRNA@2026-06-29 04:00:00+00:00,①손절15+모멘텀0,C,B+C
TTWO,2026-07-08 04:00:00+00:00,2026-07-21 04:00:00+00:00,2026-07-07 04:00:00+00:00,2026-07-20 04:00:00+00:00,0.8963654075415732,256.94,237.83,모멘텀,9.0,0.5757803195343295,0.5329564621890309,-18.23827971984278,-7.437534054643102,TTWO@2026-07-08 04:00:00+00:00,①손절15+모멘텀0,C,C
DASH,2026-07-06 04:00:00+00:00,2026-07-24 04:00:00+00:00,2026-07-02 04:00:00+00:00,2026-07-23 04:00:00+00:00,42.75664267196343,191.93,171.0,모멘텀,14.0,20.515706070074852,18.278464742264365,-933.6907019365344,-10.905017454280209,DASH@2026-07-06 04:00:00+00:00,①손절15+모멘텀0,C,B+C
PANW,2026-06-08 04:00:00+00:00,2026-07-29 04:00:00+00:00,2026-06-05 04:00:00+00:00,2026-07-28 04:00:00+00:00,1.4867976749184986,269.63,319.38,모멘텀,35.0,1.002213142720687,1.1871336035386753,71.77883758093594,18.451210918666327,PANW@2026-06-08 04:00:00+00:00,①손절15+모멘텀0,C,C
AXON,2026-07-21 04:00:00+00:00,2026-07-30 04:00:00+00:00,2026-07-20 04:00:00+00:00,2026-07-29 04:00:00+00:00,1.3661409131370423,528.2,517.02,모멘텀,7.0,1.8039890757974646,1.765805437275284,-18.843249921944903,-2.116622491480513,AXON@2026-07-21 04:00:00+00:00,①손절15+모멘텀0,C,C
CTAS,2026-07-24 04:00:00+00:00,2026-08-14 04:00:00+00:00,2026-07-23 04:00:00+00:00,2026-08-13 04:00:00+00:00,37.11188451906226,202.28,200.49,모멘텀,15.0,18.767480001289783,18.601404318066983,-103.79915760847689,-0.884912003163929,CTAS@2026-07-24 04:00:00+00:00,①손절15+모멘텀0,C,B+C
PYPL,2026-07-20 04:00:00+00:00,2026-08-31 04:00:00+00:00,2026-07-17 04:00:00+00:00,2026-08-28 04:00:00+00:00,168.13459676262545,56.49,53.39,모멘텀,30.0,23.744808427801782,22.441765302891433,-567.4038236948327,-5.487696937511066,PYPL@2026-07-20 04:00:00+00:00,①손절15+모멘텀0,C,C
WDAY,2026-07-21 04:00:00+00:00,,2026-07-20 04:00:00+00:00,,67.92046996510473,139.01,,미청산(표본종료),,23.60406132462302,0.0,,,WDAY@2026-07-21 04:00:00+00:00,①손절15+모멘텀0,C,C
CTSH,2026-07-29 04:00:00+00:00,,2026-07-28 04:00:00+00:00,,3.184724519947512,52.31,,미청산(표본종료),,0.41648234909613585,0.0,,,CTSH@2026-07-29 04:00:00+00:00,①손절15+모멘텀0,C,B+C
TEAM,2026-07-30 04:00:00+00:00,,2026-07-29 04:00:00+00:00,,6.5802650147154855,97.735,,미청산(표본종료),,1.607805503033045,0.0,,,TEAM@2026-07-30 04:00:00+00:00,①손절15+모멘텀0,C,C
SMCI,2026-08-14 04:00:00+00:00,,2026-08-13 04:00:00+00:00,,181.84355055428773,39.16,,미청산(표본종료),,17.802483599264768,0.0,,,SMCI@2026-08-14 04:00:00+00:00,①손절15+모멘텀0,C,C
MRNA,2026-08-31 04:00:00+00:00,,2026-08-28 04:00:00+00:00,,67.77484155771506,134.1,,미청산(표본종료),,22.721515632223973,0.0,,,MRNA@2026-08-31 04:00:00+00:00,①손절15+모멘텀0,C,B+C
SMCI,2023-10-10 04:00:00+00:00,2023-10-25 04:00:00+00:00,2023-10-10 04:00:00+00:00,2023-10-25 04:00:00+00:00,97.67143734278673,31.031,25.399,모멘텀,11.0,7.577105930460037,6.201892092673601,-563.8645331377079,-18.149592343140718,SMCI@2023-10-10 04:00:00+00:00,④손절25+모멘텀0+회전가드,A,A
PLTR,2023-10-10 04:00:00+00:00,2023-10-26 04:00:00+00:00,2023-10-10 04:00:00+00:00,2023-10-26 04:00:00+00:00,165.29080331607756,17.8,15.29,모멘텀,12.0,7.355440747565451,6.318240956757064,-428.55359802767725,-14.101123595505626,PLTR@2023-10-10 04:00:00+00:00,④손절25+모멘텀0+회전가드,A,A
AMGN,2023-10-13 04:00:00+00:00,2023-10-26 04:00:00+00:00,2023-10-13 04:00:00+00:00,2023-10-26 04:00:00+00:00,0.06355912292413482,284.1,269.71,모멘텀,9.0,0.04514286705686676,0.04285632760967101,-1.002614973544837,-5.065117916226692,AMGN@2023-10-13 04:00:00+00:00,④손절25+모멘텀0+회전가드,A,A
PDD,2023-10-26 04:00:00+00:00,2023-11-07 05:00:00+00:00,2023-10-26 04:00:00+00:00,2023-11-07 05:00:00+00:00,23.746346577851867,107.58,109.37,모멘텀,8.0,6.386579912113259,6.492844813049147,29.6265356491931,1.6638780442461476,PDD@2023-10-26 04:00:00+00:00,④손절25+모멘텀0+회전가드,A,A
EA,2023-09-11 04:00:00+00:00,2023-11-09 05:00:00+00:00,2023-09-11 04:00:00+00:00,2023-11-09 05:00:00+00:00,24.42274302817184,122.53,131.3,모멘텀,43.0,7.481296758104739,8.016765398997407,198.68939419996514,7.157430833265321,EA@2023-09-11 04:00:00+00:00,④손절25+모멘텀0+회전가드,A,A
FAST,2023-10-27 04:00:00+00:00,2023-11-09 05:00:00+00:00,2023-10-27 04:00:00+00:00,2023-11-09 05:00:00+00:00,0.1857838984271634,28.805,29.565,모멘텀,9.0,0.013378762985486103,0.013731752392497715,0.11408524742666071,2.638430827981253,FAST@2023-10-27 04:00:00+00:00,④손절25+모멘텀0+회전가드,A,A
MNST,2023-11-09 05:00:00+00:00,2023-12-04 05:00:00+00:00,2023-11-09 05:00:00+00:00,2023-12-04 05:00:00+00:00,11.421553005395342,27.54,27.585,모멘텀,16.0,0.7863739244214694,0.7876588491345763,-1.0600628883132686,0.16339869281045694,MNST@2023-11-09 05:00:00+00:00,④손절25+모멘텀0+회전가드,A,A
DDOG,2023-12-04 05:00:00+00:00,2024-01-02 05:00:00+00:00,2023-12-04 05:00:00+00:00,2024-01-02 05:00:00+00:00,1.540805682676625,118.18,115.08,모멘텀,19.0,0.4552310389468089,0.443289794906065,-5.675018450150418,-2.6231172787273715,DDOG@2023-12-04 05:00:00+00:00,④손절25+모멘텀0+회전가드,A,A
MSTR,2023-10-25 04:00:00+00:00,2024-01-09 05:00:00+00:00,2023-10-25 04:00:00+00:00,2024-01-09 05:00:00+00:00,58.68333245108168,43.322,57.729,모멘텀,51.0,6.355698321114402,8.469325247671236,830.6257470539485,33.25562070079866,MSTR@2023-10-25 04:00:00+00:00,④손절25+모멘텀0+회전가드,A,A
NFLX,2023-11-07 05:00:00+00:00,2024-01-18 05:00:00+00:00,2023-11-07 05:00:00+00:00,2024-01-18 05:00:00+00:00,58.1159311101683,43.461,48.531,모멘텀,48.0,6.314441204947561,7.051060631768944,281.28226889183725,11.665631255608488,NFLX@2023-11-07 05:00:00+00:00,④손절25+모멘텀0+회전가드,A,A
SMCI,2024-01-09 05:00:00+00:00,2024-01-18 05:00:00+00:00,2024-01-09 05:00:00+00:00,2024-01-18 05:00:00+00:00,99.10600119491997,34.373,31.144,모멘텀,6.0,8.51642644768246,7.716393253036468,-336.2460975591148,-9.394001105518868,SMCI@2024-01-09 05:00:00+00:00,④손절25+모멘텀0+회전가드,A,A
DXCM,2023-11-09 05:00:00+00:00,2024-01-26 05:00:00+00:00,2023-11-09 05:00:00+00:00,2024-01-26 05:00:00+00:00,31.034949406904683,92.4,121.96,모멘텀,52.0,7.169073312994982,9.462556074165237,900.7614750809421,31.99134199134197,DXCM@2023-11-09 05:00:00+00:00,④손절25+모멘텀0+회전가드,A,A
MRNA,2024-01-02 05:00:00+00:00,2024-01-31 05:00:00+00:00,2024-01-02 05:00:00+00:00,2024-01-31 05:00:00+00:00,0.7298848139142737,112.5,101.05,모멘텀,20.0,0.2052801039133895,0.18438715111509338,-8.74684837434691,-10.177777777777786,MRNA@2024-01-02 05:00:00+00:00,④손절25+모멘텀0+회전가드,A,A
MRVL,2024-01-18 05:00:00+00:00,2024-02-15 05:00:00+00:00,2024-01-18 05:00:00+00:00,2024-02-15 05:00:00+00:00,38.16731045282085,68.21,67.44,모멘텀,20.0,6.508480614967275,6.435008542345595,-42.33231820598439,-1.128866735082823,MRVL@2024-01-18 05:00:00+00:00,④손절25+모멘텀0+회전가드,A,A
AMD,2024-01-18 05:00:00+00:00,2024-02-16 05:00:00+00:00,2024-01-18 05:00:00+00:00,2024-02-16 05:00:00+00:00,20.379134583696427,162.67,173.87,모멘텀,21.0,8.287684556824743,8.858300325168244,211.10032245540788,6.8851048134259685,AMD@2024-01-18 05:00:00+00:00,④손절25+모멘텀0+회전가드,A,A
CRWD,2023-10-12 04:00:00+00:00,2024-02-21 05:00:00+00:00,2023-10-12 04:00:00+00:00,2024-02-21 05:00:00+00:00,0.14039865780455113,46.89,73.09,모멘텀,89.0,0.016458232661138505,0.025654344747336605,3.636332257070766,55.87545318831309,CRWD@2023-10-12 04:00:00+00:00,④손절25+모멘텀0+회전가드,A,A
ARM,2024-02-15 05:00:00+00:00,2024-03-12 04:00:00+00:00,2024-02-15 05:00:00+00:00,2024-03-12 04:00:00+00:00,16.473139200116293,133.68,129.5,모멘텀,17.0,5.505323120678866,5.333178816037651,-79.69622379320253,-3.126870137642135,ARM@2024-02-15 05:00:00+00:00,④손절25+모멘텀0+회전가드,A,A
PLTR,2024-02-16 05:00:00+00:00,2024-03-12 04:00:00+00:00,2024-02-16 05:00:00+00:00,2024-03-12 04:00:00+00:00,150.69438556870938,24.44,24.7,모멘텀,16.0,9.207426958248144,9.305378308867803,20.667734980748264,1.0638297872340274,PLTR@2024-02-16 05:00:00+00:00,④손절25+모멘텀0+회전가드,A,A
SMCI,2024-01-26 05:00:00+00:00,2024-03-21 04:00:00+00:00,2024-01-26 05:00:00+00:00,2024-03-21 04:00:00+00:00,70.53623794921658,47.415,97.161,모멘텀,38.0,8.36118930590526,17.133428538459583,3483.4010751773644,104.91616577032583,SMCI@2024-01-26 05:00:00+00:00,④손절25+모멘텀0+회전가드,A,A
NVDA,2024-01-31 05:00:00+00:00,2024-04-04 04:00:00+00:00,2024-01-31 05:00:00+00:00,2024-04-04 04:00:00+00:00,7.590733013310279,61.527,85.905,모멘텀,44.0,1.167587575274854,1.6302047987710488,182.24909702443216,39.62162952849968,NVDA@2024-01-31 05:00:00+00:00,④손절25+모멘텀0+회전가드,A,A
MSTR,2024-02-21 05:00:00+00:00,2024-04-09 04:00:00+00:00,2024-02-21 05:00:00+00:00,2024-04-09 04:00:00+00:00,1.4491015784223504,67.28,144.102,모멘텀,33.0,0.24373888549063935,0.5220460891345439,110.55709648293664,114.18252080856126,MSTR@2024-02-21 05:00:00+00:00,④손절25+모멘텀0+회전가드,A,A+C
APP,2024-03-12 04:00:00+00:00,2024-04-18 04:00:00+00:00,2024-03-12 04:00:00+00:00,2024-04-18 04:00:00+00:00,9.839003550915814,61.11,68.86,모멘텀,26.0,1.5031537674911635,1.6937844612901574,73.05533929081639,12.68204876452299,APP@2024-03-12 04:00:00+00:00,④손절25+모멘텀0+회전가드,A,A
MU,2024-03-21 04:00:00+00:00,2024-04-19 04:00:00+00:00,2024-03-21 04:00:00+00:00,2024-04-19 04:00:00+00:00,41.16599002544231,109.85,106.77,모멘텀,20.0,11.305210010737094,10.98823188754119,-149.08469117663935,-2.803823395539373,MU@2024-03-21 04:00:00+00:00,④손절25+모멘텀0+회전가드,A,A
CEG,2024-03-12 04:00:00+00:00,2024-04-30 04:00:00+00:00,2024-03-12 04:00:00+00:00,2024-04-30 04:00:00+00:00,28.832993020653923,168.37,185.94,모멘텀,34.0,12.136527587218753,13.403016805650976,481.05614298002,10.435350715685686,CEG@2024-03-12 04:00:00+00:00,④손절25+모멘텀0+회전가드,A,A
KHC,2024-04-18 04:00:00+00:00,2024-05-01 04:00:00+00:00,2024-04-18 04:00:00+00:00,2024-05-01 04:00:00+00:00,19.924528955415678,37.11,36.28,모멘텀,9.0,1.8484981738386896,1.807154776256202,-20.193011983089832,-2.2365939099972976,KHC@2024-04-18 04:00:00+00:00,④손절25+모멘텀0+회전가드,A,A
KDP,2024-04-19 04:00:00+00:00,2024-05-29 04:00:00+00:00,2024-04-19 04:00:00+00:00,2024-05-29 04:00:00+00:00,139.89364278524118,31.5,33.66,모멘텀,27.0,11.016624369337745,11.772050040378044,279.38159400640507,6.8571428571428505,KDP@2024-04-19 04:00:00+00:00,④손절25+모멘텀0+회전가드,A,A
MSTR,2024-05-29 04:00:00+00:00,2024-06-13 04:00:00+00:00,2024-05-29 04:00:00+00:00,2024-06-13 04:00:00+00:00,28.52980337211804,161.87,148.388,모멘텀,11.0,11.54529817961187,10.58370115695463,-406.7678083994615,-8.328905912151729,MSTR@2024-05-29 04:00:00+00:00,④손절25+모멘텀0+회전가드,A,A
GOOG,2024-04-04 04:00:00+00:00,2024-06-18 04:00:00+00:00,2024-04-04 04:00:00+00:00,2024-06-18 04:00:00+00:00,19.584416409256217,151.94,176.45,모멘텀,52.0,7.439140573055974,8.639175688533149,463.935729929281,16.131367645123063,GOOG@2024-04-04 04:00:00+00:00,④손절25+모멘텀0+회전가드,A,A
GOOGL,2024-04-09 04:00:00+00:00,2024-06-18 04:00:00+00:00,2024-04-09 04:00:00+00:00,2024-06-18 04:00:00+00:00,1.1938237860540084,156.6,175.09,모멘텀,49.0,0.46738201224014425,0.5225665167504908,21.083853275148016,11.807151979565788,GOOGL@2024-04-09 04:00:00+00:00,④손절25+모멘텀0+회전가드,A,A
MRNA,2024-05-01 04:00:00+00:00,2024-06-18 04:00:00+00:00,2024-05-01 04:00:00+00:00,2024-06-18 04:00:00+00:00,11.4782348720269,111.46,133.27,모멘텀,33.0,3.1984101470902955,3.8242609034875628,243.317631508329,19.567557868293584,MRNA@2024-05-01 04:00:00+00:00,④손절25+모멘텀0+회전가드,A,A
AZN,2024-04-30 04:00:00+00:00,2024-06-20 04:00:00+00:00,2024-04-30 04:00:00+00:00,2024-06-20 04:00:00+00:00,30.824817861315633,153.034784,158.439808,모멘텀,35.0,11.79317335811445,12.20969555895455,142.60601141897132,3.5318924617817604,AZN@2024-04-30 04:00:00+00:00,④손절25+모멘텀0+회전가드,A,A
NVDA,2024-06-18 04:00:00+00:00,2024-07-15 04:00:00+00:00,2024-06-18 04:00:00+00:00,2024-07-15 04:00:00+00:00,36.06078129564287,135.58,128.44,모멘텀,17.0,12.222801820158152,11.579116874030925,-281.2758971450794,-5.266263460687426,NVDA@2024-06-18 04:00:00+00:00,④손절25+모멘텀0+회전가드,A,A
AVGO,2024-06-18 04:00:00+00:00,2024-07-16 04:00:00+00:00,2024-06-18 04:00:00+00:00,2024-07-16 04:00:00+00:00,1.4485642431932104,180.252,169.375,모멘텀,18.0,0.6527665049101564,0.613376421727125,-17.02217619984978,-6.034329716175135,AVGO@2024-06-18 04:00:00+00:00,④손절25+모멘텀0+회전가드,A,A
ASML,2024-06-20 04:00:00+00:00,2024-07-17 04:00:00+00:00,2024-06-20 04:00:00+00:00,2024-07-17 04:00:00+00:00,0.18344856599825524,1050.74,932.055,모멘텀,18.0,0.48189186559251673,0.4274603829537595,-22.68194530404915,-11.295372784894465,ASML@2024-06-20 04:00:00+00:00,④손절25+모멘텀0+회전가드,A,A
ARM,2024-06-13 04:00:00+00:00,2024-07-18 04:00:00+00:00,2024-06-13 04:00:00+00:00,2024-07-18 04:00:00+00:00,26.80167229581829,158.05,158.33,모멘텀,23.0,10.590010765885202,10.608771936492277,-13.694314459547968,0.1771591268585837,ARM@2024-06-13 04:00:00+00:00,④손절25+모멘텀0+회전가드,A,A
TSLA,2024-07-15 04:00:00+00:00,2024-08-01 04:00:00+00:00,2024-07-15 04:00:00+00:00,2024-08-01 04:00:00+00:00,17.875641062237648,252.64,216.86,모멘텀,13.0,11.2902548949093,9.69127880189214,-660.5719709036634,-14.16244458518049,TSLA@2024-07-15 04:00:00+00:00,④손절25+모멘텀0+회전가드,A,A
PLTR,2024-06-20 04:00:00+00:00,2024-08-02 04:00:00+00:00,2024-06-20 04:00:00+00:00,2024-08-02 04:00:00+00:00,184.75435140644703,25.56,24.74,모멘텀,30.0,11.805803054871966,11.427056634488748,-174.73142784264746,-3.2081377151799706,PLTR@2024-06-20 04:00:00+00:00,④손절25+모멘텀0+회전가드,A,A
MSTR,2024-08-01 04:00:00+00:00,2024-08-07 04:00:00+00:00,2024-08-01 04:00:00+00:00,2024-08-07 04:00:00+00:00,26.08433135417693,151.181,124.685,모멘텀,4.0,9.858638246139558,8.130812137238875,-709.1198939436504,-17.526011866570535,MSTR@2024-08-01 04:00:00+00:00,④손절25+모멘텀0+회전가드,A,A
WBD,2024-07-17 04:00:00+00:00,2024-08-08 04:00:00+00:00,2024-07-17 04:00:00+00:00,2024-08-08 04:00:00+00:00,28.944572057642866,8.32,7.02,모멘텀,16.0,0.6020470987989716,0.5079772396116323,-38.73796801334629,-15.62500000000001,WBD@2024-07-17 04:00:00+00:00,④손절25+모멘텀0+회전가드,A,A
GILD,2024-07-18 04:00:00+00:00,2024-08-22 04:00:00+00:00,2024-07-18 04:00:00+00:00,2024-08-22 04:00:00+00:00,57.454413382856025,73.51,75.9,모멘텀,25.0,10.558684819434365,10.901974939396933,115.85538822619583,3.2512583321997024,GILD@2024-07-18 04:00:00+00:00,④손절25+모멘텀0+회전가드,A,A
CHTR,2024-07-16 04:00:00+00:00,2024-08-23 04:00:00+00:00,2024-07-16 04:00:00+00:00,2024-08-23 04:00:00+00:00,0.7184088388805806,327.42,348.73,모멘텀,28.0,0.5880535550656993,0.6263267859570623,14.094912015522425,6.508460081852063,CHTR@2024-07-16 04:00:00+00:00,④손절25+모멘텀0+회전가드,A,A
AEP,2024-08-02 04:00:00+00:00,2024-08-29 04:00:00+00:00,2024-08-02 04:00:00+00:00,2024-08-29 04:00:00+00:00,43.435717987612776,101.79,99.75,모멘텀,19.0,11.053304334897762,10.831782173160937,-110.4939512027886,-2.004126142057183,AEP@2024-08-02 04:00:00+00:00,④손절25+모멘텀0+회전가드,A,A
AXON,2024-08-07 04:00:00+00:00,2024-09-06 04:00:00+00:00,2024-08-07 04:00:00+00:00,2024-09-06 04:00:00+00:00,9.987270885935066,349.24,354.62,모멘텀,21.0,8.719886210509907,8.854215003925733,36.15741615189518,1.5404879166189378,AXON@2024-08-07 04:00:00+00:00,④손절25+모멘텀0+회전가드,A,A
DASH,2024-08-08 04:00:00+00:00,2024-09-06 04:00:00+00:00,2024-08-08 04:00:00+00:00,2024-09-06 04:00:00+00:00,1.464752275008329,124.76,123.56,모멘텀,20.0,0.45685623457509783,0.45246197775007285,-2.6670209423351707,-0.9618467457518487,DASH@2024-08-08 04:00:00+00:00,④손절25+모멘텀0+회전가드,A,A
SHOP,2024-08-23 04:00:00+00:00,2024-09-06 04:00:00+00:00,2024-08-23 04:00:00+00:00,2024-09-06 04:00:00+00:00,4.450485386705551,76.14,67.01,모멘텀,9.0,0.8471498933594016,0.7455675644078474,-42.225649038388894,-11.991069083267657,SHOP@2024-08-23 04:00:00+00:00,④손절25+모멘텀0+회전가드,A,A
FTNT,2024-08-22 04:00:00+00:00,2024-09-18 04:00:00+00:00,2024-08-22 04:00:00+00:00,2024-09-18 04:00:00+00:00,57.00002067546179,74.49,74.68,모멘텀,18.0,10.614828850287873,10.641903860108716,-10.42672878205849,0.25506779433481785,FTNT@2024-08-22 04:00:00+00:00,④손절25+모멘텀0+회전가드,A,A
WDAY,2024-09-06 04:00:00+00:00,2024-09-23 04:00:00+00:00,2024-09-06 04:00:00+00:00,2024-09-23 04:00:00+00:00,16.06535613915518,254.6,245.03,모멘텀,11.0,10.225599182572273,9.841235536942985,-173.81229297123036,-3.758837391987424,WDAY@2024-09-06 04:00:00+00:00,④손절25+모멘텀0+회전가드,A,A
SBUX,2024-08-29 04:00:00+00:00,2024-09-24 04:00:00+00:00,2024-08-29 04:00:00+00:00,2024-09-24 04:00:00+00:00,44.83927438126113,94.86,94.45,모멘텀,17.0,10.633633919516075,10.587673663275284,-39.60541007910797,-0.43221589711153197,SBUX@2024-08-29 04:00:00+00:00,④손절25+모멘텀0+회전가드,A,A
TSLA,2024-09-24 04:00:00+00:00,2024-10-11 04:00:00+00:00,2024-09-24 04:00:00+00:00,2024-10-11 04:00:00+00:00,16.36910192885337,254.27,217.8,모멘텀,13.0,10.405428868623867,8.912976000260661,-616.2995522141669,-14.343021197939198,TSLA@2024-09-24 04:00:00+00:00,④손절25+모멘텀0+회전가드,A,A
PDD,2024-09-24 04:00:00+00:00,2024-10-24 04:00:00+00:00,2024-09-24 04:00:00+00:00,2024-10-24 04:00:00+00:00,0.4845538046857826,113.8,121.38,모멘텀,22.0,0.13785555743310515,0.1470378520319007,3.3880244300532283,6.660808435852372,PDD@2024-09-24 04:00:00+00:00,④손절25+모멘텀0+회전가드,A,A
CEG,2024-09-23 04:00:00+00:00,2024-10-29 04:00:00+00:00,2024-09-23 04:00:00+00:00,2024-10-29 04:00:00+00:00,15.230168823700632,257.12,265.0,모멘텀,26.0,9.789952519874767,10.08998684570167,100.1337909651852,3.0647168637212285,CEG@2024-09-23 04:00:00+00:00,④손절25+모멘텀0+회전가드,A,A
SMCI,2024-10-29 04:00:00+00:00,2024-10-30 04:00:00+00:00,2024-10-29 04:00:00+00:00,2024-10-30 04:00:00+00:00,79.76970626771678,49.12,33.07,손절,1.0,9.795719929675622,6.594960465683486,-1296.6944659922128,-32.67508143322475,SMCI@2024-10-29 04:00:00+00:00,④손절25+모멘텀0+회전가드,A,A
APP,2024-09-18 04:00:00+00:00,2024-12-18 05:00:00+00:00,2024-09-18 04:00:00+00:00,2024-12-18 05:00:00+00:00,33.8554580551929,123.16,313.07,모멘텀,64.0,10.424095535193892,26.497820633348102,6392.568123093143,154.19779149074375,APP@2024-09-18 04:00:00+00:00,④손절25+모멘텀0+회전가드,A,공통
MSTR,2024-10-11 04:00:00+00:00,2024-12-18 05:00:00+00:00,2024-10-11 04:00:00+00:00,2024-12-18 05:00:00+00:00,16.583246054168903,212.59,349.64,모멘텀,47.0,8.813580696639418,14.495415375949037,2249.4248756512593,64.46681405522365,MSTR@2024-10-11 04:00:00+00:00,④손절25+모멘텀0+회전가드,A,A
BKNG,2024-10-31 04:00:00+00:00,2024-12-18 05:00:00+00:00,2024-10-31 04:00:00+00:00,2024-12-18 05:00:00+00:00,0.08596588874421435,187.05,197.734,모멘텀,33.0,0.04019979872401324,0.04249594761237121,0.8357638090068065,5.711841753541824,BKNG@2024-10-31 04:00:00+00:00,④손절25+모멘텀0+회전가드,A,A
TEAM,2024-10-30 04:00:00+00:00,2024-12-23 05:00:00+00:00,2024-10-30 04:00:00+00:00,2024-12-23 05:00:00+00:00,14.56861827758054,190.44,251.4,모멘텀,37.0,6.936119161956095,9.15637658745937,872.0104744518944,32.01008191556396,TEAM@2024-10-30 04:00:00+00:00,④손절25+모멘텀0+회전가드,A,A
PLTR,2024-09-18 04:00:00+00:00,2025-01-07 05:00:00+00:00,2024-09-18 04:00:00+00:00,2025-01-07 05:00:00+00:00,1.6302546370827937,36.38,69.99,모멘텀,76.0,0.1482716592426801,0.28525380512356185,54.359332887986454,92.38592633315005,PLTR@2024-09-18 04:00:00+00:00,④손절25+모멘텀0+회전가드,A,A
LULU,2024-12-18 05:00:00+00:00,2025-01-07 05:00:00+00:00,2024-12-18 05:00:00+00:00,2025-01-07 05:00:00+00:00,7.259106531764579,372.07,393.46,모멘텀,12.0,6.752239418184118,7.140420139970228,141.37962915629032,5.748918214314513,LULU@2024-12-18 05:00:00+00:00,④손절25+모멘텀0+회전가드,A,A
TSLA,2024-12-18 05:00:00+00:00,2025-01-10 05:00:00+00:00,2024-12-18 05:00:00+00:00,2025-01-10 05:00:00+00:00,14.63240624449795,440.13,394.74,모멘텀,14.0,16.100402400977206,14.439990102382804,-694.7053119411212,-10.31286210892236,TSLA@2024-12-18 05:00:00+00:00,④손절25+모멘텀0+회전가드,A,A
GOOGL,2025-01-07 05:00:00+00:00,2025-01-13 05:00:00+00:00,2025-01-07 05:00:00+00:00,2025-01-13 05:00:00+00:00,15.383573098613864,195.49,191.01,모멘텀,3.0,7.518336762620061,7.346040743915585,-83.78278498832606,-2.291677323648278,GOOGL@2025-01-07 05:00:00+00:00,④손절25+모멘텀0+회전가드,A,A
MRVL,2024-12-23 05:00:00+00:00,2025-01-15 05:00:00+00:00,2024-12-23 05:00:00+00:00,2025-01-15 05:00:00+00:00,31.84917167672436,113.76,116.0,모멘텀,14.0,9.057904424860409,9.236259786250065,53.04798034475243,1.9690576652601877,MRVL@2024-12-23 05:00:00+00:00,④손절25+모멘텀0+회전가드,A,A
AVGO,2024-12-18 05:00:00+00:00,2025-01-16 05:00:00+00:00,2024-12-18 05:00:00+00:00,2025-01-16 05:00:00+00:00,28.821136942877732,223.62,229.41,모멘텀,18.0,16.112456607915796,16.52964256516395,134.2322837261836,2.5892138449154833,AVGO@2024-12-18 05:00:00+00:00,④손절25+모멘텀0+회전가드,A,A
AMAT,2025-01-16 05:00:00+00:00,2025-02-14 05:00:00+00:00,2025-01-16 05:00:00+00:00,2025-02-14 05:00:00+00:00,0.4666138959477407,186.48,169.2,모멘텀,20.0,0.2175353982908367,0.1973776779858943,-8.47800119825368,-9.26640926640927,AMAT@2025-01-16 05:00:00+00:00,④손절25+모멘텀0+회전가드,A,A
CEG,2025-01-10 05:00:00+00:00,2025-02-19 05:00:00+00:00,2025-01-10 05:00:00+00:00,2025-02-19 05:00:00+00:00,18.91488693288728,305.19,321.665,모멘텀,26.0,14.431585857619673,15.210642763167968,281.9805335985311,5.398276483502085,CEG@2025-01-10 05:00:00+00:00,④손절25+모멘텀0+회전가드,A,A
BKR,2025-01-15 05:00:00+00:00,2025-02-19 05:00:00+00:00,2025-01-15 05:00:00+00:00,2025-02-19 05:00:00+00:00,79.08556777078115,45.72,46.89,모멘텀,23.0,9.039480396200286,9.270805681929822,74.21982821368465,2.5590551181102317,BKR@2025-01-15 05:00:00+00:00,④손절25+모멘텀0+회전가드,A,A
KLAC,2025-01-13 05:00:00+00:00,2025-02-21 05:00:00+00:00,2025-01-13 05:00:00+00:00,2025-02-21 05:00:00+00:00,42.996586832646344,69.099,75.43,모멘텀,27.0,7.427552883872575,8.108081361966285,256.6757569916458,9.162216529906363,KLAC@2025-01-13 05:00:00+00:00,④손절25+모멘텀0+회전가드,A,A
PLTR,2025-02-14 05:00:00+00:00,2025-02-25 05:00:00+00:00,2025-02-14 05:00:00+00:00,2025-02-25 05:00:00+00:00,0.3475161103132776,119.16,87.84,손절,6.0,0.10352504926232539,0.07631453782479578,-11.064044162098966,-26.28398791540785,PLTR@2025-02-14 05:00:00+00:00,④손절25+모멘텀0+회전가드,A,A
APP,2025-02-19 05:00:00+00:00,2025-02-26 05:00:00+00:00,2025-02-19 05:00:00+00:00,2025-02-26 05:00:00+00:00,6.262863028542401,494.17,331.0,손절,5.0,7.737297557036996,5.182519156118836,-1034.8311770804194,-33.01900155816825,APP@2025-02-19 05:00:00+00:00,④손절25+모멘텀0+회전가드,A,A
SMCI,2025-02-19 05:00:00+00:00,2025-02-27 05:00:00+00:00,2025-02-19 05:00:00+00:00,2025-02-27 05:00:00+00:00,109.97755869527087,60.25,42.95,손절,6.0,16.565369778475176,11.808840364904711,-1930.9859755715652,-28.71369294605809,SMCI@2025-02-19 05:00:00+00:00,④손절25+모멘텀0+회전가드,A,A
PDD,2025-02-21 05:00:00+00:00,2025-02-28 05:00:00+00:00,2025-02-21 05:00:00+00:00,2025-02-28 05:00:00+00:00,25.42807128041196,131.34,113.69,모멘텀,5.0,8.349307204923267,7.22729355967509,-464.38205886386913,-13.438404141921733,PDD@2025-02-21 05:00:00+00:00,④손절25+모멘텀0+회전가드,A,A
DXCM,2025-01-16 05:00:00+00:00,2025-03-03 05:00:00+00:00,2025-01-16 05:00:00+00:00,2025-03-03 05:00:00+00:00,75.98487465167393,84.84,85.99,모멘텀,30.0,16.116391913620042,16.334848428243603,54.93136550756208,1.3554926921263366,DXCM@2025-01-16 05:00:00+00:00,④손절25+모멘텀0+회전가드,A,A
SMCI,2025-02-28 05:00:00+00:00,2025-03-11 04:00:00+00:00,2025-02-28 05:00:00+00:00,2025-03-11 04:00:00+00:00,69.24723929450295,41.46,40.84,모멘텀,7.0,7.177476352875231,7.070143131968751,-57.180907847435265,-1.4954172696574952,SMCI@2025-02-28 05:00:00+00:00,④손절25+모멘텀0+회전가드,A,A
TMUS,2025-02-25 05:00:00+00:00,2025-03-12 04:00:00+00:00,2025-02-25 05:00:00+00:00,2025-03-12 04:00:00+00:00,0.7594108703399884,270.54,255.61,모멘텀,11.0,0.5136275421544513,0.4852825314190111,-12.336914367749472,-5.518592444740156,TMUS@2025-02-25 05:00:00+00:00,④손절25+모멘텀0+회전가드,A,A
INTC,2025-02-26 05:00:00+00:00,2025-03-12 04:00:00+00:00,2025-02-26 05:00:00+00:00,2025-03-12 04:00:00+00:00,85.79339387486893,23.52,20.68,모멘텀,10.0,5.0446515598422925,4.435518463330723,-253.1334086278007,-12.074829931972786,INTC@2025-02-26 05:00:00+00:00,④손절25+모멘텀0+회전가드,A,A
MRNA,2025-03-12 04:00:00+00:00,2025-03-18 04:00:00+00:00,2025-03-12 04:00:00+00:00,2025-03-18 04:00:00+00:00,56.659907615542316,35.01,33.81,모멘텀,4.0,4.959158414050341,4.789178691203714,-77.74022624390454,-3.427592116538125,MRNA@2025-03-12 04:00:00+00:00,④손절25+모멘텀0+회전가드,A,A
GILD,2025-02-27 05:00:00+00:00,2025-03-19 04:00:00+00:00,2025-02-27 05:00:00+00:00,2025-03-19 04:00:00+00:00,42.981457302600106,111.99,107.51,모멘텀,14.0,12.033733508295464,11.552341186506345,-216.14300341044873,-4.000357174747737,GILD@2025-02-27 05:00:00+00:00,④손절25+모멘텀0+회전가드,A,A
MDLZ,2025-03-03 05:00:00+00:00,2025-03-21 04:00:00+00:00,2025-03-03 05:00:00+00:00,2025-03-21 04:00:00+00:00,81.9765606860437,65.78,64.51,모멘텀,14.0,13.481045404819886,13.220769824641698,-130.81204730073568,-1.930678017634535,MDLZ@2025-03-03 05:00:00+00:00,④손절25+모멘텀0+회전가드,A,A
AMGN,2025-03-19 04:00:00+00:00,2025-03-25 04:00:00+00:00,2025-03-19 04:00:00+00:00,2025-03-25 04:00:00+00:00,14.619845058456196,315.75,306.86,모멘텀,4.0,11.54054019301886,11.215614136594672,-152.72657689928747,-2.815518606492473,AMGN@2025-03-19 04:00:00+00:00,④손절25+모멘텀0+회전가드,A,A
AXON,2025-03-21 04:00:00+00:00,2025-03-26 04:00:00+00:00,2025-03-21 04:00:00+00:00,2025-03-26 04:00:00+00:00,9.380705896160581,560.0,559.06,모멘텀,3.0,13.132988254624813,13.110943595768836,-35.061795392784006,-0.16785714285715292,AXON@2025-03-21 04:00:00+00:00,④손절25+모멘텀0+회전가드,A,A
CHTR,2025-03-26 04:00:00+00:00,2025-03-31 04:00:00+00:00,2025-03-26 04:00:00+00:00,2025-03-31 04:00:00+00:00,13.542912492412153,384.77,368.53,모멘텀,3.0,13.027266099263558,12.477423852071627,-245.44158882810734,-4.220703277282533,CHTR@2025-03-26 04:00:00+00:00,④손절25+모멘텀0+회전가드,A,A
VRTX,2025-03-13 04:00:00+00:00,2025-04-01 04:00:00+00:00,2025-03-13 04:00:00+00:00,2025-04-01 04:00:00+00:00,0.01998872015395192,502.92,484.74,모멘텀,13.0,0.02513181784956375,0.024223330518566635,-0.41275008076697617,-3.6148890479599127,VRTX@2025-03-13 04:00:00+00:00,④손절25+모멘텀0+회전가드,A,A
PDD,2025-04-01 04:00:00+00:00,2025-04-02 04:00:00+00:00,2025-04-01 04:00:00+00:00,2025-04-02 04:00:00+00:00,0.5895150021424619,122.19,119.07,모멘텀,1.0,0.18008209527946853,0.17548387826275733,-2.1948527802266966,-2.5534004419346945,PDD@2025-04-01 04:00:00+00:00,④손절25+모멘텀0+회전가드,A,A
MSTR,2025-03-25 04:00:00+00:00,2025-04-03 04:00:00+00:00,2025-03-25 04:00:00+00:00,2025-04-03 04:00:00+00:00,13.046821223069816,341.81,282.28,모멘텀,7.0,11.148834905643735,9.207141737120368,-797.0332440521101,-17.416108364295958,MSTR@2025-03-25 04:00:00+00:00,④손절25+모멘텀0+회전가드,A,A
DLTR,2025-03-31 04:00:00+00:00,2025-04-03 04:00:00+00:00,2025-03-31 04:00:00+00:00,2025-04-03 04:00:00+00:00,66.48162865153216,75.07,67.22,모멘텀,3.0,12.476939657176297,11.17223769488998,-545.5299622665934,-10.456906886905548,DLTR@2025-03-31 04:00:00+00:00,④손절25+모멘텀0+회전가드,A,A
EA,2025-03-18 04:00:00+00:00,2025-04-04 04:00:00+00:00,2025-03-18 04:00:00+00:00,2025-04-04 04:00:00+00:00,13.430794436032516,141.87,135.34,모멘텀,13.0,4.763567016599833,4.544309297431602,-97.01096398132381,-4.602805385211816,EA@2025-03-18 04:00:00+00:00,④손절25+모멘텀0+회전가드,A,A
CDNS,2025-04-02 04:00:00+00:00,2025-04-04 04:00:00+00:00,2025-04-02 04:00:00+00:00,2025-04-04 04:00:00+00:00,0.17199265308477887,264.94,232.88,모멘텀,2.0,0.11391933377070329,0.10013412262595826,-5.728137914294663,-12.100853023326042,CDNS@2025-04-02 04:00:00+00:00,④손절25+모멘텀0+회전가드,A,A
ORLY,2025-04-03 04:00:00+00:00,2025-04-07 04:00:00+00:00,2025-04-03 04:00:00+00:00,2025-04-07 04:00:00+00:00,35.30172558052744,96.174063,88.967128,모멘텀,2.0,8.487775949975894,7.851732845859147,-270.7567504425333,-7.493636823890871,ORLY@2025-04-03 04:00:00+00:00,④손절25+모멘텀0+회전가드,A,A
MNST,2025-03-11 04:00:00+00:00,2025-04-08 04:00:00+00:00,2025-03-11 04:00:00+00:00,2025-04-08 04:00:00+00:00,143.65204943502988,27.615,27.505,모멘텀,20.0,9.917378362870876,9.877874049276242,-35.59697785000026,-0.3983342386384203,MNST@2025-03-11 04:00:00+00:00,④손절25+모멘텀0+회전가드,A,A
MSTR,2025-04-04 04:00:00+00:00,2025-04-08 04:00:00+00:00,2025-04-04 04:00:00+00:00,2025-04-08 04:00:00+00:00,6.514181778896694,293.61,237.95,모멘텀,2.0,4.781572280254646,3.8751238857211705,-371.2360539793656,-18.9571199891012,MSTR@2025-04-04 04:00:00+00:00,④손절25+모멘텀0+회전가드,A,A
KDP,2025-04-08 04:00:00+00:00,2025-04-30 04:00:00+00:00,2025-04-08 04:00:00+00:00,2025-04-30 04:00:00+00:00,34.78184250873278,33.57,34.59,모멘텀,15.0,2.919066132545399,3.0077598309426676,29.55065339541943,3.038427167113511,KDP@2025-04-08 04:00:00+00:00,④손절25+모멘텀0+회전가드,A,A
EXC,2025-04-03 04:00:00+00:00,2025-05-02 04:00:00+00:00,2025-04-03 04:00:00+00:00,2025-05-02 04:00:00+00:00,102.16968089169005,47.23,46.48,모멘텀,20.0,12.063685071286303,11.872116919614383,-100.5630626596685,-1.587973745500737,EXC@2025-04-03 04:00:00+00:00,④손절25+모멘텀0+회전가드,A,A
CPRT,2025-04-08 04:00:00+00:00,2025-05-22 04:00:00+00:00,2025-04-08 04:00:00+00:00,2025-05-22 04:00:00+00:00,79.8623095664819,54.59,60.66,모멘텀,31.0,10.899208698085618,12.11111924575698,461.75389112470293,11.119252610368191,CPRT@2025-04-08 04:00:00+00:00,④손절25+모멘텀0+회전가드,A,A
MSTR,2025-05-01 04:00:00+00:00,2025-05-28 04:00:00+00:00,2025-05-01 04:00:00+00:00,2025-05-28 04:00:00+00:00,0.030717929337457206,381.6,364.25,모멘텀,18.0,0.029304904587934177,0.027972514402921967,-0.5902334929957398,-4.546645702306085,MSTR@2025-05-01 04:00:00+00:00,④손절25+모멘텀0+회전가드,A,공통
PLTR,2025-04-30 04:00:00+00:00,2025-07-01 04:00:00+00:00,2025-04-30 04:00:00+00:00,2025-07-01 04:00:00+00:00,9.000483379351524,118.44,130.68,모멘텀,42.0,2.665043128625986,2.940457920034143,104.56041551460271,10.334346504559289,PLTR@2025-04-30 04:00:00+00:00,④손절25+모멘텀0+회전가드,A,A
CEG,2025-05-22 04:00:00+00:00,2025-07-01 04:00:00+00:00,2025-05-22 04:00:00+00:00,2025-07-01 04:00:00+00:00,16.270534168973825,291.47,307.92,모멘텀,26.0,11.855931485577003,12.52505720327605,243.2692983907673,5.643805537448099,CEG@2025-05-22 04:00:00+00:00,④손절25+모멘텀0+회전가드,A,A
MRVL,2025-07-01 04:00:00+00:00,2025-07-18 04:00:00+00:00,2025-07-01 04:00:00+00:00,2025-07-18 04:00:00+00:00,6.663837450640246,76.24,74.65,모멘텀,12.0,1.2701274180920308,1.243638664225736,-13.109267628835653,-2.085519412381942,MRVL@2025-07-01 04:00:00+00:00,④손절25+모멘텀0+회전가드,A,A
MRNA,2025-07-24 04:00:00+00:00,2025-07-31 04:00:00+00:00,2025-07-24 04:00:00+00:00,2025-07-31 04:00:00+00:00,0.6741401305690619,34.01,29.56,모멘텀,5.0,0.057318764601634486,0.04981895564905367,-3.107061301283011,-13.084386945016169,MRNA@2025-07-24 04:00:00+00:00,④손절25+모멘텀0+회전가드,A,A+C
ON,2025-07-01 04:00:00+00:00,2025-08-04 04:00:00+00:00,2025-07-01 04:00:00+00:00,2025-08-04 04:00:00+00:00,102.6061883031649,53.6,47.97,모멘텀,23.0,13.749229232624097,12.30504713225705,-603.7271165116999,-10.503731343283585,ON@2025-07-01 04:00:00+00:00,④손절25+모멘텀0+회전가드,A,A
DLTR,2025-04-07 04:00:00+00:00,2025-08-18 04:00:00+00:00,2025-04-07 04:00:00+00:00,2025-08-18 04:00:00+00:00,43.4172263229911,72.84,112.06,모멘텀,91.0,7.90627691341668,12.163335954385957,1682.7540035199086,53.844041735310256,DLTR@2025-04-07 04:00:00+00:00,④손절25+모멘텀0+회전가드,A,A
PLTR,2025-08-05 04:00:00+00:00,2025-08-22 04:00:00+00:00,2025-08-05 04:00:00+00:00,2025-08-22 04:00:00+00:00,0.24638067668055846,173.27,158.74,모멘텀,13.0,0.10672594962110092,0.09777617154067964,-3.7844133533302937,-8.385756334045135,PLTR@2025-08-05 04:00:00+00:00,④손절25+모멘텀0+회전가드,A,A
AVGO,2025-05-02 04:00:00+00:00,2025-08-25 04:00:00+00:00,2025-05-02 04:00:00+00:00,2025-08-25 04:00:00+00:00,23.08713152923353,203.64,294.23,모멘텀,78.0,11.753658661532791,16.982316774615956,2062.7272697971184,44.48536633274407,AVGO@2025-05-02 04:00:00+00:00,④손절25+모멘텀0+회전가드,A,A
AMD,2025-07-18 04:00:00+00:00,2025-08-25 04:00:00+00:00,2025-07-18 04:00:00+00:00,2025-08-25 04:00:00+00:00,2.1863897742255367,156.99,163.36,모멘텀,26.0,0.8581033266391676,0.8929215837937093,12.176277951383895,4.057583285559585,AMD@2025-07-18 04:00:00+00:00,④손절25+모멘텀0+회전가드,A,A
IDXX,2025-08-04 04:00:00+00:00,2025-09-02 04:00:00+00:00,2025-08-04 04:00:00+00:00,2025-09-02 04:00:00+00:00,7.271456159228059,682.78,639.45,모멘텀,20.0,12.412012090994336,11.624331602545956,-339.1085390728913,-6.346114414599125,IDXX@2025-08-04 04:00:00+00:00,④손절25+모멘텀0+회전가드,A,A
EA,2025-08-25 04:00:00+00:00,2025-09-09 04:00:00+00:00,2025-08-25 04:00:00+00:00,2025-09-09 04:00:00+00:00,32.36408510960317,172.76,166.04,모멘텀,10.0,13.978048358837608,13.434331728996273,-244.89903202436653,-3.889789303079416,EA@2025-08-25 04:00:00+00:00,④손절25+모멘텀0+회전가드,A,A
AAPL,2025-09-02 04:00:00+00:00,2025-09-10 04:00:00+00:00,2025-09-02 04:00:00+00:00,2025-09-10 04:00:00+00:00,20.018469232532055,229.72,226.79,모멘텀,6.0,11.49660688024316,11.349971593114862,-81.50069332467683,-1.2754657844332273,AAPL@2025-09-02 04:00:00+00:00,④손절25+모멘텀0+회전가드,A,A
AZN,2025-08-25 04:00:00+00:00,2025-09-15 04:00:00+00:00,2025-08-25 04:00:00+00:00,2025-09-15 04:00:00+00:00,9.46141450888404,160.658288,157.41124,모멘텀,14.0,3.800136642639177,3.723332474993569,-38.24513617587559,-2.0210896309314608,AZN@2025-08-25 04:00:00+00:00,④손절25+모멘텀0+회전가드,A,A
INTC,2025-08-22 04:00:00+00:00,2025-09-17 04:00:00+00:00,2025-08-22 04:00:00+00:00,2025-09-17 04:00:00+00:00,2.4349951475668967,24.8,24.9,모멘텀,17.0,0.1509696991491476,0.15157844793603933,-0.059048632328497774,0.40322580645160144,INTC@2025-08-22 04:00:00+00:00,④손절25+모멘텀0+회전가드,A,A
AVGO,2025-09-10 04:00:00+00:00,2025-10-06 04:00:00+00:00,2025-09-10 04:00:00+00:00,2025-10-06 04:00:00+00:00,12.248730733195124,369.57,335.49,모멘텀,18.0,11.316908542667305,10.27331668419908,-439.0269686141555,-9.221527721405954,AVGO@2025-09-10 04:00:00+00:00,④손절25+모멘텀0+회전가드,A,A
APP,2025-08-18 04:00:00+00:00,2025-10-10 04:00:00+00:00,2025-08-18 04:00:00+00:00,2025-10-10 04:00:00+00:00,11.01582110662033,438.54,569.89,모멘텀,38.0,12.077195470243199,15.694515726129648,1419.156391158208,29.951657773521223,APP@2025-08-18 04:00:00+00:00,④손절25+모멘텀0+회전가드,A,A
GOOGL,2025-09-09 04:00:00+00:00,2025-10-10 04:00:00+00:00,2025-09-09 04:00:00+00:00,2025-10-10 04:00:00+00:00,21.999025337262673,239.63,236.57,모멘텀,23.0,13.179066103920636,13.010773560090577,-93.50685719603462,-1.27696866001753,GOOGL@2025-09-09 04:00:00+00:00,④손절25+모멘텀0+회전가드,A,A
WBD,2025-09-15 04:00:00+00:00,2025-10-10 04:00:00+00:00,2025-09-15 04:00:00+00:00,2025-10-10 04:00:00+00:00,73.97039792721226,19.46,17.1,모멘텀,19.0,3.598659859158877,3.1622345113883243,-181.33103347876795,-12.127440904419318,WBD@2025-09-15 04:00:00+00:00,④손절25+모멘텀0+회전가드,A,A
MRVL,2025-10-10 04:00:00+00:00,2025-10-23 04:00:00+00:00,2025-10-10 04:00:00+00:00,2025-10-23 04:00:00+00:00,65.85619687336853,85.61,82.77,모멘텀,9.0,14.094872535822699,13.627293538021783,-214.75376519420934,-3.3173694661838615,MRVL@2025-10-10 04:00:00+00:00,④손절25+모멘텀0+회전가드,A,A
INTC,2025-10-06 04:00:00+00:00,2025-11-04 05:00:00+00:00,2025-10-06 04:00:00+00:00,2025-11-04 05:00:00+00:00,112.40519956554438,36.59,37.03,모멘텀,21.0,10.282265630258173,10.405911349780272,28.77011082880199,1.2025143481825484,INTC@2025-10-06 04:00:00+00:00,④손절25+모멘텀0+회전가드,A,A
AMAT,2025-10-10 04:00:00+00:00,2025-11-13 05:00:00+00:00,2025-10-10 04:00:00+00:00,2025-11-13 05:00:00+00:00,7.035526990984975,209.95,223.23,모멘텀,24.0,3.6927722293932383,3.92635172549394,85.8126744853937,6.325315551321742,AMAT@2025-10-10 04:00:00+00:00,④손절25+모멘텀0+회전가드,A,A
AMD,2025-10-10 04:00:00+00:00,2025-11-17 05:00:00+00:00,2025-10-10 04:00:00+00:00,2025-11-17 05:00:00+00:00,26.254863141967363,214.9,240.52,모멘텀,26.0,14.105425223021967,15.787049207264976,642.7571192669184,11.921824104234524,AMD@2025-10-10 04:00:00+00:00,④손절25+모멘텀0+회전가드,A,A
MU,2025-09-17 04:00:00+00:00,2025-11-20 05:00:00+00:00,2025-09-17 04:00:00+00:00,2025-11-20 05:00:00+00:00,0.5195396453142194,159.99,201.37,모멘텀,46.0,0.2078028696345549,0.2615492459423109,21.02919840752554,25.864116507281707,MU@2025-09-17 04:00:00+00:00,④손절25+모멘텀0+회전가드,A,A
DDOG,2025-11-13 05:00:00+00:00,2025-12-01 05:00:00+00:00,2025-11-13 05:00:00+00:00,2025-12-01 05:00:00+00:00,8.367024615954252,185.97,157.9,모멘텀,11.0,3.8900389195725307,3.302882967147941,-242.05530285655618,-15.093832338549229,DDOG@2025-11-13 05:00:00+00:00,④손절25+모멘텀0+회전가드,A,A
MAR,2025-12-01 05:00:00+00:00,2025-12-08 05:00:00+00:00,2025-12-01 05:00:00+00:00,2025-12-08 05:00:00+00:00,4.194269695842508,303.44,287.82,모멘텀,5.0,3.181772991266127,3.017986759643477,-71.71425239996961,-5.147640390192465,MAR@2025-12-01 05:00:00+00:00,④손절25+모멘텀0+회전가드,A,A
ISRG,2025-10-23 04:00:00+00:00,2025-12-09 05:00:00+00:00,2025-10-23 04:00:00+00:00,2025-12-09 05:00:00+00:00,9.717271083760465,551.3,558.13,모멘텀,32.0,13.39282887119286,13.558751274948072,39.4173813559446,1.2388898966080308,ISRG@2025-10-23 04:00:00+00:00,④손절25+모멘텀0+회전가드,A,A
AMGN,2025-11-20 05:00:00+00:00,2025-12-09 05:00:00+00:00,2025-11-20 05:00:00+00:00,2025-12-09 05:00:00+00:00,1.8169659901852697,336.07,313.85,모멘텀,12.0,1.5265694008039088,1.4256369400491173,-43.3251906427696,-6.61171779688754,AMGN@2025-11-20 05:00:00+00:00,④손절25+모멘텀0+회전가드,A,A
REGN,2025-11-17 05:00:00+00:00,2025-12-24 05:00:00+00:00,2025-11-17 05:00:00+00:00,2025-12-24 05:00:00+00:00,8.22954009190711,704.31,783.71,모멘텀,26.0,14.49036845532774,16.123932163571304,622.8111826785271,11.273444931919197,REGN@2025-11-17 05:00:00+00:00,④손절25+모멘텀0+회전가드,A,A
ADI,2025-12-08 05:00:00+00:00,2025-12-31 05:00:00+00:00,2025-12-08 05:00:00+00:00,2025-12-31 05:00:00+00:00,4.259617833937709,279.13,271.2,모멘텀,16.0,2.972467814967582,2.8880208914097665,-39.63925812950333,-2.8409701572743917,ADI@2025-12-08 05:00:00+00:00,④손절25+모멘텀0+회전가드,A,A
APP,2025-12-24 05:00:00+00:00,2026-01-02 05:00:00+00:00,2025-12-24 05:00:00+00:00,2026-01-02 05:00:00+00:00,0.03941373519837049,727.5,618.32,모멘텀,5.0,0.07168373089203633,0.06092575186964111,-4.43580109171976,-15.007560137457043,APP@2025-12-24 05:00:00+00:00,④손절25+모멘텀0+회전가드,A,A
WBD,2025-11-04 05:00:00+00:00,2026-01-09 05:00:00+00:00,2025-11-04 05:00:00+00:00,2026-01-09 05:00:00+00:00,182.6332130309235,22.6,28.885,모멘텀,45.0,10.318776536247178,13.188400895995565,1124.3425664671122,27.809734513274332,WBD@2025-11-04 05:00:00+00:00,④손절25+모멘텀0+회전가드,A,A
DXCM,2025-12-09 05:00:00+00:00,2026-01-09 05:00:00+00:00,2025-12-09 05:00:00+00:00,2026-01-09 05:00:00+00:00,89.95495267841231,66.33,67.4,모멘텀,21.0,14.91678002789772,15.157409526312478,66.17760981169249,1.613146389265796,DXCM@2025-12-09 05:00:00+00:00,④손절25+모멘텀0+회전가드,A,A
MAR,2026-01-09 05:00:00+00:00,2026-01-27 05:00:00+00:00,2026-01-09 05:00:00+00:00,2026-01-27 05:00:00+00:00,14.53391208027547,328.18,313.95,모멘텀,11.0,11.924348166262009,11.407304244006209,-230.14922131258754,-4.336035102687552,MAR@2026-01-09 05:00:00+00:00,④손절25+모멘텀0+회전가드,A,A
KLAC,2026-01-12 05:00:00+00:00,2026-02-04 05:00:00+00:00,2026-01-12 05:00:00+00:00,2026-02-04 05:00:00+00:00,0.07487398929379374,142.817,130.722,모멘텀,16.0,0.02673319632242935,0.024469194071158266,-0.9568032909020197,-8.468879755211212,KLAC@2026-01-12 05:00:00+00:00,④손절25+모멘텀0+회전가드,A,A
MRNA,2025-12-24 05:00:00+00:00,2026-02-12 05:00:00+00:00,2025-12-24 05:00:00+00:00,2026-02-12 05:00:00+00:00,192.078639807877,32.75,40.11,모멘텀,33.0,15.72643863426993,19.260685606734867,1378.7116647449711,22.473282442748086,MRNA@2025-12-24 05:00:00+00:00,④손절25+모멘텀0+회전가드,A,A
MU,2025-12-31 05:00:00+00:00,2026-02-26 05:00:00+00:00,2025-12-31 05:00:00+00:00,2026-02-26 05:00:00+00:00,4.316624661850247,285.41,415.56,모멘텀,38.0,3.080019611846698,4.4845413611962215,554.2441387667668,45.60106513436808,MU@2025-12-31 05:00:00+00:00,④손절25+모멘텀0+회전가드,A,A
LRCX,2026-01-09 05:00:00+00:00,2026-02-26 05:00:00+00:00,2026-01-09 05:00:00+00:00,2026-02-26 05:00:00+00:00,29.368741831587364,218.36,239.07,모멘텀,32.0,16.032396165863542,17.55296277419398,574.6412843921171,9.484337790804176,LRCX@2026-01-09 05:00:00+00:00,④손절25+모멘텀0+회전가드,A,A
ASML,2026-01-27 05:00:00+00:00,2026-02-27 05:00:00+00:00,2026-01-27 05:00:00+00:00,2026-02-27 05:00:00+00:00,2.9229680732868273,1454.59,1450.56,모멘텀,22.0,10.629300324305714,10.599851420967351,-33.00871308061778,-0.277054015220779,ASML@2026-01-27 05:00:00+00:00,④손절25+모멘텀0+회전가드,A,A
ODFL,2026-02-04 05:00:00+00:00,2026-03-06 05:00:00+00:00,2026-02-04 05:00:00+00:00,2026-03-06 05:00:00+00:00,0.9271331848156369,208.54,193.97,모멘텀,21.0,0.48336088590363224,0.4495900596467227,-14.441281448314157,-6.98666922412966,ODFL@2026-02-04 05:00:00+00:00,④손절25+모멘텀0+회전가드,A,A
CHTR,2026-02-26 05:00:00+00:00,2026-03-09 04:00:00+00:00,2026-02-26 05:00:00+00:00,2026-03-09 04:00:00+00:00,30.856964439348634,228.38,222.81,모멘텀,7.0,17.617783846646102,17.188100616828173,-206.6791763906449,-2.4389175934845353,CHTR@2026-02-26 05:00:00+00:00,④손절25+모멘텀0+회전가드,A,A
ARM,2026-02-27 05:00:00+00:00,2026-03-09 04:00:00+00:00,2026-02-27 05:00:00+00:00,2026-03-09 04:00:00+00:00,32.92243937690665,127.45,117.63,모멘텀,6.0,10.489912246466881,9.681666359763824,-343.4699332874534,-7.704982346018053,ARM@2026-02-27 05:00:00+00:00,④손절25+모멘텀0+회전가드,A,공통
BKR,2026-02-12 05:00:00+00:00,2026-03-10 04:00:00+00:00,2026-02-12 05:00:00+00:00,2026-03-10 04:00:00+00:00,111.06619684518394,61.39,59.34,모멘텀,17.0,17.045884560814606,16.476670301983038,-261.2082583954234,-3.3393060759081217,BKR@2026-02-12 05:00:00+00:00,④손절25+모멘텀0+회전가드,A,A
APP,2026-03-09 04:00:00+00:00,2026-03-11 04:00:00+00:00,2026-03-09 04:00:00+00:00,2026-03-11 04:00:00+00:00,7.839843896744655,517.23,461.45,모멘텀,2.0,10.137506146783094,9.044239915382052,-456.4882386225818,-10.784370589486302,APP@2026-03-09 04:00:00+00:00,④손절25+모멘텀0+회전가드,A,A
CCEP,2026-02-26 05:00:00+00:00,2026-03-17 04:00:00+00:00,2026-02-26 05:00:00+00:00,2026-03-17 04:00:00+00:00,22.65192738129998,108.35,100.77,모멘텀,13.0,6.135840829409632,5.706586805533998,-183.54403718519688,-6.9958467928011085,CCEP@2026-02-26 05:00:00+00:00,④손절25+모멘텀0+회전가드,A,A
AXON,2026-03-06 05:00:00+00:00,2026-03-25 04:00:00+00:00,2026-03-06 05:00:00+00:00,2026-03-25 04:00:00+00:00,0.5480720923167619,574.01,460.15,모멘텀,13.0,0.7864971542768612,0.6304884331988949,-63.820474018662225,-19.83589136077769,AXON@2026-03-06 05:00:00+00:00,④손절25+모멘텀0+회전가드,A,A
VRSK,2026-03-11 04:00:00+00:00,2026-03-25 04:00:00+00:00,2026-03-11 04:00:00+00:00,2026-03-25 04:00:00+00:00,18.388175579223116,203.13,185.05,모멘텀,10.0,9.33797526351898,8.506829727338095,-350.30301946321015,-8.900703982671187,VRSK@2026-03-11 04:00:00+00:00,④손절25+모멘텀0+회전가드,A,A
APP,2026-03-17 04:00:00+00:00,2026-03-26 04:00:00+00:00,2026-03-17 04:00:00+00:00,2026-03-26 04:00:00+00:00,5.011648381645694,459.09,391.21,모멘텀,7.0,5.751994138824304,4.901517408459029,-350.8442036933925,-14.785771853013575,APP@2026-03-17 04:00:00+00:00,④손절25+모멘텀0+회전가드,A,A
MRNA,2026-03-09 04:00:00+00:00,2026-03-27 04:00:00+00:00,2026-03-09 04:00:00+00:00,2026-03-27 04:00:00+00:00,119.42153283875129,55.74,49.56,모멘텀,14.0,16.641390601079994,14.796327918721285,-769.4627914632829,-11.087190527448865,MRNA@2026-03-09 04:00:00+00:00,④손절25+모멘텀0+회전가드,A,A
NFLX,2026-03-10 04:00:00+00:00,2026-03-27 04:00:00+00:00,2026-03-10 04:00:00+00:00,2026-03-27 04:00:00+00:00,66.98747651741674,96.94,93.43,모멘텀,13.0,16.234414933995946,15.646599827555615,-267.00705733768336,-3.6207963688879574,NFLX@2026-03-10 04:00:00+00:00,④손절25+모멘텀0+회전가드,A,A
PLTR,2026-03-27 04:00:00+00:00,2026-03-30 04:00:00+00:00,2026-03-27 04:00:00+00:00,2026-03-30 04:00:00+00:00,40.96837206206112,143.06,137.55,모멘텀,1.0,14.65233826799616,14.087998942841269,-254.47606727279435,-3.8515308262267567,PLTR@2026-03-27 04:00:00+00:00,④손절25+모멘텀0+회전가드,A,A
DDOG,2026-03-27 04:00:00+00:00,2026-04-02 04:00:00+00:00,2026-03-27 04:00:00+00:00,2026-04-02 04:00:00+00:00,4.1622493218466525,114.48,120.36,모멘텀,4.0,1.191235755912512,1.2524208209436578,22.030369435602154,5.136268343815509,DDOG@2026-03-27 04:00:00+00:00,④손절25+모멘텀0+회전가드,A,A
PANW,2026-03-30 04:00:00+00:00,2026-04-06 04:00:00+00:00,2026-03-30 04:00:00+00:00,2026-04-06 04:00:00+00:00,36.61005073244471,154.35,161.95,모멘텀,4.0,14.126903326382104,14.822494290298552,249.28698794990032,4.923874311629417,PANW@2026-03-30 04:00:00+00:00,④손절25+모멘텀0+회전가드,A,A
ROST,2026-03-27 04:00:00+00:00,2026-05-07 04:00:00+00:00,2026-03-27 04:00:00+00:00,2026-05-07 04:00:00+00:00,27.665693077458272,211.69,224.48,모멘텀,28.0,14.641376418917853,15.525986955069582,323.676851086705,6.041853653927909,ROST@2026-03-27 04:00:00+00:00,④손절25+모멘텀0+회전가드,A,A
KLAC,2026-04-06 04:00:00+00:00,2026-05-18 04:00:00+00:00,2026-04-06 04:00:00+00:00,2026-05-18 04:00:00+00:00,38.2669104492961,154.006,175.645,모멘텀,30.0,14.733334526635739,16.803478714666536,796.5208619710174,14.050751269431071,KLAC@2026-04-06 04:00:00+00:00,④손절25+모멘텀0+회전가드,A,A
INTC,2026-04-02 04:00:00+00:00,2026-06-04 04:00:00+00:00,2026-04-02 04:00:00+00:00,2026-06-04 04:00:00+00:00,7.353529375231779,50.38,111.78,모멘텀,43.0,0.9261770248104426,2.0549437839085205,448.5255828305123,121.87375942834456,INTC@2026-04-02 04:00:00+00:00,④손절25+모멘텀0+회전가드,A,A
DDOG,2026-05-07 04:00:00+00:00,2026-06-23 04:00:00+00:00,2026-05-07 04:00:00+00:00,2026-06-23 04:00:00+00:00,30.591535940078042,188.73,220.57,모멘텀,31.0,14.433851444927322,16.868937705757535,942.7317151814004,16.87066179197796,DDOG@2026-05-07 04:00:00+00:00,④손절25+모멘텀0+회전가드,A,A
ARM,2026-03-26 04:00:00+00:00,2026-06-26 04:00:00+00:00,2026-03-26 04:00:00+00:00,2026-06-26 04:00:00+00:00,12.729722591706835,154.8,334.27,모멘텀,63.0,4.926402642990546,10.63791092682461,2269.03899996381,115.9366925064599,ARM@2026-03-26 04:00:00+00:00,④손절25+모멘텀0+회전가드,A,A
MRVL,2026-03-25 04:00:00+00:00,2026-07-01 04:00:00+00:00,2026-03-25 04:00:00+00:00,2026-07-01 04:00:00+00:00,37.63166381905485,98.45,272.05,모멘텀,67.0,9.262093257464874,25.594235354934682,6498.000510375523,176.33316404266125,MRVL@2026-03-25 04:00:00+00:00,④손절25+모멘텀0+회전가드,A,A
MU,2026-06-23 04:00:00+00:00,2026-07-01 04:00:00+00:00,2026-06-23 04:00:00+00:00,2026-07-01 04:00:00+00:00,6.3232067972617125,1051.77,1032.28,모멘텀,6.0,16.626398032889877,16.3182997816933,-156.18399829321334,-1.8530667351226993,MU@2026-06-23 04:00:00+00:00,④손절25+모멘텀0+회전가드,A,A
KLAC,2026-07-01 04:00:00+00:00,2026-07-13 04:00:00+00:00,2026-07-01 04:00:00+00:00,2026-07-13 04:00:00+00:00,25.429337163970935,266.19,222.25,모멘텀,7.0,16.922588149193558,14.129175461731352,-1148.4168385958064,-16.507006273714264,KLAC@2026-07-01 04:00:00+00:00,④손절25+모멘텀0+회전가드,A,A
AMAT,2026-07-01 04:00:00+00:00,2026-07-15 04:00:00+00:00,2026-07-01 04:00:00+00:00,2026-07-15 04:00:00+00:00,15.191682441629693,650.91,579.43,모멘텀,9.0,24.72104504520296,22.006291392883732,-1132.6287973657763,-10.981548908451245,AMAT@2026-07-01 04:00:00+00:00,④손절25+모멘텀0+회전가드,A,A
MRNA,2026-06-26 04:00:00+00:00,2026-07-20 04:00:00+00:00,2026-06-26 04:00:00+00:00,2026-07-20 04:00:00+00:00,63.24722560197804,67.27,59.49,모멘텀,15.0,10.636602165612656,9.406443627654184,-512.106460976655,-11.565333729745797,MRNA@2026-06-26 04:00:00+00:00,④손절25+모멘텀0+회전가드,A,A
DASH,2026-07-13 04:00:00+00:00,2026-07-23 04:00:00+00:00,2026-07-13 04:00:00+00:00,2026-07-23 04:00:00+00:00,31.015480921462334,189.57,169.77,모멘텀,8.0,14.699011795704036,13.163745490091651,-641.9692795307492,-10.444690615603724,DASH@2026-07-13 04:00:00+00:00,④손절25+모멘텀0+회전가드,A,A
FTNT,2026-05-18 04:00:00+00:00,2026-07-28 04:00:00+00:00,2026-05-18 04:00:00+00:00,2026-07-28 04:00:00+00:00,52.15459558391415,126.5,149.98,모멘텀,48.0,16.49389085341285,19.55536561418861,1188.540647842703,18.561264822134383,FTNT@2026-05-18 04:00:00+00:00,④손절25+모멘텀0+회전가드,A,A
PANW,2026-06-05 04:00:00+00:00,2026-07-28 04:00:00+00:00,2026-06-05 04:00:00+00:00,2026-07-28 04:00:00+00:00,0.47105704140608506,272.05,319.0,모멘텀,35.0,0.32037767028631364,0.3756679905213528,21.420082433207995,17.257857011578757,PANW@2026-06-05 04:00:00+00:00,④손절25+모멘텀0+회전가드,A,A
CTAS,2026-07-23 04:00:00+00:00,2026-08-13 04:00:00+00:00,2026-07-23 04:00:00+00:00,2026-08-13 04:00:00+00:00,26.62137526749964,203.25,200.7,모멘텀,15.0,13.526986307798254,13.357275040467943,-94.76876828038985,-1.2546125461254665,CTAS@2026-07-23 04:00:00+00:00,④손절25+모멘텀0+회전가드,A,A
PYPL,2026-07-15 04:00:00+00:00,2026-08-28 04:00:00+00:00,2026-07-15 04:00:00+00:00,2026-08-28 04:00:00+00:00,157.1499126887909,55.52,53.66,모멘텀,32.0,21.812407881204177,21.081660787201294,-335.19290626955626,-3.3501440922190318,PYPL@2026-07-15 04:00:00+00:00,④손절25+모멘텀0+회전가드,A,A
WDAY,2026-07-20 04:00:00+00:00,,2026-07-20 04:00:00+00:00,,25.86178300889581,147.22,,미청산(표본종료),,9.518429236424103,0.0,,,WDAY@2026-07-20 04:00:00+00:00,④손절25+모멘텀0+회전가드,A,A
CTSH,2026-07-28 04:00:00+00:00,,2026-07-28 04:00:00+00:00,,154.93985692765355,50.31,,미청산(표본종료),,19.487560505075628,0.0,,,CTSH@2026-07-28 04:00:00+00:00,④손절25+모멘텀0+회전가드,A,A
TEAM,2026-08-13 04:00:00+00:00,,2026-08-13 04:00:00+00:00,,30.4991278793625,165.98,,미청산(표본종료),,12.65561311354147,0.0,,,TEAM@2026-08-13 04:00:00+00:00,④손절25+모멘텀0+회전가드,A,A
SMCI,2026-08-14 04:00:00+00:00,,2026-08-14 04:00:00+00:00,,0.5948930630399282,39.84,,미청산(표본종료),,0.05925134907877685,0.0,,,SMCI@2026-08-14 04:00:00+00:00,④손절25+모멘텀0+회전가드,A,공통
MRNA,2026-08-28 04:00:00+00:00,,2026-08-28 04:00:00+00:00,,60.408617799389646,137.99,,미청산(표본종료),,20.839462925344446,0.0,,,MRNA@2026-08-28 04:00:00+00:00,④손절25+모멘텀0+회전가드,A,A
SMCI,2023-10-11 04:00:00+00:00,2023-10-26 04:00:00+00:00,2023-10-10 04:00:00+00:00,2023-10-25 04:00:00+00:00,97.91395058002863,31.11,25.238,모멘텀,11.0,7.615257506361726,6.177880711846906,-588.7438560241362,-18.874959819993574,SMCI@2023-10-11 04:00:00+00:00,④손절25+모멘텀0+회전가드,B,B+C
PLTR,2023-10-11 04:00:00+00:00,2023-10-27 04:00:00+00:00,2023-10-10 04:00:00+00:00,2023-10-26 04:00:00+00:00,163.62733075028675,17.87,15.48,모멘텀,12.0,7.310051001269061,6.332377700036098,-404.7117491944905,-13.374370453273643,PLTR@2023-10-11 04:00:00+00:00,④손절25+모멘텀0+회전가드,B,B+C
PDD,2023-10-12 04:00:00+00:00,2023-11-08 05:00:00+00:00,2023-10-11 04:00:00+00:00,2023-11-07 05:00:00+00:00,0.0928189615258479,110.7,107.73,모멘텀,19.0,0.025687647602278405,0.024998466812948986,-0.3263584301469944,-2.682926829268295,PDD@2023-10-12 04:00:00+00:00,④손절25+모멘텀0+회전가드,B,B
EA,2023-09-12 04:00:00+00:00,2023-11-10 05:00:00+00:00,2023-09-11 04:00:00+00:00,2023-11-09 05:00:00+00:00,24.512767883698356,122.08,132.13,모멘텀,43.0,7.4812967581047385,8.097180051182658,230.77484042188098,8.232306684141545,EA@2023-09-12 04:00:00+00:00,④손절25+모멘텀0+회전가드,B,B+C
MNST,2023-11-10 05:00:00+00:00,2023-12-05 05:00:00+00:00,2023-11-09 05:00:00+00:00,2023-12-04 05:00:00+00:00,4.502025384128481,27.65,27.54,모멘텀,16.0,0.31120250467788124,0.3099644476972459,-1.1163897446292452,-0.3978300180831784,MNST@2023-11-10 05:00:00+00:00,④손절25+모멘텀0+회전가드,B,B
DDOG,2023-12-06 05:00:00+00:00,2024-01-03 05:00:00+00:00,2023-12-05 05:00:00+00:00,2024-01-02 05:00:00+00:00,0.09303566445081071,118.0,113.76,모멘텀,18.0,0.027445521012989162,0.026459342969810565,-0.4483760812542368,-3.5932203389830497,DDOG@2023-12-06 05:00:00+00:00,④손절25+모멘텀0+회전가드,B,B
MSTR,2023-10-26 04:00:00+00:00,2024-01-10 05:00:00+00:00,2023-10-25 04:00:00+00:00,2024-01-09 05:00:00+00:00,60.57462047418533,42.0,56.668,모멘텀,51.0,6.36033514978946,8.581606482577836,873.5665914829833,34.92380952380951,MSTR@2023-10-26 04:00:00+00:00,④손절25+모멘텀0+회전가드,B,B+C
NFLX,2023-10-27 04:00:00+00:00,2024-01-19 05:00:00+00:00,2023-10-26 04:00:00+00:00,2024-01-18 05:00:00+00:00,62.22466297276236,40.642,48.498,모멘텀,56.0,6.32233688134752,7.544429262132573,474.9701861705412,19.329757393829027,NFLX@2023-10-27 04:00:00+00:00,④손절25+모멘텀0+회전가드,B,B+C
SMCI,2024-01-12 05:00:00+00:00,2024-01-19 05:00:00+00:00,2024-01-11 05:00:00+00:00,2024-01-18 05:00:00+00:00,0.4118128882295353,34.553,34.756,모멘텀,4.0,0.03557342681748783,0.03578242185826432,0.012242167634845202,0.587503255867805,SMCI@2024-01-12 05:00:00+00:00,④손절25+모멘텀0+회전가드,B,B
DXCM,2023-11-10 05:00:00+00:00,2024-01-29 05:00:00+00:00,2023-11-09 05:00:00+00:00,2024-01-26 05:00:00+00:00,32.029672702511505,93.61,121.88,모멘텀,52.0,7.495744154205255,9.759441272455256,888.2236618733396,30.199764982373665,DXCM@2023-11-10 05:00:00+00:00,④손절25+모멘텀0+회전가드,B,B+C
MRNA,2024-01-10 05:00:00+00:00,2024-02-01 05:00:00+00:00,2024-01-09 05:00:00+00:00,2024-01-31 05:00:00+00:00,30.692021004381793,110.0,100.9,모멘텀,15.0,8.440305776204994,7.742062298355307,-295.4797592144341,-8.272727272727264,MRNA@2024-01-10 05:00:00+00:00,④손절25+모멘텀0+회전가드,B,B
AMD,2024-01-19 05:00:00+00:00,2024-02-20 05:00:00+00:00,2024-01-18 05:00:00+00:00,2024-02-16 05:00:00+00:00,18.298668596469,165.8,171.14,모멘텀,21.0,7.584798133236401,7.829085358999261,82.30100681290833,3.2207478890229124,AMD@2024-01-19 05:00:00+00:00,④손절25+모멘텀0+회전가드,B,B+C
CRWD,2023-10-13 04:00:00+00:00,2024-02-22 05:00:00+00:00,2023-10-12 04:00:00+00:00,2024-02-21 05:00:00+00:00,0.3843008306230065,46.89,76.2325,모멘텀,89.0,0.045049664869781944,0.07324053267617087,11.158056925009618,62.57730859458306,CRWD@2023-10-13 04:00:00+00:00,④손절25+모멘텀0+회전가드,B,B+C
ARM,2024-02-20 05:00:00+00:00,2024-03-13 04:00:00+00:00,2024-02-16 05:00:00+00:00,2024-03-12 04:00:00+00:00,23.872142681358337,123.78,129.0,모멘텀,16.0,7.387234552746337,7.698766014738063,109.52658422920649,4.217159476490551,ARM@2024-02-20 05:00:00+00:00,④손절25+모멘텀0+회전가드,B,B+C
SMCI,2024-01-29 05:00:00+00:00,2024-03-22 04:00:00+00:00,2024-01-26 05:00:00+00:00,2024-03-21 04:00:00+00:00,72.52933653193273,47.567,95.454,모멘텀,38.0,8.62500737703611,17.308038223297764,3447.2792929043285,100.67273529968253,SMCI@2024-01-29 05:00:00+00:00,④손절25+모멘텀0+회전가드,B,B+C
ASML,2024-02-01 05:00:00+00:00,2024-04-03 04:00:00+00:00,2024-01-31 05:00:00+00:00,2024-04-02 04:00:00+00:00,3.4488892062891874,882.32,965.88,모멘텀,42.0,7.60755981123269,8.328032766426501,272.2535894998655,9.470486898177533,ASML@2024-02-01 05:00:00+00:00,④손절25+모멘텀0+회전가드,B,B
NVDA,2024-01-29 05:00:00+00:00,2024-04-05 04:00:00+00:00,2024-01-26 05:00:00+00:00,2024-04-04 04:00:00+00:00,6.563840896174656,61.232,86.866,모멘텀,47.0,1.0047927643864163,1.4254365082177691,165.8272682599369,41.86373138228377,NVDA@2024-01-29 05:00:00+00:00,④손절25+모멘텀0+회전가드,B,B
MSTR,2024-03-13 04:00:00+00:00,2024-04-10 04:00:00+00:00,2024-03-12 04:00:00+00:00,2024-04-09 04:00:00+00:00,16.61685900996146,166.0,138.75,모멘텀,19.0,6.8959964891340055,5.763972969080381,-465.46937747966376,-16.415662650602414,MSTR@2024-03-13 04:00:00+00:00,④손절25+모멘텀0+회전가드,B,B
APP,2024-03-14 04:00:00+00:00,2024-04-19 04:00:00+00:00,2024-03-13 04:00:00+00:00,2024-04-18 04:00:00+00:00,0.7071090585869683,63.43,68.16,모멘텀,25.0,0.11212981896542851,0.12049138358321938,3.112004644567712,7.4570392558725995,APP@2024-03-14 04:00:00+00:00,④손절25+모멘텀0+회전가드,B,B
MU,2024-04-03 04:00:00+00:00,2024-04-22 04:00:00+00:00,2024-04-02 04:00:00+00:00,2024-04-19 04:00:00+00:00,38.139180523285,122.2,107.6,모멘텀,13.0,11.651519649863568,10.259439560763665,-578.7429948505874,-11.947626841243874,MU@2024-04-03 04:00:00+00:00,④손절25+모멘텀0+회전가드,B,B
CEG,2024-03-22 04:00:00+00:00,2024-05-01 04:00:00+00:00,2024-03-21 04:00:00+00:00,2024-04-30 04:00:00+00:00,25.894624139495466,175.0,186.25,모멘텀,27.0,11.328898061029268,12.057184364952578,267.928439143343,6.428571428571428,CEG@2024-03-22 04:00:00+00:00,④손절25+모멘텀0+회전가드,B,B
KHC,2024-04-19 04:00:00+00:00,2024-05-02 04:00:00+00:00,2024-04-18 04:00:00+00:00,2024-05-01 04:00:00+00:00,3.7383880567214343,37.29,36.39,모멘텀,9.0,0.3485112265878557,0.3400998534602325,-4.053160331097359,-2.4135156878519637,KHC@2024-04-19 04:00:00+00:00,④손절25+모멘텀0+회전가드,B,B+C
KDP,2024-04-22 04:00:00+00:00,2024-05-30 04:00:00+00:00,2024-04-19 04:00:00+00:00,2024-05-29 04:00:00+00:00,128.4463963400163,31.68,33.68,모멘텀,27.0,10.17295459012929,10.815186571829372,235.90465151807484,6.313131313131315,KDP@2024-04-22 04:00:00+00:00,④손절25+모멘텀0+회전가드,B,B+C
MSTR,2024-05-30 04:00:00+00:00,2024-06-14 04:00:00+00:00,2024-05-29 04:00:00+00:00,2024-06-13 04:00:00+00:00,25.842020973355826,165.3,150.5,모멘텀,11.0,10.679215167239295,9.72306039122513,-402.8641859641298,-8.953418027828198,MSTR@2024-05-30 04:00:00+00:00,④손절25+모멘텀0+회전가드,B,B+C
GOOG,2024-04-05 04:00:00+00:00,2024-06-20 04:00:00+00:00,2024-04-04 04:00:00+00:00,2024-06-18 04:00:00+00:00,11.17980229574535,151.68,176.71,모멘텀,52.0,4.239381030546637,4.938957159202903,270.65211327275665,16.50184599156117,GOOG@2024-04-05 04:00:00+00:00,④손절25+모멘텀0+회전가드,B,B+C
GOOGL,2024-04-10 04:00:00+00:00,2024-06-20 04:00:00+00:00,2024-04-09 04:00:00+00:00,2024-06-18 04:00:00+00:00,14.770260789808141,156.21,175.37,모멘텀,49.0,5.768156094939825,6.475651586771635,270.7543890510128,12.265539978234429,GOOGL@2024-04-10 04:00:00+00:00,④손절25+모멘텀0+회전가드,B,B+C
MRNA,2024-05-02 04:00:00+00:00,2024-06-20 04:00:00+00:00,2024-05-01 04:00:00+00:00,2024-06-18 04:00:00+00:00,3.560404567740957,114.86,132.54,모멘텀,33.0,1.0223701716268159,1.1797400535209661,60.74584253251237,15.39265192408148,MRNA@2024-05-02 04:00:00+00:00,④손절25+모멘텀0+회전가드,B,B+C
AZN,2024-05-01 04:00:00+00:00,2024-06-21 04:00:00+00:00,2024-04-30 04:00:00+00:00,2024-06-20 04:00:00+00:00,29.056056645609885,153.962512,158.197792,모멘텀,35.0,11.18385867493098,11.491510013906025,100.38516690118104,2.7508514540214746,AZN@2024-05-01 04:00:00+00:00,④손절25+모멘텀0+회전가드,B,B+C
NVDA,2024-06-20 04:00:00+00:00,2024-07-16 04:00:00+00:00,2024-06-18 04:00:00+00:00,2024-07-15 04:00:00+00:00,32.22281133478172,139.8,128.44,모멘텀,17.0,11.26187256150621,10.34674471959841,-387.6597540442244,-8.125894134477829,NVDA@2024-06-20 04:00:00+00:00,④손절25+모멘텀0+회전가드,B,B+C
AVGO,2024-06-20 04:00:00+00:00,2024-07-17 04:00:00+00:00,2024-06-18 04:00:00+00:00,2024-07-16 04:00:00+00:00,3.053692472427086,180.346,162.31,모멘텀,18.0,1.3768030565808382,1.239112062999101,-57.692312552274814,-10.00077628558438,AVGO@2024-06-20 04:00:00+00:00,④손절25+모멘텀0+회전가드,B,B+C
ASML,2024-06-21 04:00:00+00:00,2024-07-18 04:00:00+00:00,2024-06-20 04:00:00+00:00,2024-07-17 04:00:00+00:00,0.25035649874600524,1038.18,953.5,모멘텀,18.0,0.6497877746703193,0.59678730388579,-22.446763392367814,-8.156581710300726,ASML@2024-06-21 04:00:00+00:00,④손절25+모멘텀0+회전가드,B,B
ARM,2024-06-14 04:00:00+00:00,2024-07-19 04:00:00+00:00,2024-06-13 04:00:00+00:00,2024-07-18 04:00:00+00:00,24.298556295027904,159.9,162.85,모멘텀,23.0,9.713347878937405,9.892549731613235,52.07484345978173,1.8449030644152487,ARM@2024-06-14 04:00:00+00:00,④손절25+모멘텀0+회전가드,B,B+C
TSLA,2024-07-16 04:00:00+00:00,2024-08-02 04:00:00+00:00,2024-07-15 04:00:00+00:00,2024-08-01 04:00:00+00:00,15.595612740646219,255.31,214.88,모멘텀,13.0,9.954289722035966,8.37796316427515,-648.8628759906378,-15.8356507774862,TSLA@2024-07-16 04:00:00+00:00,④손절25+모멘텀0+회전가드,B,B+C
PLTR,2024-06-21 04:00:00+00:00,2024-08-05 04:00:00+00:00,2024-06-20 04:00:00+00:00,2024-08-02 04:00:00+00:00,176.0905631204891,24.71,21.74,모멘텀,30.0,10.877994536768215,9.570522105598583,-543.4374891102193,-12.019425333872935,PLTR@2024-06-21 04:00:00+00:00,④손절25+모멘텀0+회전가드,B,B+C
MSTR,2024-08-02 04:00:00+00:00,2024-08-08 04:00:00+00:00,2024-08-01 04:00:00+00:00,2024-08-07 04:00:00+00:00,22.991621252200915,148.581,130.23,모멘텀,4.0,8.540295193183159,7.485497089185312,-437.9450338815068,-12.35083893633776,MSTR@2024-08-02 04:00:00+00:00,④손절25+모멘텀0+회전가드,B,B+C
WBD,2024-07-18 04:00:00+00:00,2024-08-09 04:00:00+00:00,2024-07-17 04:00:00+00:00,2024-08-08 04:00:00+00:00,27.096557894668663,8.76,7.04,모멘텀,16.0,0.5934146178932437,0.4768994189461685,-47.67639361566947,-19.634703196347026,WBD@2024-07-18 04:00:00+00:00,④손절25+모멘텀0+회전가드,B,B+C
GILD,2024-07-19 04:00:00+00:00,2024-08-23 04:00:00+00:00,2024-07-18 04:00:00+00:00,2024-08-22 04:00:00+00:00,53.65939477028794,73.51,76.09,모멘텀,25.0,9.861255273909666,10.207358370178024,118.37262486325562,3.509726567813898,GILD@2024-07-19 04:00:00+00:00,④손절25+모멘텀0+회전가드,B,B+C
CHTR,2024-07-17 04:00:00+00:00,2024-08-26 04:00:00+00:00,2024-07-16 04:00:00+00:00,2024-08-23 04:00:00+00:00,1.7239466352599055,324.67,349.22,모멘텀,28.0,1.399284385174584,1.5050916099136606,39.41851390054239,7.561524008993747,CHTR@2024-07-17 04:00:00+00:00,④손절25+모멘텀0+회전가드,B,B+C
AEP,2024-08-05 04:00:00+00:00,2024-08-30 04:00:00+00:00,2024-08-02 04:00:00+00:00,2024-08-29 04:00:00+00:00,37.57930650282262,104.24,99.94,모멘텀,19.0,9.793167274635575,9.389189729730232,-180.77337496650262,-4.125095932463541,AEP@2024-08-05 04:00:00+00:00,④손절25+모멘텀0+회전가드,B,B+C
AXON,2024-08-08 04:00:00+00:00,2024-09-09 04:00:00+00:00,2024-08-07 04:00:00+00:00,2024-09-06 04:00:00+00:00,8.560693308056212,350.9,358.61,모멘텀,21.0,7.509868204492311,7.6748755680050955,50.818201632616365,2.1972071815332006,AXON@2024-08-08 04:00:00+00:00,④손절25+모멘텀0+회전가드,B,B+C
DASH,2024-08-09 04:00:00+00:00,2024-09-09 04:00:00+00:00,2024-08-08 04:00:00+00:00,2024-09-06 04:00:00+00:00,1.528922114345036,124.71,124.62,모멘텀,20.0,0.47667969219992357,0.47633568472419596,-1.0906183672151428,-0.07216742843395574,DASH@2024-08-09 04:00:00+00:00,④손절25+모멘텀0+회전가드,B,B+C
SHOP,2024-08-26 04:00:00+00:00,2024-09-09 04:00:00+00:00,2024-08-23 04:00:00+00:00,2024-09-06 04:00:00+00:00,9.892596877347582,76.11,68.48,모멘텀,9.0,1.882313870837311,1.6936125854019062,-79.05644063040108,-10.024963868085656,SHOP@2024-08-26 04:00:00+00:00,④손절25+모멘텀0+회전가드,B,B+C
TEAM,2024-09-09 04:00:00+00:00,2024-09-18 04:00:00+00:00,2024-09-06 04:00:00+00:00,2024-09-17 04:00:00+00:00,0.7739360028596645,162.64,156.68,모멘텀,7.0,0.3146823787627395,0.3031507323201306,-5.230491688126435,-3.664535169699934,TEAM@2024-09-09 04:00:00+00:00,④손절25+모멘텀0+회전가드,B,B+C
FTNT,2024-08-23 04:00:00+00:00,2024-09-19 04:00:00+00:00,2024-08-22 04:00:00+00:00,2024-09-18 04:00:00+00:00,52.037838036866674,74.88,76.08,모멘텀,18.0,9.741483280501441,9.89759679461204,42.80632556912724,1.6025641025640969,FTNT@2024-08-23 04:00:00+00:00,④손절25+모멘텀0+회전가드,B,B+C
WDAY,2024-09-09 04:00:00+00:00,2024-09-24 04:00:00+00:00,2024-09-06 04:00:00+00:00,2024-09-23 04:00:00+00:00,15.354362721636228,248.705,245.06,모멘텀,11.0,9.546766951711346,9.406850321410435,-74.9202693934858,-1.4655917653444872,WDAY@2024-09-09 04:00:00+00:00,④손절25+모멘텀0+회전가드,B,B+C
SBUX,2024-08-30 04:00:00+00:00,2024-09-25 04:00:00+00:00,2024-08-29 04:00:00+00:00,2024-09-24 04:00:00+00:00,39.21309376276605,94.99,94.26,모멘텀,17.0,9.312129441312868,9.240565545195821,-47.17825343332697,-0.7685019475734189,SBUX@2024-08-30 04:00:00+00:00,④손절25+모멘텀0+회전가드,B,B+C
TSLA,2024-09-25 04:00:00+00:00,2024-10-14 04:00:00+00:00,2024-09-24 04:00:00+00:00,2024-10-11 04:00:00+00:00,14.512949646962399,252.54,220.13,모멘텀,13.0,9.162750759609711,7.986839014464582,-487.5142878321253,-12.8336105171458,TSLA@2024-09-25 04:00:00+00:00,④손절25+모멘텀0+회전가드,B,B+C
PDD,2024-10-14 04:00:00+00:00,2024-10-25 04:00:00+00:00,2024-10-11 04:00:00+00:00,2024-10-24 04:00:00+00:00,22.39326924825296,140.54,122.75,모멘텀,9.0,7.867875150373678,6.871934500557627,-413.116069577351,-12.658317916607364,PDD@2024-10-14 04:00:00+00:00,④손절25+모멘텀0+회전가드,B,B+C
CEG,2024-09-24 04:00:00+00:00,2024-10-30 04:00:00+00:00,2024-09-23 04:00:00+00:00,2024-10-29 04:00:00+00:00,14.78657694368618,254.08,266.88,모멘텀,26.0,9.392433674629462,9.86560413682742,170.0101470677264,5.037783375314864,CEG@2024-09-24 04:00:00+00:00,④손절25+모멘텀0+회전가드,B,B+C
SMCI,2024-10-30 04:00:00+00:00,2024-10-31 04:00:00+00:00,2024-10-29 04:00:00+00:00,2024-10-30 04:00:00+00:00,110.96103010943537,34.85,30.06,모멘텀,1.0,9.667479748284556,8.338721412724068,-549.5095353852034,-13.74461979913918,SMCI@2024-10-30 04:00:00+00:00,④손절25+모멘텀0+회전가드,B,B+C
GILD,2024-09-19 04:00:00+00:00,2024-11-20 05:00:00+00:00,2024-09-18 04:00:00+00:00,2024-11-19 05:00:00+00:00,0.6919119861541201,84.39,88.11,모멘텀,44.0,0.1459761312788655,0.1524109127500988,2.2755255444643723,4.408105225737646,GILD@2024-09-19 04:00:00+00:00,④손절25+모멘텀0+회전가드,B,B+C
APP,2024-09-18 04:00:00+00:00,2024-12-19 05:00:00+00:00,2024-09-17 04:00:00+00:00,2024-12-18 05:00:00+00:00,0.939155874104504,123.3,315.4,모멘텀,65.0,0.28949479819271334,0.7405244067314013,179.3818242105511,155.79886455798862,APP@2024-09-18 04:00:00+00:00,④손절25+모멘텀0+회전가드,B,공통
MSTR,2024-10-25 04:00:00+00:00,2024-12-19 05:00:00+00:00,2024-10-24 04:00:00+00:00,2024-12-18 05:00:00+00:00,11.718281809102738,236.385,365.44,모멘텀,38.0,6.925065113611877,10.70582226079626,1494.671971499346,54.595257736319994,MSTR@2024-10-25 04:00:00+00:00,④손절25+모멘텀0+회전가드,B,B+C
TEAM,2024-10-31 04:00:00+00:00,2024-12-24 05:00:00+00:00,2024-10-30 04:00:00+00:00,2024-12-23 05:00:00+00:00,18.152701411946815,190.36,252.69,모멘텀,37.0,8.63887060194549,11.467515299462102,1111.3514931052382,32.743223366253396,TEAM@2024-10-31 04:00:00+00:00,④손절25+모멘텀0+회전가드,B,B+C
PLTR,2024-09-19 04:00:00+00:00,2025-01-08 05:00:00+00:00,2024-09-18 04:00:00+00:00,2025-01-07 05:00:00+00:00,104.75326194961362,37.0,68.12,모멘텀,76.0,9.68967673033926,17.8394805100192,3232.392354631618,84.10810810810811,PLTR@2024-09-19 04:00:00+00:00,④손절25+모멘텀0+회전가드,B,B+C
LULU,2024-12-27 05:00:00+00:00,2025-01-08 05:00:00+00:00,2024-12-26 05:00:00+00:00,2025-01-07 05:00:00+00:00,0.10224447125860972,382.0,390.0,모멘텀,7.0,0.09764347005197228,0.09968835947714448,0.6206239405397653,2.0942408376963373,LULU@2024-12-27 05:00:00+00:00,④손절25+모멘텀0+회전가드,B,B
TSLA,2024-12-19 05:00:00+00:00,2025-01-13 05:00:00+00:00,2024-12-18 05:00:00+00:00,2025-01-10 05:00:00+00:00,0.03947971395901912,451.88,383.21,모멘텀,14.0,0.0446002328595039,0.03782255296558929,-2.7934947433909336,-15.196512348411083,TSLA@2024-12-19 05:00:00+00:00,④손절25+모멘텀0+회전가드,B,B+C
GOOGL,2025-01-08 05:00:00+00:00,2025-01-14 05:00:00+00:00,2025-01-07 05:00:00+00:00,2025-01-13 05:00:00+00:00,27.41553649034721,192.57,191.24,모멘텀,3.0,13.198524654865405,13.107367996035002,-62.768556183060355,-0.6906579425663306,GOOGL@2025-01-08 05:00:00+00:00,④손절25+모멘텀0+회전가드,B,B+C
GOOG,2025-01-08 05:00:00+00:00,2025-01-14 05:00:00+00:00,2025-01-07 05:00:00+00:00,2025-01-13 05:00:00+00:00,10.201369343514765,193.95,192.5,모멘텀,3.0,4.946388960436721,4.909408996566481,-24.64778350509914,-0.7476153647847372,GOOG@2025-01-08 05:00:00+00:00,④손절25+모멘텀0+회전가드,B,B+C
MRVL,2024-12-24 05:00:00+00:00,2025-01-16 05:00:00+00:00,2024-12-23 05:00:00+00:00,2025-01-15 05:00:00+00:00,38.459068126816035,115.44,118.43,모멘텀,14.0,11.099287061399107,11.386768595647059,92.50655804213511,2.5900900900901025,MRVL@2024-12-24 05:00:00+00:00,④손절25+모멘텀0+회전가드,B,B+C
AVGO,2024-12-19 05:00:00+00:00,2025-01-17 05:00:00+00:00,2024-12-18 05:00:00+00:00,2025-01-16 05:00:00+00:00,17.6034345019071,227.91,237.08,모멘텀,18.0,10.029996893324117,10.433555629280338,140.95994185988457,4.023518055372732,AVGO@2024-12-19 05:00:00+00:00,④손절25+모멘텀0+회전가드,B,B+C
CEG,2025-01-13 05:00:00+00:00,2025-02-20 05:00:00+00:00,2025-01-10 05:00:00+00:00,2025-02-19 05:00:00+00:00,0.1485772725318618,297.495,317.49,모멘텀,26.0,0.11050248922966556,0.11792949564035202,2.7423705794045716,6.721121363384253,CEG@2025-01-13 05:00:00+00:00,④손절25+모멘텀0+회전가드,B,B+C
BKR,2025-01-14 05:00:00+00:00,2025-02-20 05:00:00+00:00,2025-01-13 05:00:00+00:00,2025-02-19 05:00:00+00:00,43.961043264628934,44.91,46.76,모멘텀,25.0,4.935726132536214,5.139045957635123,71.25315794939252,4.1193498107325865,BKR@2025-01-14 05:00:00+00:00,④손절25+모멘텀0+회전가드,B,B+C
ISRG,2025-01-16 05:00:00+00:00,2025-02-21 05:00:00+00:00,2025-01-15 05:00:00+00:00,2025-02-20 05:00:00+00:00,7.675851618666008,582.6,605.09,모멘텀,24.0,11.179877882587041,11.611452639846537,149.83857238136534,3.86028149673876,ISRG@2025-01-16 05:00:00+00:00,④손절25+모멘텀0+회전가드,B,B+C
KLAC,2025-01-14 05:00:00+00:00,2025-02-24 05:00:00+00:00,2025-01-13 05:00:00+00:00,2025-02-21 05:00:00+00:00,74.94375033040943,69.299,76.199,모멘텀,27.0,12.983817385367608,14.27659707856717,489.85146281589005,9.956853634251562,KLAC@2025-01-14 05:00:00+00:00,④손절25+모멘텀0+회전가드,B,B+C
APP,2025-02-21 05:00:00+00:00,2025-02-26 05:00:00+00:00,2025-02-20 05:00:00+00:00,2025-02-25 05:00:00+00:00,0.06276226826059707,452.77,328.47,손절,3.0,0.07104218050087634,0.051538805638895804,-7.923930930931981,-27.45323232546325,APP@2025-02-21 05:00:00+00:00,④손절25+모멘텀0+회전가드,B,B+C
SMCI,2025-02-20 05:00:00+00:00,2025-02-28 05:00:00+00:00,2025-02-19 05:00:00+00:00,2025-02-27 05:00:00+00:00,35.88081382935752,57.21,40.225,손절,6.0,5.13185339794386,3.608264340714766,-618.1757406302961,-29.68886558294005,SMCI@2025-02-20 05:00:00+00:00,④손절25+모멘텀0+회전가드,B,B+C
PDD,2025-02-24 05:00:00+00:00,2025-03-03 05:00:00+00:00,2025-02-21 05:00:00+00:00,2025-02-28 05:00:00+00:00,42.17227067134567,125.155,113.585,모멘텀,5.0,13.195176339680671,11.975343410511995,-513.103691417662,-9.244536774399748,PDD@2025-02-24 05:00:00+00:00,④손절25+모멘텀0+회전가드,B,B+C
DXCM,2025-01-17 05:00:00+00:00,2025-03-04 05:00:00+00:00,2025-01-16 05:00:00+00:00,2025-03-03 05:00:00+00:00,47.78773722175243,86.32,85.76,모멘텀,30.0,10.312593692454172,10.245690860343721,-47.31941739697868,-0.6487488415199083,DXCM@2025-01-17 05:00:00+00:00,④손절25+모멘텀0+회전가드,B,B+C
PLTR,2025-02-21 05:00:00+00:00,2025-03-06 05:00:00+00:00,2025-02-20 05:00:00+00:00,2025-03-05 05:00:00+00:00,43.16873921210309,107.68,87.505,손절,9.0,11.621024595898152,9.443701311887702,-891.9940395119661,-18.73606983655276,PLTR@2025-02-21 05:00:00+00:00,④손절25+모멘텀0+회전가드,B,B+C
SMCI,2025-03-03 05:00:00+00:00,2025-03-12 04:00:00+00:00,2025-02-28 05:00:00+00:00,2025-03-11 04:00:00+00:00,113.06182677525894,42.28,43.955,모멘텀,7.0,11.95063509014487,12.424081489766266,165.00384326864787,3.961684011352884,SMCI@2025-03-03 05:00:00+00:00,④손절25+모멘텀0+회전가드,B,B
TMUS,2025-02-26 05:00:00+00:00,2025-03-13 04:00:00+00:00,2025-02-25 05:00:00+00:00,2025-03-12 04:00:00+00:00,1.9132199734571615,266.172,256.73,모멘텀,11.0,1.2731139669375993,1.2279524094641427,-20.565689365784237,-3.5473302977022447,TMUS@2025-02-26 05:00:00+00:00,④손절25+모멘텀0+회전가드,B,B
INTC,2025-03-04 05:00:00+00:00,2025-03-13 04:00:00+00:00,2025-03-03 05:00:00+00:00,2025-03-12 04:00:00+00:00,182.59085762769112,22.54,23.5,모멘텀,7.0,10.288994827320394,10.727212885626853,154.27101560963638,4.25909494232477,INTC@2025-03-04 05:00:00+00:00,④손절25+모멘텀0+회전가드,B,B
SMCI,2025-03-13 04:00:00+00:00,2025-03-14 04:00:00+00:00,2025-03-12 04:00:00+00:00,2025-03-13 04:00:00+00:00,0.30299997445243526,42.13,40.48,모멘텀,1.0,0.031913472309202745,0.030663597414586446,-0.562527027570308,-3.9164490861618884,SMCI@2025-03-13 04:00:00+00:00,④손절25+모멘텀0+회전가드,B,B+C
MRNA,2025-03-13 04:00:00+00:00,2025-03-19 04:00:00+00:00,2025-03-12 04:00:00+00:00,2025-03-18 04:00:00+00:00,136.4499788990033,35.15,33.78,모멘텀,4.0,11.990541895749914,11.523200718020828,-210.45021370540417,-3.8975817923186273,MRNA@2025-03-13 04:00:00+00:00,④손절25+모멘텀0+회전가드,B,B+C
GILD,2025-02-28 05:00:00+00:00,2025-03-20 04:00:00+00:00,2025-02-27 05:00:00+00:00,2025-03-19 04:00:00+00:00,13.613046594009774,112.15,106.825,모멘텀,14.0,3.81675793879549,3.6355342560127357,-79.94176530791015,-4.7481052162282715,GILD@2025-02-28 05:00:00+00:00,④손절25+모멘텀0+회전가드,B,B
MDLZ,2025-03-12 04:00:00+00:00,2025-03-24 04:00:00+00:00,2025-03-11 04:00:00+00:00,2025-03-21 04:00:00+00:00,72.0662747443961,66.72,64.55,모멘텀,8.0,12.020654627365268,11.62969508687692,-180.03416590958022,-3.2523980815347797,MDLZ@2025-03-12 04:00:00+00:00,④손절25+모멘텀0+회전가드,B,B+C
AMGN,2025-03-20 04:00:00+00:00,2025-03-26 04:00:00+00:00,2025-03-19 04:00:00+00:00,2025-03-25 04:00:00+00:00,4.600777246723126,314.175,306.44,모멘텀,4.0,3.613622978723096,3.524655448714587,-42.72529043084114,-2.462003660380363,AMGN@2025-03-20 04:00:00+00:00,④손절25+모멘텀0+회전가드,B,B+C
AXON,2025-03-24 04:00:00+00:00,2025-03-27 04:00:00+00:00,2025-03-21 04:00:00+00:00,2025-03-26 04:00:00+00:00,8.068300219081443,571.99,554.78,모멘텀,3.0,11.537467605780988,11.190328988855008,-161.58324336502756,-3.0087938600325215,AXON@2025-03-24 04:00:00+00:00,④손절25+모멘텀0+회전가드,B,B+C
CHTR,2025-03-27 04:00:00+00:00,2025-04-01 04:00:00+00:00,2025-03-26 04:00:00+00:00,2025-03-31 04:00:00+00:00,11.55269411437143,385.86,366.1,모멘텀,3.0,11.1443063774284,10.573603288178452,-249.99914536558572,-5.121028352252111,CHTR@2025-03-27 04:00:00+00:00,④손절25+모멘텀0+회전가드,B,B+C
VRTX,2025-03-14 04:00:00+00:00,2025-04-02 04:00:00+00:00,2025-03-13 04:00:00+00:00,2025-04-01 04:00:00+00:00,0.01591685651146161,507.0,481.64,모멘텀,13.0,0.02017461562827759,0.019165486925450923,-0.4429915836843952,-5.001972386587772,VRTX@2025-03-14 04:00:00+00:00,④손절25+모멘텀0+회전가드,B,B+C
MSTR,2025-03-26 04:00:00+00:00,2025-04-04 04:00:00+00:00,2025-03-25 04:00:00+00:00,2025-04-03 04:00:00+00:00,4.21045353323613,336.5,285.015,모멘텀,7.0,3.5420440348348947,3.0001060344382386,-223.31735022793532,-15.300148588410112,MSTR@2025-03-26 04:00:00+00:00,④손절25+모멘텀0+회전가드,B,B+C
DLTR,2025-04-01 04:00:00+00:00,2025-04-04 04:00:00+00:00,2025-03-31 04:00:00+00:00,2025-04-03 04:00:00+00:00,56.29488439423271,75.26,62.0,모멘텀,3.0,10.591882498774885,8.725707081106071,-765.7877566474067,-17.61892107361148,DLTR@2025-04-01 04:00:00+00:00,④손절25+모멘텀0+회전가드,B,B+C
EA,2025-03-19 04:00:00+00:00,2025-04-07 04:00:00+00:00,2025-03-18 04:00:00+00:00,2025-04-04 04:00:00+00:00,32.35128295266108,142.02,132.96,모멘텀,13.0,11.486323012342318,10.753566453464543,-315.3425130169162,-6.3793831854668355,EA@2025-03-19 04:00:00+00:00,④손절25+모멘텀0+회전가드,B,B+C
CDNS,2025-04-03 04:00:00+00:00,2025-04-07 04:00:00+00:00,2025-04-02 04:00:00+00:00,2025-04-04 04:00:00+00:00,0.2467281365897867,252.34,229.65,모멘텀,2.0,0.15564844496766694,0.1416527914196113,-5.895562655609531,-8.991836411191246,CDNS@2025-04-03 04:00:00+00:00,④손절25+모멘텀0+회전가드,B,B+C
ORLY,2025-04-04 04:00:00+00:00,2025-04-08 04:00:00+00:00,2025-04-03 04:00:00+00:00,2025-04-07 04:00:00+00:00,4.20939683587071,96.216084,90.054338,모멘텀,2.0,1.0125291988736762,0.9476861135840787,-27.89744942829668,-6.404070654133043,ORLY@2025-04-04 04:00:00+00:00,④손절25+모멘텀0+회전가드,B,B+C
MNST,2025-03-06 05:00:00+00:00,2025-04-09 04:00:00+00:00,2025-03-05 05:00:00+00:00,2025-04-08 04:00:00+00:00,137.9524858456692,27.56,27.565,모멘텀,24.0,9.504926274766609,9.50665068083968,-18.32181452637724,0.018142235123375094,MNST@2025-03-06 05:00:00+00:00,④손절25+모멘텀0+회전가드,B,B+C
MSTR,2025-04-07 04:00:00+00:00,2025-04-09 04:00:00+00:00,2025-04-04 04:00:00+00:00,2025-04-08 04:00:00+00:00,16.281748454112112,260.14,242.015,모멘텀,2.0,10.58883510713181,9.851068380304856,-315.54659421821816,-6.967402168063352,MSTR@2025-04-07 04:00:00+00:00,④손절25+모멘텀0+회전가드,B,B+C
CCEP,2025-04-07 04:00:00+00:00,2025-04-09 04:00:00+00:00,2025-04-04 04:00:00+00:00,2025-04-08 04:00:00+00:00,1.2945668921794968,82.38,83.47,모멘텀,2.0,0.26661605144436734,0.2701437462255565,0.874318114805746,1.3231366836610858,CCEP@2025-04-07 04:00:00+00:00,④손절25+모멘텀0+회전가드,B,B+C
KDP,2025-04-09 04:00:00+00:00,2025-05-01 04:00:00+00:00,2025-04-08 04:00:00+00:00,2025-04-30 04:00:00+00:00,109.80166370164488,33.67,34.29,모멘텀,15.0,9.242555042085959,9.412747620823508,49.4217288321106,1.841401841401824,KDP@2025-04-09 04:00:00+00:00,④손절25+모멘텀0+회전가드,B,B+C
EXC,2025-04-04 04:00:00+00:00,2025-05-05 04:00:00+00:00,2025-04-03 04:00:00+00:00,2025-05-02 04:00:00+00:00,90.83989759711702,48.06,46.4,모멘텀,20.0,10.91441369629361,10.537428121265574,-172.24607182877298,-3.45401581356638,EXC@2025-04-04 04:00:00+00:00,④손절25+모멘텀0+회전가드,B,B+C
CPRT,2025-04-09 04:00:00+00:00,2025-05-23 04:00:00+00:00,2025-04-08 04:00:00+00:00,2025-05-22 04:00:00+00:00,74.92695297896816,54.5,57.44,모멘텀,31.0,10.208797343384411,10.759510447779828,199.31693396700302,5.394495412844025,CPRT@2025-04-09 04:00:00+00:00,④손절25+모멘텀0+회전가드,B,B+C
MSTR,2025-05-01 04:00:00+00:00,2025-05-29 04:00:00+00:00,2025-04-30 04:00:00+00:00,2025-05-28 04:00:00+00:00,0.032454085886663576,392.29,370.785,모멘텀,19.0,0.031828533381198135,0.03008372058871639,-0.7598373709626127,-5.481913890234269,MSTR@2025-05-01 04:00:00+00:00,④손절25+모멘텀0+회전가드,B,공통
PLTR,2025-05-01 04:00:00+00:00,2025-07-02 04:00:00+00:00,2025-04-30 04:00:00+00:00,2025-07-01 04:00:00+00:00,30.828342034881263,120.04,131.47,모멘텀,42.0,9.251585444667867,10.1325053183146,332.9838586957103,9.521826057980665,PLTR@2025-05-01 04:00:00+00:00,④손절25+모멘텀0+회전가드,B,B+C
CEG,2025-05-23 04:00:00+00:00,2025-07-02 04:00:00+00:00,2025-05-22 04:00:00+00:00,2025-07-01 04:00:00+00:00,14.23533815594589,298.645,306.88,모멘텀,26.0,10.62828140895615,10.921351433241687,95.678376872017,2.7574545028378195,CEG@2025-05-23 04:00:00+00:00,④손절25+모멘텀0+회전가드,B,B+C
MRVL,2025-07-02 04:00:00+00:00,2025-07-21 04:00:00+00:00,2025-07-01 04:00:00+00:00,2025-07-18 04:00:00+00:00,45.014030661558024,76.19,73.485,모멘텀,12.0,8.574047490260265,8.26964010791148,-138.60664053768596,-3.5503346895918053,MRVL@2025-07-02 04:00:00+00:00,④손절25+모멘텀0+회전가드,B,B+C
ARM,2025-07-02 04:00:00+00:00,2025-07-29 04:00:00+00:00,2025-07-01 04:00:00+00:00,2025-07-28 04:00:00+00:00,0.06203567439087673,154.205,164.0,모멘텀,18.0,0.02391552792361287,0.02543462650025946,0.5582892762347651,6.351934113679825,ARM@2025-07-02 04:00:00+00:00,④손절25+모멘텀0+회전가드,B,B
ON,2025-07-02 04:00:00+00:00,2025-08-05 04:00:00+00:00,2025-07-01 04:00:00+00:00,2025-08-04 04:00:00+00:00,88.18021002579668,54.71,48.41,모멘텀,23.0,12.060848226278342,10.672009918372044,-578.2681813071695,-11.515262292085549,ON@2025-07-02 04:00:00+00:00,④손절25+모멘텀0+회전가드,B,B+C
DLTR,2025-04-08 04:00:00+00:00,2025-08-19 04:00:00+00:00,2025-04-07 04:00:00+00:00,2025-08-18 04:00:00+00:00,5.8961510073354955,75.0,112.23,모멘텀,91.0,1.1055283138754053,1.6543125688831566,216.75386112034198,49.63999999999999,DLTR@2025-04-08 04:00:00+00:00,④손절25+모멘텀0+회전가드,B,B+C
SNPS,2025-08-01 04:00:00+00:00,2025-08-20 04:00:00+00:00,2025-07-31 04:00:00+00:00,2025-08-19 04:00:00+00:00,0.020719263646463645,617.55,611.09,모멘텀,13.0,0.03198795316218406,0.03165333705429367,-0.19748773337262904,-1.0460691441988357,SNPS@2025-08-01 04:00:00+00:00,④손절25+모멘텀0+회전가드,B,B
AVGO,2025-05-05 04:00:00+00:00,2025-08-26 04:00:00+00:00,2025-05-02 04:00:00+00:00,2025-08-25 04:00:00+00:00,20.813325147812755,200.25,294.35,모멘텀,78.0,10.41967090212376,15.316005643146712,1932.798219863911,46.9912609238452,AVGO@2025-05-05 04:00:00+00:00,④손절25+모멘텀0+회전가드,B,B+C
AMD,2025-07-21 04:00:00+00:00,2025-08-26 04:00:00+00:00,2025-07-18 04:00:00+00:00,2025-08-25 04:00:00+00:00,20.375757447193756,157.62,168.65,모멘텀,26.0,8.0290672220667,8.590928733673067,208.12460868680728,6.997842913335872,AMD@2025-07-21 04:00:00+00:00,④손절25+모멘텀0+회전가드,B,B+C
IDXX,2025-08-05 04:00:00+00:00,2025-09-03 04:00:00+00:00,2025-08-04 04:00:00+00:00,2025-09-02 04:00:00+00:00,6.367917126057229,676.48,640.99,모멘텀,20.0,10.769421443587985,10.20442799657856,-246.97122824393682,-5.246274834437092,IDXX@2025-08-05 04:00:00+00:00,④손절25+모멘텀0+회전가드,B,B+C
EA,2025-08-26 04:00:00+00:00,2025-09-10 04:00:00+00:00,2025-08-25 04:00:00+00:00,2025-09-09 04:00:00+00:00,27.406094625932116,172.03,165.81,모멘텀,10.0,11.786676146247755,11.360511374814513,-193.6130960943592,-3.615648433412777,EA@2025-08-26 04:00:00+00:00,④손절25+모멘텀0+회전가드,B,B+C
AAPL,2025-09-03 04:00:00+00:00,2025-09-11 04:00:00+00:00,2025-09-02 04:00:00+00:00,2025-09-10 04:00:00+00:00,17.196947122893995,237.21,226.875,모멘텀,6.0,10.198219567554212,9.753893446266439,-197.6825615289299,-4.3568989502972055,AAPL@2025-09-03 04:00:00+00:00,④손절25+모멘텀0+회전가드,B,B+C
AZN,2025-08-20 04:00:00+00:00,2025-09-16 04:00:00+00:00,2025-08-19 04:00:00+00:00,2025-09-15 04:00:00+00:00,0.14991375872171334,161.74736,157.128888,모멘텀,18.0,0.06062038675228526,0.05888945550960779,-0.8118823393328789,-2.8553615960099754,AZN@2025-08-20 04:00:00+00:00,④손절25+모멘텀0+회전가드,B,B
INTC,2025-08-26 04:00:00+00:00,2025-09-18 04:00:00+00:00,2025-08-25 04:00:00+00:00,2025-09-17 04:00:00+00:00,194.64787099837437,24.58,31.78,모멘텀,16.0,11.961111672850105,15.464773350820845,1374.038786164625,29.292107404393832,INTC@2025-08-26 04:00:00+00:00,④손절25+모멘텀0+회전가드,B,B
AVGO,2025-09-11 04:00:00+00:00,2025-10-07 04:00:00+00:00,2025-09-10 04:00:00+00:00,2025-10-06 04:00:00+00:00,10.463113016790112,371.18,337.025,모멘텀,18.0,9.709245723930385,8.815826661209218,-375.8926974736055,-9.201735007274102,AVGO@2025-09-11 04:00:00+00:00,④손절25+모멘텀0+회전가드,B,B+C
APP,2025-08-19 04:00:00+00:00,2025-10-13 04:00:00+00:00,2025-08-18 04:00:00+00:00,2025-10-10 04:00:00+00:00,1.6223230099431352,430.64,590.0,모멘텀,38.0,1.7465929525047792,2.3929264396661245,254.3938754723672,37.005387330484865,APP@2025-08-19 04:00:00+00:00,④손절25+모멘텀0+회전가드,B,B+C
GOOGL,2025-09-10 04:00:00+00:00,2025-10-13 04:00:00+00:00,2025-09-09 04:00:00+00:00,2025-10-10 04:00:00+00:00,18.91732589087067,238.9,240.21,모멘텀,23.0,11.298372888322508,11.36032713061511,2.1229968981042475,0.548346588530757,GOOGL@2025-09-10 04:00:00+00:00,④손절25+모멘텀0+회전가드,B,B+C
WBD,2025-09-17 04:00:00+00:00,2025-10-13 04:00:00+00:00,2025-09-16 04:00:00+00:00,2025-10-10 04:00:00+00:00,1.2154585716025077,18.08,17.995,모멘텀,18.0,0.05493872743643334,0.054680442489967826,-0.21293314851260803,-0.47013274336281663,WBD@2025-09-17 04:00:00+00:00,④손절25+모멘텀0+회전가드,B,B
MRVL,2025-10-13 04:00:00+00:00,2025-10-24 04:00:00+00:00,2025-10-10 04:00:00+00:00,2025-10-23 04:00:00+00:00,2.0415379561493854,89.47,83.875,모멘텀,9.0,0.4566410023417138,0.42808499018007423,-12.307130857177583,-6.253492790879623,MRVL@2025-10-13 04:00:00+00:00,④손절25+모멘텀0+회전가드,B,B+C
INTC,2025-10-07 04:00:00+00:00,2025-11-05 05:00:00+00:00,2025-10-06 04:00:00+00:00,2025-11-04 05:00:00+00:00,118.44885102330005,36.64,37.415,모멘텀,21.0,10.849914753734286,11.079409402591928,69.86853538673131,2.115174672489073,INTC@2025-10-07 04:00:00+00:00,④손절25+모멘텀0+회전가드,B,B+C
AMAT,2025-10-14 04:00:00+00:00,2025-11-14 05:00:00+00:00,2025-10-13 04:00:00+00:00,2025-11-13 05:00:00+00:00,0.15623479923972108,213.9,203.75,모멘텀,23.0,0.08354655889344086,0.07958210086273293,-1.74891187203934,-4.7452080411407245,AMAT@2025-10-14 04:00:00+00:00,④손절25+모멘텀0+회전가드,B,B
AMD,2025-10-13 04:00:00+00:00,2025-11-18 05:00:00+00:00,2025-10-10 04:00:00+00:00,2025-11-17 05:00:00+00:00,24.132924176832333,220.2,236.78,모멘텀,26.0,13.285174759346198,14.2854844664759,372.55322362605966,7.529518619436892,AMD@2025-10-13 04:00:00+00:00,④손절25+모멘텀0+회전가드,B,B+C
MU,2025-09-18 04:00:00+00:00,2025-11-21 05:00:00+00:00,2025-09-17 04:00:00+00:00,2025-11-20 05:00:00+00:00,31.505844492318154,162.99,204.53,모멘텀,46.0,12.83784398450734,16.109725935034582,1279.8052102913543,25.486226148843482,MU@2025-09-18 04:00:00+00:00,④손절25+모멘텀0+회전가드,B,B+C
DDOG,2025-11-17 05:00:00+00:00,2025-12-02 05:00:00+00:00,2025-11-14 05:00:00+00:00,2025-12-01 05:00:00+00:00,0.0804540593248053,184.18,161.68,모멘텀,10.0,0.0370450716161066,0.03251953077908631,-1.8797809372033107,-12.216310131393204,DDOG@2025-11-17 05:00:00+00:00,④손절25+모멘텀0+회전가드,B,B
MAR,2025-12-02 05:00:00+00:00,2025-12-09 05:00:00+00:00,2025-12-01 05:00:00+00:00,2025-12-08 05:00:00+00:00,2.427880701038643,304.56,287.4,모멘텀,5.0,1.8485883657708229,1.744432283696265,-45.25545347929017,-5.63435776201735,MAR@2025-12-02 05:00:00+00:00,④손절25+모멘텀0+회전가드,B,B+C
ISRG,2025-11-05 05:00:00+00:00,2025-12-10 05:00:00+00:00,2025-11-04 05:00:00+00:00,2025-12-09 05:00:00+00:00,8.010389506085431,538.0,557.76,모멘텀,24.0,10.773973885684905,11.169687127285524,136.34163562727827,3.6728624535316,ISRG@2025-11-05 05:00:00+00:00,④손절25+모멘텀0+회전가드,B,B
AMGN,2025-11-21 05:00:00+00:00,2025-12-10 05:00:00+00:00,2025-11-20 05:00:00+00:00,2025-12-09 05:00:00+00:00,17.051959032845343,334.87,316.245,모멘텀,12.0,14.2754738033223,13.48149196085544,-345.3497027509211,-5.56185982620121,AMGN@2025-11-21 05:00:00+00:00,④손절25+모멘텀0+회전가드,B,B+C
REGN,2025-11-18 05:00:00+00:00,2025-12-26 05:00:00+00:00,2025-11-17 05:00:00+00:00,2025-12-24 05:00:00+00:00,8.168225540210113,702.51,783.79,모멘텀,26.0,14.345650310632516,16.00543374040321,633.5622878572422,11.569942064881644,REGN@2025-11-18 05:00:00+00:00,④손절25+모멘텀0+회전가드,B,B+C
ADI,2025-12-09 05:00:00+00:00,2026-01-02 05:00:00+00:00,2025-12-08 05:00:00+00:00,2025-12-31 05:00:00+00:00,2.838243195262791,277.58,275.07,모멘텀,16.0,1.9695988653526137,1.95178888930234,-11.045378174764437,-0.9042438216009807,ADI@2025-12-09 05:00:00+00:00,④손절25+모멘텀0+회전가드,B,B+C
WBD,2025-11-06 05:00:00+00:00,2026-01-12 05:00:00+00:00,2025-11-05 05:00:00+00:00,2026-01-09 05:00:00+00:00,1.5779283697019404,22.57,28.48,모멘텀,44.0,0.089034608260432,0.11234849992277816,9.124173556755267,26.185201595037654,WBD@2025-11-06 05:00:00+00:00,④손절25+모멘텀0+회전가드,B,B
DXCM,2025-12-10 05:00:00+00:00,2026-01-12 05:00:00+00:00,2025-12-09 05:00:00+00:00,2026-01-09 05:00:00+00:00,82.93672480232222,66.485,66.74,모멘텀,21.0,13.78512037120598,13.837992533267462,-6.474248079880454,0.3835451605625151,DXCM@2025-12-10 05:00:00+00:00,④손절25+모멘텀0+회전가드,B,B+C
MCHP,2025-12-10 05:00:00+00:00,2026-02-10 05:00:00+00:00,2025-12-09 05:00:00+00:00,2026-02-09 05:00:00+00:00,63.78009043904146,66.79,74.56,모멘텀,41.0,10.649680601058948,11.888608857837328,473.033013252455,11.633478065578661,MCHP@2025-12-10 05:00:00+00:00,④손절25+모멘텀0+회전가드,B,B
MRNA,2025-12-26 05:00:00+00:00,2026-02-13 05:00:00+00:00,2025-12-24 05:00:00+00:00,2026-02-12 05:00:00+00:00,173.22920534797873,32.5,41.85,모멘텀,33.0,14.074872934523274,18.124105609532275,1587.4940914595454,28.76923076923077,MRNA@2025-12-26 05:00:00+00:00,④손절25+모멘텀0+회전가드,B,B+C
GFS,2026-02-13 05:00:00+00:00,2026-02-20 05:00:00+00:00,2026-02-12 05:00:00+00:00,2026-02-19 05:00:00+00:00,137.75875805327595,47.96,45.23,모멘텀,4.0,16.517275090587788,15.577071566874176,-408.1757561429058,-5.692243536280239,GFS@2026-02-13 05:00:00+00:00,④손절25+모멘텀0+회전가드,B,B
MU,2026-01-02 05:00:00+00:00,2026-02-27 05:00:00+00:00,2025-12-31 05:00:00+00:00,2026-02-26 05:00:00+00:00,5.165378990505904,295.125,401.81,모멘텀,38.0,3.811081186432638,5.188752330437945,542.0686240852524,36.14908936891148,MU@2026-01-02 05:00:00+00:00,④손절25+모멘텀0+회전가드,B,B
LRCX,2026-01-12 05:00:00+00:00,2026-02-27 05:00:00+00:00,2026-01-09 05:00:00+00:00,2026-02-26 05:00:00+00:00,25.08606347940011,216.12,233.46,모멘텀,32.0,13.55400009791988,14.641480949751875,406.79685968512604,8.02332037756801,LRCX@2026-01-12 05:00:00+00:00,④손절25+모멘텀0+회전가드,B,B+C
GILD,2026-02-10 05:00:00+00:00,2026-03-06 05:00:00+00:00,2026-02-09 05:00:00+00:00,2026-03-05 05:00:00+00:00,30.00955009560755,151.47,143.56,모멘텀,17.0,11.363866382454189,10.77042752931355,-259.5098351680235,-5.222156202548356,GILD@2026-02-10 05:00:00+00:00,④손절25+모멘텀0+회전가드,B,B
CHTR,2026-02-20 05:00:00+00:00,2026-03-10 04:00:00+00:00,2026-02-19 05:00:00+00:00,2026-03-09 04:00:00+00:00,28.2332152596052,231.95,222.23,모멘텀,12.0,16.371735698663564,15.685668567855158,-306.4842565898816,-4.190558309980597,CHTR@2026-02-20 05:00:00+00:00,④손절25+모멘텀0+회전가드,B,B+C
ARM,2026-02-27 05:00:00+00:00,2026-03-10 04:00:00+00:00,2026-02-26 05:00:00+00:00,2026-03-09 04:00:00+00:00,13.754349187886802,126.145,117.0,모멘텀,7.0,4.337605945764952,4.023147137456889,-134.14427640644658,-7.24959372151096,ARM@2026-02-27 05:00:00+00:00,④손절25+모멘텀0+회전가드,B,공통
BKR,2026-02-10 05:00:00+00:00,2026-03-11 04:00:00+00:00,2026-02-09 05:00:00+00:00,2026-03-10 04:00:00+00:00,0.23143406763945407,59.74,59.04,모멘텀,20.0,0.03456467800195247,0.03415966838358342,-0.23072819373315134,-1.171744224974891,BKR@2026-02-10 05:00:00+00:00,④손절25+모멘텀0+회전가드,B,B
CCEP,2026-02-27 05:00:00+00:00,2026-03-18 04:00:00+00:00,2026-02-26 05:00:00+00:00,2026-03-17 04:00:00+00:00,58.85750072305628,108.94,100.01,모멘텀,13.0,16.02984032192438,14.715846618282148,-556.3431683970975,-8.1971727556453,CCEP@2026-02-27 05:00:00+00:00,④손절25+모멘텀0+회전가드,B,B+C
CEG,2026-03-06 05:00:00+00:00,2026-03-23 04:00:00+00:00,2026-03-05 05:00:00+00:00,2026-03-20 04:00:00+00:00,13.414669731776188,327.05,290.53,모멘텀,11.0,10.968169339443508,9.743409992932339,-510.615317936843,-11.1664883045406,CEG@2026-03-06 05:00:00+00:00,④손절25+모멘텀0+회전가드,B,B
AXON,2026-03-10 04:00:00+00:00,2026-03-26 04:00:00+00:00,2026-03-09 04:00:00+00:00,2026-03-25 04:00:00+00:00,3.317327378981824,556.29,448.21,모멘텀,12.0,4.613490119134497,3.7171482613336084,-366.8673815008233,-19.428715238454764,AXON@2026-03-10 04:00:00+00:00,④손절25+모멘텀0+회전가드,B,B
APP,2026-03-18 04:00:00+00:00,2026-03-27 04:00:00+00:00,2026-03-17 04:00:00+00:00,2026-03-26 04:00:00+00:00,12.907909542104672,453.61,392.6,모멘텀,7.0,14.637892118485253,12.669113215575738,-814.8185664978664,-13.449879852736935,APP@2026-03-18 04:00:00+00:00,④손절25+모멘텀0+회전가드,B,B+C
MRNA,2026-03-10 04:00:00+00:00,2026-03-30 04:00:00+00:00,2026-03-09 04:00:00+00:00,2026-03-27 04:00:00+00:00,109.30121123963681,55.215,49.675,모멘텀,14.0,15.087665946491368,13.573844170822397,-634.1902203849013,-10.03350538802863,MRNA@2026-03-10 04:00:00+00:00,④손절25+모멘텀0+회전가드,B,B+C
NFLX,2026-03-11 04:00:00+00:00,2026-03-30 04:00:00+00:00,2026-03-10 04:00:00+00:00,2026-03-27 04:00:00+00:00,0.4259747744620371,97.41,92.75,모멘텀,13.0,0.10373550695086758,0.09877290082838486,-2.187550856772333,-4.783903090031815,NFLX@2026-03-11 04:00:00+00:00,④손절25+모멘텀0+회전가드,B,B+C
PLTR,2026-03-30 04:00:00+00:00,2026-03-31 04:00:00+00:00,2026-03-27 04:00:00+00:00,2026-03-30 04:00:00+00:00,35.409021170009524,143.27,140.02,모멘텀,1.0,12.682626157568162,12.394927860561834,-140.15687282066028,-2.2684441962727675,PLTR@2026-03-30 04:00:00+00:00,④손절25+모멘텀0+회전가드,B,B+C
INTU,2026-03-23 04:00:00+00:00,2026-04-01 04:00:00+00:00,2026-03-20 04:00:00+00:00,2026-03-31 04:00:00+00:00,8.665933244513965,456.0,431.255,모멘텀,7.0,9.87916389874592,9.343067603407176,-233.6607496376505,-5.426535087719298,INTU@2026-03-23 04:00:00+00:00,④손절25+모멘텀0+회전가드,B,B+C
DDOG,2026-03-31 04:00:00+00:00,2026-04-06 04:00:00+00:00,2026-03-30 04:00:00+00:00,2026-04-02 04:00:00+00:00,41.53902335223334,116.895,117.25,모멘텀,3.0,12.139260336898293,12.176126220123399,-9.569033266978295,0.30369134693528643,DDOG@2026-03-31 04:00:00+00:00,④손절25+모멘텀0+회전가드,B,B+C
ROST,2026-03-30 04:00:00+00:00,2026-05-08 04:00:00+00:00,2026-03-27 04:00:00+00:00,2026-05-07 04:00:00+00:00,2.083584883976745,211.69,225.66,모멘텀,28.0,1.1026852102225928,1.1754544122954806,26.829541206637145,6.59927252113941,ROST@2026-03-30 04:00:00+00:00,④손절25+모멘텀0+회전가드,B,B+C
INTC,2026-04-06 04:00:00+00:00,2026-06-05 04:00:00+00:00,2026-04-02 04:00:00+00:00,2026-06-04 04:00:00+00:00,95.28791257085938,50.88,106.48,모멘텀,43.0,12.120622479013313,25.365642326362767,5260.521674134407,109.2767295597484,INTC@2026-04-06 04:00:00+00:00,④손절25+모멘텀0+회전가드,B,B+C
DDOG,2026-06-05 04:00:00+00:00,2026-06-24 04:00:00+00:00,2026-06-04 04:00:00+00:00,2026-06-23 04:00:00+00:00,36.650958581973846,237.4,218.2,모멘텀,12.0,21.75234391840148,19.993097906466733,-745.443846598766,-8.087615838247686,DDOG@2026-06-05 04:00:00+00:00,④손절25+모멘텀0+회전가드,B,B
ARM,2026-03-27 04:00:00+00:00,2026-06-29 04:00:00+00:00,2026-03-26 04:00:00+00:00,2026-06-26 04:00:00+00:00,33.68867670933001,151.53,336.25,모멘텀,63.0,12.762112954411942,28.31954385878054,6181.890704934249,121.90325348115883,ARM@2026-03-27 04:00:00+00:00,④손절25+모멘텀0+회전가드,B,B+C
MRVL,2026-03-26 04:00:00+00:00,2026-07-02 04:00:00+00:00,2026-03-25 04:00:00+00:00,2026-07-01 04:00:00+00:00,16.158354740823878,97.96,269.5,모멘텀,67.0,3.9571810760277675,10.886691506630088,2756.9602996582707,175.11229073091062,MRVL@2026-03-26 04:00:00+00:00,④손절25+모멘텀0+회전가드,B,B+C
MU,2026-06-24 04:00:00+00:00,2026-07-02 04:00:00+00:00,2026-06-23 04:00:00+00:00,2026-07-01 04:00:00+00:00,7.251180482105522,1082.22,1041.5,모멘텀,6.0,19.6184313533606,18.880261180282254,-333.7667617649795,-3.7626360629077316,MU@2026-06-24 04:00:00+00:00,④손절25+모멘텀0+회전가드,B,B+C
AMD,2026-04-01 04:00:00+00:00,2026-07-06 04:00:00+00:00,2026-03-31 04:00:00+00:00,2026-07-02 04:00:00+00:00,17.76898836807441,207.585,535.35,모멘텀,64.0,9.221438625966817,23.781569807121592,5791.0494640288225,157.89435652865095,AMD@2026-04-01 04:00:00+00:00,④손절25+모멘텀0+회전가드,B,B+C
KLAC,2026-07-02 04:00:00+00:00,2026-07-14 04:00:00+00:00,2026-07-01 04:00:00+00:00,2026-07-13 04:00:00+00:00,2.10824224695822,266.0,237.4,모멘텀,7.0,1.4019810942272162,1.2512417735697035,-62.9489511308019,-10.751879699248123,KLAC@2026-07-02 04:00:00+00:00,④손절25+모멘텀0+회전가드,B,B+C
AMAT,2026-07-02 04:00:00+00:00,2026-07-16 04:00:00+00:00,2026-07-01 04:00:00+00:00,2026-07-15 04:00:00+00:00,17.34170476294343,656.69,562.54,모멘텀,9.0,28.470310251943307,24.38850649336549,-1685.5803201764356,-14.337054013309181,AMAT@2026-07-02 04:00:00+00:00,④손절25+모멘텀0+회전가드,B,B+C
MRNA,2026-06-29 04:00:00+00:00,2026-07-21 04:00:00+00:00,2026-06-26 04:00:00+00:00,2026-07-20 04:00:00+00:00,164.8796292059106,67.945,59.51,모멘텀,15.0,28.006866015988987,24.52996683510935,-1443.2965052029522,-12.414452866288904,MRNA@2026-06-29 04:00:00+00:00,④손절25+모멘텀0+회전가드,B,B+C
DASH,2026-07-06 04:00:00+00:00,2026-07-24 04:00:00+00:00,2026-07-02 04:00:00+00:00,2026-07-23 04:00:00+00:00,49.12009551163733,191.93,171.0,모멘텀,14.0,23.569049828871385,20.998840831224957,-1072.6514897186662,-10.905017454280209,DASH@2026-07-06 04:00:00+00:00,④손절25+모멘텀0+회전가드,B,B+C
FTNT,2026-06-05 04:00:00+00:00,2026-07-29 04:00:00+00:00,2026-06-04 04:00:00+00:00,2026-07-28 04:00:00+00:00,0.09563454804528772,148.46,148.27,모멘텀,36.0,0.03549476250700854,0.035449336096687024,-0.08911466273229962,-0.12798060083524243,FTNT@2026-06-05 04:00:00+00:00,④손절25+모멘텀0+회전가드,B,B+C
AXON,2026-07-14 04:00:00+00:00,2026-07-30 04:00:00+00:00,2026-07-13 04:00:00+00:00,2026-07-29 04:00:00+00:00,1.426381572892652,526.508,517.02,모멘텀,12.0,1.8775032729514112,1.8436695020423974,-17.254681138599153,-1.8020618869988736,AXON@2026-07-14 04:00:00+00:00,④손절25+모멘텀0+회전가드,B,B+C
CTAS,2026-07-24 04:00:00+00:00,2026-08-14 04:00:00+00:00,2026-07-23 04:00:00+00:00,2026-08-13 04:00:00+00:00,41.86041349326485,202.28,200.49,모멘텀,15.0,21.168811103544037,20.981485753161675,-117.08043700965027,-0.884912003163929,CTAS@2026-07-24 04:00:00+00:00,④손절25+모멘텀0+회전가드,B,B+C
PYPL,2026-07-16 04:00:00+00:00,2026-08-31 04:00:00+00:00,2026-07-15 04:00:00+00:00,2026-08-28 04:00:00+00:00,177.6246459742909,55.41,53.39,모멘텀,32.0,24.605454083588647,23.708449621418477,-407.1156885730743,-3.645551344522646,PYPL@2026-07-16 04:00:00+00:00,④손절25+모멘텀0+회전가드,B,B+C
WDAY,2026-07-21 04:00:00+00:00,,2026-07-20 04:00:00+00:00,,70.61481853076401,139.01,,미청산(표본종료),,24.540414809903766,0.0,,,WDAY@2026-07-21 04:00:00+00:00,④손절25+모멘텀0+회전가드,B,B+C
CTSH,2026-07-30 04:00:00+00:00,,2026-07-29 04:00:00+00:00,,10.071119576295096,53.852,,미청산(표본종료),,1.355874828556609,0.0,,,CTSH@2026-07-30 04:00:00+00:00,④손절25+모멘텀0+회전가드,B,B
TEAM,2026-08-14 04:00:00+00:00,,2026-08-13 04:00:00+00:00,,48.23710947892684,166.21,,미청산(표본종료),,20.043724916231078,0.0,,,TEAM@2026-08-14 04:00:00+00:00,④손절25+모멘텀0+회전가드,B,B
SMCI,2026-08-14 04:00:00+00:00,,2026-08-13 04:00:00+00:00,,0.5413172679566232,39.16,,미청산(표본종료),,0.052994960532953404,0.0,,,SMCI@2026-08-14 04:00:00+00:00,④손절25+모멘텀0+회전가드,B,공통
MRNA,2026-08-31 04:00:00+00:00,,2026-08-28 04:00:00+00:00,,70.35194841331214,134.1,,미청산(표본종료),,23.585490705562897,0.0,,,MRNA@2026-08-31 04:00:00+00:00,④손절25+모멘텀0+회전가드,B,B+C
SMCI,2023-10-11 04:00:00+00:00,2023-10-26 04:00:00+00:00,2023-10-10 04:00:00+00:00,2023-10-25 04:00:00+00:00,97.53432532981996,31.11,25.238,모멘텀,11.0,7.585732152526748,6.153928256684991,-586.4612187459143,-18.874959819993574,SMCI@2023-10-11 04:00:00+00:00,④손절25+모멘텀0+회전가드,C,B+C
PLTR,2023-10-11 04:00:00+00:00,2023-10-27 04:00:00+00:00,2023-10-10 04:00:00+00:00,2023-10-26 04:00:00+00:00,164.42893717958736,17.87,15.48,모멘텀,12.0,7.345862768498066,6.363399868850031,-406.69442249656186,-13.374370453273643,PLTR@2023-10-11 04:00:00+00:00,④손절25+모멘텀0+회전가드,C,B+C
AMGN,2023-10-16 04:00:00+00:00,2023-10-27 04:00:00+00:00,2023-10-13 04:00:00+00:00,2023-10-26 04:00:00+00:00,0.06326959094315363,284.5,268.95,모멘텀,9.0,0.04500049655831802,0.04254089121040292,-1.0713835269347562,-5.465729349736382,AMGN@2023-10-16 04:00:00+00:00,④손절25+모멘텀0+회전가드,C,C
PDD,2023-10-27 04:00:00+00:00,2023-11-08 05:00:00+00:00,2023-10-26 04:00:00+00:00,2023-11-07 05:00:00+00:00,23.16200746398327,110.6,107.73,모멘텀,8.0,6.404295063791373,6.2381076602372945,-79.1173641456603,-2.594936708860751,PDD@2023-10-27 04:00:00+00:00,④손절25+모멘텀0+회전가드,C,C
EA,2023-09-12 04:00:00+00:00,2023-11-10 05:00:00+00:00,2023-09-11 04:00:00+00:00,2023-11-09 05:00:00+00:00,24.512767883698356,122.08,132.13,모멘텀,43.0,7.4812967581047385,8.097180051182658,230.77484042188098,8.232306684141545,EA@2023-09-12 04:00:00+00:00,④손절25+모멘텀0+회전가드,C,B+C
SHOP,2023-11-08 05:00:00+00:00,2024-01-03 05:00:00+00:00,2023-11-07 05:00:00+00:00,2024-01-02 05:00:00+00:00,39.30840715301157,61.87,72.08,모멘텀,37.0,6.080027876392064,7.083374968972684,388.17543418688365,16.502343623727178,SHOP@2023-11-08 05:00:00+00:00,④손절25+모멘텀0+회전가드,C,C
MSTR,2023-10-26 04:00:00+00:00,2024-01-10 05:00:00+00:00,2023-10-25 04:00:00+00:00,2024-01-09 05:00:00+00:00,60.109868735387096,42.0,56.668,모멘텀,51.0,6.311536217215645,8.51576510374229,866.8642532897002,34.92380952380951,MSTR@2023-10-26 04:00:00+00:00,④손절25+모멘텀0+회전가드,C,B+C
NFLX,2023-10-27 04:00:00+00:00,2024-01-19 05:00:00+00:00,2023-10-26 04:00:00+00:00,2024-01-18 05:00:00+00:00,0.18740010267873575,40.642,48.498,모멘텀,56.0,0.01904078743267295,0.022721325449283316,1.4304530937621918,19.329757393829027,NFLX@2023-10-27 04:00:00+00:00,④손절25+모멘텀0+회전가드,C,B+C
SMCI,2024-01-10 05:00:00+00:00,2024-01-19 05:00:00+00:00,2024-01-09 05:00:00+00:00,2024-01-18 05:00:00+00:00,98.67532326072119,34.7,34.756,모멘텀,6.0,8.560084292867565,8.573898838124064,-11.60816502839134,0.1613832853025965,SMCI@2024-01-10 05:00:00+00:00,④손절25+모멘텀0+회전가드,C,C
DXCM,2023-11-10 05:00:00+00:00,2024-01-29 05:00:00+00:00,2023-11-09 05:00:00+00:00,2024-01-26 05:00:00+00:00,30.471651372925734,93.61,121.88,모멘텀,52.0,7.131128212548945,9.28471217333047,845.0177439267313,30.199764982373665,DXCM@2023-11-10 05:00:00+00:00,④손절25+모멘텀0+회전가드,C,B+C
MRNA,2024-01-03 05:00:00+00:00,2024-02-01 05:00:00+00:00,2024-01-02 05:00:00+00:00,2024-01-31 05:00:00+00:00,26.03899400002202,112.51,100.9,모멘텀,20.0,7.324118037356194,6.568336236505554,-316.20517461411737,-10.31908274820016,MRNA@2024-01-03 05:00:00+00:00,④손절25+모멘텀0+회전가드,C,C
MRVL,2024-01-19 05:00:00+00:00,2024-02-16 05:00:00+00:00,2024-01-18 05:00:00+00:00,2024-02-15 05:00:00+00:00,2.5435417481300515,69.0,67.31,모멘텀,20.0,0.43876095155243394,0.42801448766658445,-5.165360993558778,-2.449275362318837,MRVL@2024-01-19 05:00:00+00:00,④손절25+모멘텀0+회전가드,C,C
AMD,2024-01-19 05:00:00+00:00,2024-02-20 05:00:00+00:00,2024-01-18 05:00:00+00:00,2024-02-16 05:00:00+00:00,19.98549645695863,165.8,171.14,모멘텀,21.0,8.283988281409352,8.550794659109748,89.88776813963977,3.2207478890229124,AMD@2024-01-19 05:00:00+00:00,④손절25+모멘텀0+회전가드,C,B+C
CRWD,2023-10-13 04:00:00+00:00,2024-02-22 05:00:00+00:00,2023-10-12 04:00:00+00:00,2024-02-21 05:00:00+00:00,0.16395346367671323,46.89,76.2325,모멘텀,89.0,0.01921944477950271,0.031246456049337606,4.760338607105119,62.57730859458306,CRWD@2023-10-13 04:00:00+00:00,④손절25+모멘텀0+회전가드,C,B+C
ARM,2024-02-20 05:00:00+00:00,2024-03-13 04:00:00+00:00,2024-02-16 05:00:00+00:00,2024-03-12 04:00:00+00:00,26.87621981576457,123.78,129.0,모멘텀,16.0,8.316846221988346,8.667580890584075,123.30944032571915,4.217159476490551,ARM@2024-02-20 05:00:00+00:00,④손절25+모멘텀0+회전가드,C,B+C
PLTR,2024-02-22 05:00:00+00:00,2024-03-13 04:00:00+00:00,2024-02-21 05:00:00+00:00,2024-03-12 04:00:00+00:00,2.315106997647624,23.77,24.7,모멘텀,14.0,0.13757523333521007,0.1429578571047408,1.8725164173723385,3.9124947412705113,PLTR@2024-02-22 05:00:00+00:00,④손절25+모멘텀0+회전가드,C,C
SMCI,2024-01-29 05:00:00+00:00,2024-03-22 04:00:00+00:00,2024-01-26 05:00:00+00:00,2024-03-21 04:00:00+00:00,70.35555436725525,47.567,95.454,모멘텀,38.0,8.366506636468076,16.789297716429957,3343.9606276318545,100.67273529968253,SMCI@2024-01-29 05:00:00+00:00,④손절25+모멘텀0+회전가드,C,B+C
NVDA,2024-02-01 05:00:00+00:00,2024-04-05 04:00:00+00:00,2024-01-31 05:00:00+00:00,2024-04-04 04:00:00+00:00,47.18285167785761,62.1,86.866,모멘텀,44.0,7.325137722987395,10.246463984621949,1150.9589029462127,39.88083735909822,NVDA@2024-02-01 05:00:00+00:00,④손절25+모멘텀0+회전가드,C,C
MSTR,2024-02-21 05:00:00+00:00,2024-04-10 04:00:00+00:00,2024-02-20 05:00:00+00:00,2024-04-09 04:00:00+00:00,0.47013797669692525,68.43,138.75,모멘텀,34.0,0.08042885436342649,0.16307911066674596,32.816594556297616,102.76194651468651,MSTR@2024-02-21 05:00:00+00:00,④손절25+모멘텀0+회전가드,C,A+C
APP,2024-03-13 04:00:00+00:00,2024-04-19 04:00:00+00:00,2024-03-12 04:00:00+00:00,2024-04-18 04:00:00+00:00,0.09676829546099654,60.99,68.16,모멘텀,26.0,0.014754745850415448,0.01648931754655381,0.6625846150583765,11.75602557796358,APP@2024-03-13 04:00:00+00:00,④손절25+모멘텀0+회전가드,C,C
MU,2024-03-22 04:00:00+00:00,2024-04-22 04:00:00+00:00,2024-03-21 04:00:00+00:00,2024-04-19 04:00:00+00:00,43.67817518830446,109.31,107.6,모멘텀,20.0,11.936153324583902,11.749429125653899,-98.37526202223853,-1.5643582471869033,MU@2024-03-22 04:00:00+00:00,④손절25+모멘텀0+회전가드,C,C
CEG,2024-03-13 04:00:00+00:00,2024-05-01 04:00:00+00:00,2024-03-12 04:00:00+00:00,2024-04-30 04:00:00+00:00,17.939580625259318,171.24,186.25,모멘텀,34.0,7.679934465673514,8.35311722863637,253.2400534908329,8.765475356225183,CEG@2024-03-13 04:00:00+00:00,④손절25+모멘텀0+회전가드,C,C
KHC,2024-04-19 04:00:00+00:00,2024-05-02 04:00:00+00:00,2024-04-18 04:00:00+00:00,2024-05-01 04:00:00+00:00,1.702957872099175,37.29,36.39,모멘텀,9.0,0.15875824762644558,0.15492659241422244,-1.8463469249299251,-2.4135156878519637,KHC@2024-04-19 04:00:00+00:00,④손절25+모멘텀0+회전가드,C,B+C
KDP,2024-04-22 04:00:00+00:00,2024-05-30 04:00:00+00:00,2024-04-19 04:00:00+00:00,2024-05-29 04:00:00+00:00,148.6328365948963,31.68,33.68,모멘텀,27.0,11.771720658315788,12.514884841290268,272.97906769018664,6.313131313131315,KDP@2024-04-22 04:00:00+00:00,④손절25+모멘텀0+회전가드,C,B+C
MSTR,2024-05-30 04:00:00+00:00,2024-06-14 04:00:00+00:00,2024-05-29 04:00:00+00:00,2024-06-13 04:00:00+00:00,29.820478008013033,165.3,150.5,모멘텀,11.0,12.323312536811386,11.219954850514902,-464.88634190591983,-8.953418027828198,MSTR@2024-05-30 04:00:00+00:00,④손절25+모멘텀0+회전가드,C,B+C
GOOG,2024-04-05 04:00:00+00:00,2024-06-20 04:00:00+00:00,2024-04-04 04:00:00+00:00,2024-06-18 04:00:00+00:00,32.601251213027375,151.68,176.71,모멘텀,52.0,12.362394459979981,14.402417754635168,789.2445056474608,16.50184599156117,GOOG@2024-04-05 04:00:00+00:00,④손절25+모멘텀0+회전가드,C,B+C
GOOGL,2024-04-10 04:00:00+00:00,2024-06-20 04:00:00+00:00,2024-04-09 04:00:00+00:00,2024-06-18 04:00:00+00:00,7.4739875752634894,156.21,175.37,모멘텀,49.0,2.918778997829774,3.2767830026848954,137.0060399415338,12.265539978234429,GOOGL@2024-04-10 04:00:00+00:00,④손절25+모멘텀0+회전가드,C,B+C
MRNA,2024-05-02 04:00:00+00:00,2024-06-20 04:00:00+00:00,2024-05-01 04:00:00+00:00,2024-06-18 04:00:00+00:00,0.5578570877688008,114.86,132.54,모멘텀,33.0,0.16018866275281116,0.18484594603219215,9.517878702967408,15.39265192408148,MRNA@2024-05-02 04:00:00+00:00,④손절25+모멘텀0+회전가드,C,B+C
AZN,2024-05-01 04:00:00+00:00,2024-06-21 04:00:00+00:00,2024-04-30 04:00:00+00:00,2024-06-20 04:00:00+00:00,21.1183849326619,153.962512,158.197792,모멘텀,35.0,8.128598984038943,8.352204667382953,72.96146968618223,2.7508514540214746,AZN@2024-05-01 04:00:00+00:00,④손절25+모멘텀0+회전가드,C,B+C
NVDA,2024-06-20 04:00:00+00:00,2024-07-16 04:00:00+00:00,2024-06-18 04:00:00+00:00,2024-07-15 04:00:00+00:00,36.47692530621862,139.8,128.44,모멘텀,17.0,12.74868539452341,11.712740715826799,-438.83929758899376,-8.125894134477829,NVDA@2024-06-20 04:00:00+00:00,④손절25+모멘텀0+회전가드,C,B+C
AVGO,2024-06-20 04:00:00+00:00,2024-07-17 04:00:00+00:00,2024-06-18 04:00:00+00:00,2024-07-16 04:00:00+00:00,11.064569423665134,180.346,162.31,모멘텀,18.0,4.988627093200781,4.48972565788772,-209.03892687631264,-10.00077628558438,AVGO@2024-06-20 04:00:00+00:00,④손절25+모멘텀0+회전가드,C,B+C
ROST,2024-06-24 04:00:00+00:00,2024-07-18 04:00:00+00:00,2024-06-21 04:00:00+00:00,2024-07-17 04:00:00+00:00,0.25189928620231933,149.91,147.79,모멘텀,17.0,0.09440555498647422,0.09307048876960193,-0.7215025305049849,-1.4141818424387997,ROST@2024-06-24 04:00:00+00:00,④손절25+모멘텀0+회전가드,C,C
ARM,2024-06-14 04:00:00+00:00,2024-07-19 04:00:00+00:00,2024-06-13 04:00:00+00:00,2024-07-18 04:00:00+00:00,28.14359568870613,159.9,162.85,모멘텀,23.0,11.250402376560276,11.457961394764483,60.315243510358414,1.8449030644152487,ARM@2024-06-14 04:00:00+00:00,④손절25+모멘텀0+회전가드,C,B+C
TSLA,2024-07-16 04:00:00+00:00,2024-08-02 04:00:00+00:00,2024-07-15 04:00:00+00:00,2024-08-01 04:00:00+00:00,17.76501137853059,255.31,214.88,모멘텀,13.0,11.338962637631614,9.543364112546634,-739.12173678417,-15.8356507774862,TSLA@2024-07-16 04:00:00+00:00,④손절25+모멘텀0+회전가드,C,B+C
PLTR,2024-06-21 04:00:00+00:00,2024-08-05 04:00:00+00:00,2024-06-20 04:00:00+00:00,2024-08-02 04:00:00+00:00,137.11212937564602,24.71,21.74,모멘텀,30.0,8.470101792180532,7.452044231566361,-423.1451702694153,-12.019425333872935,PLTR@2024-06-21 04:00:00+00:00,④손절25+모멘텀0+회전가드,C,B+C
MSTR,2024-08-02 04:00:00+00:00,2024-08-08 04:00:00+00:00,2024-08-01 04:00:00+00:00,2024-08-07 04:00:00+00:00,25.895201336916614,148.581,130.23,모멘텀,4.0,9.618837274601018,8.430830175266626,-493.25250718362395,-12.35083893633776,MSTR@2024-08-02 04:00:00+00:00,④손절25+모멘텀0+회전가드,C,B+C
WBD,2024-07-18 04:00:00+00:00,2024-08-09 04:00:00+00:00,2024-07-17 04:00:00+00:00,2024-08-08 04:00:00+00:00,11.733302221803555,8.76,7.04,모멘텀,16.0,0.2569593186574978,0.20650611910374256,-20.644745259263345,-19.634703196347026,WBD@2024-07-18 04:00:00+00:00,④손절25+모멘텀0+회전가드,C,B+C
GILD,2024-07-19 04:00:00+00:00,2024-08-23 04:00:00+00:00,2024-07-18 04:00:00+00:00,2024-08-22 04:00:00+00:00,61.98183299153817,73.51,76.09,모멘텀,25.0,11.390711358019928,11.79049418081535,136.73192357933385,3.509726567813898,GILD@2024-07-19 04:00:00+00:00,④손절25+모멘텀0+회전가드,C,B+C
CHTR,2024-07-17 04:00:00+00:00,2024-08-26 04:00:00+00:00,2024-07-16 04:00:00+00:00,2024-08-23 04:00:00+00:00,5.522070932996107,324.67,349.22,모멘텀,28.0,4.482126924539616,4.821044028052252,126.26367045246275,7.561524008993747,CHTR@2024-07-17 04:00:00+00:00,④손절25+모멘텀0+회전가드,C,B+C
AEP,2024-08-05 04:00:00+00:00,2024-08-30 04:00:00+00:00,2024-08-02 04:00:00+00:00,2024-08-29 04:00:00+00:00,29.137348970880506,104.24,99.94,모멘텀,19.0,7.59319314181146,7.279966640374495,-140.16376035697158,-4.125095932463541,AEP@2024-08-05 04:00:00+00:00,④손절25+모멘텀0+회전가드,C,B+C
AXON,2024-08-08 04:00:00+00:00,2024-09-09 04:00:00+00:00,2024-08-07 04:00:00+00:00,2024-09-06 04:00:00+00:00,9.793916337843177,350.9,358.61,모멘텀,21.0,8.591713107372927,8.780490844784856,58.13889101261384,2.1972071815332006,AXON@2024-08-08 04:00:00+00:00,④손절25+모멘텀0+회전가드,C,B+C
DASH,2024-08-09 04:00:00+00:00,2024-09-09 04:00:00+00:00,2024-08-08 04:00:00+00:00,2024-09-06 04:00:00+00:00,0.44747892611941165,124.71,124.62,모멘텀,20.0,0.13951274219087956,0.1394120594325027,-0.3191979049741178,-0.07216742843395574,DASH@2024-08-09 04:00:00+00:00,④손절25+모멘텀0+회전가드,C,B+C
SHOP,2024-08-26 04:00:00+00:00,2024-09-09 04:00:00+00:00,2024-08-23 04:00:00+00:00,2024-09-06 04:00:00+00:00,29.44361660146899,76.11,68.48,모멘텀,9.0,5.6023841488445125,5.040747162171491,-235.29792598022436,-10.024963868085656,SHOP@2024-08-26 04:00:00+00:00,④손절25+모멘텀0+회전가드,C,B+C
TEAM,2024-09-09 04:00:00+00:00,2024-09-18 04:00:00+00:00,2024-09-06 04:00:00+00:00,2024-09-17 04:00:00+00:00,8.203287475209331,162.64,156.68,모멘텀,7.0,3.3354566874201135,3.213227704039495,-55.4402777437067,-3.664535169699934,TEAM@2024-09-09 04:00:00+00:00,④손절25+모멘텀0+회전가드,C,B+C
FTNT,2024-08-23 04:00:00+00:00,2024-09-19 04:00:00+00:00,2024-08-22 04:00:00+00:00,2024-09-18 04:00:00+00:00,58.44275136329341,74.88,76.08,모멘텀,18.0,10.940483055208526,11.115811309298406,48.07500727144543,1.6025641025640969,FTNT@2024-08-23 04:00:00+00:00,④손절25+모멘텀0+회전가드,C,B+C
WDAY,2024-09-09 04:00:00+00:00,2024-09-24 04:00:00+00:00,2024-09-06 04:00:00+00:00,2024-09-23 04:00:00+00:00,17.09261156476997,248.705,245.06,모멘텀,11.0,10.62754489804029,10.471788475156323,-83.40190252678349,-1.4655917653444872,WDAY@2024-09-09 04:00:00+00:00,④손절25+모멘텀0+회전가드,C,B+C
SBUX,2024-08-30 04:00:00+00:00,2024-09-25 04:00:00+00:00,2024-08-29 04:00:00+00:00,2024-09-24 04:00:00+00:00,30.54848664659244,94.99,94.26,모멘텀,17.0,7.254501866399539,7.198750878269509,-36.75364799668114,-0.7685019475734189,SBUX@2024-08-30 04:00:00+00:00,④손절25+모멘텀0+회전가드,C,B+C
TSLA,2024-09-25 04:00:00+00:00,2024-10-14 04:00:00+00:00,2024-09-24 04:00:00+00:00,2024-10-11 04:00:00+00:00,11.40684868909745,252.54,220.13,모멘텀,13.0,7.201713919861675,6.277474004827553,-383.17515393833764,-12.8336105171458,TSLA@2024-09-25 04:00:00+00:00,④손절25+모멘텀0+회전가드,C,B+C
PDD,2024-10-14 04:00:00+00:00,2024-10-25 04:00:00+00:00,2024-10-11 04:00:00+00:00,2024-10-24 04:00:00+00:00,17.225117466247262,140.54,122.75,모멘텀,9.0,6.052045021765975,5.285957922454628,-317.7728426687595,-12.658317916607364,PDD@2024-10-14 04:00:00+00:00,④손절25+모멘텀0+회전가드,C,B+C
CEG,2024-09-24 04:00:00+00:00,2024-10-30 04:00:00+00:00,2024-09-23 04:00:00+00:00,2024-10-29 04:00:00+00:00,16.355222535197083,254.08,266.88,모멘텀,26.0,10.388837354357188,10.912204475483493,188.04580662068201,5.037783375314864,CEG@2024-09-24 04:00:00+00:00,④손절25+모멘텀0+회전가드,C,B+C
SMCI,2024-10-30 04:00:00+00:00,2024-10-31 04:00:00+00:00,2024-10-29 04:00:00+00:00,2024-10-30 04:00:00+00:00,123.15246244342443,34.85,30.06,모멘텀,1.0,10.729658290383354,9.254907552623346,-609.8848609470092,-13.74461979913918,SMCI@2024-10-30 04:00:00+00:00,④손절25+모멘텀0+회전가드,C,B+C
GILD,2024-09-19 04:00:00+00:00,2024-11-20 05:00:00+00:00,2024-09-18 04:00:00+00:00,2024-11-19 05:00:00+00:00,1.7140882774498467,84.39,88.11,모멘텀,44.0,0.36162977433498145,0.377570795315265,5.6372078224632105,4.408105225737646,GILD@2024-09-19 04:00:00+00:00,④손절25+모멘텀0+회전가드,C,B+C
APP,2024-09-18 04:00:00+00:00,2024-12-19 05:00:00+00:00,2024-09-17 04:00:00+00:00,2024-12-18 05:00:00+00:00,10.354313723857617,123.3,315.4,모멘텀,65.0,3.1917172053791103,8.164376371261731,1977.7075727764077,155.79886455798862,APP@2024-09-18 04:00:00+00:00,④손절25+모멘텀0+회전가드,C,공통
MSTR,2024-10-25 04:00:00+00:00,2024-12-19 05:00:00+00:00,2024-10-24 04:00:00+00:00,2024-12-18 05:00:00+00:00,8.988365665705768,236.385,365.44,모멘텀,38.0,5.311787044719645,8.21177087218879,1146.4699730707498,54.595257736319994,MSTR@2024-10-25 04:00:00+00:00,④손절25+모멘텀0+회전가드,C,B+C
TEAM,2024-10-31 04:00:00+00:00,2024-12-24 05:00:00+00:00,2024-10-30 04:00:00+00:00,2024-12-23 05:00:00+00:00,19.799538967317755,190.36,252.69,모멘텀,37.0,9.422600594546521,12.50786375412881,1212.1747994842412,32.743223366253396,TEAM@2024-10-31 04:00:00+00:00,④손절25+모멘텀0+회전가드,C,B+C
PLTR,2024-09-19 04:00:00+00:00,2025-01-08 05:00:00+00:00,2024-09-18 04:00:00+00:00,2025-01-07 05:00:00+00:00,115.86327817129859,37.0,68.12,모멘텀,76.0,10.71735323084512,19.73151627257215,3575.2163471873955,84.10810810810811,PLTR@2024-09-19 04:00:00+00:00,④손절25+모멘텀0+회전가드,C,B+C
LULU,2024-12-24 05:00:00+00:00,2025-01-08 05:00:00+00:00,2024-12-23 05:00:00+00:00,2025-01-07 05:00:00+00:00,0.021398103108756186,385.205,390.0,모멘텀,9.0,0.020606640770021067,0.02086315053103728,0.061134113105428156,1.2447917342713666,LULU@2024-12-24 05:00:00+00:00,④손절25+모멘텀0+회전가드,C,C
TSLA,2024-12-19 05:00:00+00:00,2025-01-13 05:00:00+00:00,2024-12-18 05:00:00+00:00,2025-01-10 05:00:00+00:00,0.028132045429193932,451.88,383.21,모멘텀,14.0,0.03178077172136039,0.026951202822303517,-1.99055953416641,-15.196512348411083,TSLA@2024-12-19 05:00:00+00:00,④손절25+모멘텀0+회전가드,C,B+C
GOOGL,2025-01-08 05:00:00+00:00,2025-01-14 05:00:00+00:00,2025-01-07 05:00:00+00:00,2025-01-13 05:00:00+00:00,32.657834718322185,192.57,191.24,모멘텀,3.0,15.722298079268258,15.613710778829839,-74.77092903346511,-0.6906579425663306,GOOGL@2025-01-08 05:00:00+00:00,④손절25+모멘텀0+회전가드,C,B+C
GOOG,2025-01-08 05:00:00+00:00,2025-01-14 05:00:00+00:00,2025-01-07 05:00:00+00:00,2025-01-13 05:00:00+00:00,8.823850087588294,193.95,192.5,모멘텀,3.0,4.278464311219373,4.246477854651866,-21.319524792874063,-0.7476153647847372,GOOG@2025-01-08 05:00:00+00:00,④손절25+모멘텀0+회전가드,C,B+C
MRVL,2024-12-24 05:00:00+00:00,2025-01-16 05:00:00+00:00,2024-12-23 05:00:00+00:00,2025-01-15 05:00:00+00:00,41.975327383819625,115.44,118.43,모멘텀,14.0,12.114079482970345,12.427845055164397,100.96430433948717,2.5900900900901025,MRVL@2024-12-24 05:00:00+00:00,④손절25+모멘텀0+회전가드,C,B+C
AVGO,2024-12-19 05:00:00+00:00,2025-01-17 05:00:00+00:00,2024-12-18 05:00:00+00:00,2025-01-16 05:00:00+00:00,26.223620353339474,227.91,237.08,모멘텀,18.0,14.941563286823998,15.542739783424306,209.98629556987544,4.023518055372732,AVGO@2024-12-19 05:00:00+00:00,④손절25+모멘텀0+회전가드,C,B+C
CEG,2025-01-13 05:00:00+00:00,2025-02-20 05:00:00+00:00,2025-01-10 05:00:00+00:00,2025-02-19 05:00:00+00:00,0.14264668464174726,297.495,317.49,모멘텀,26.0,0.10609168861874152,0.11322223976727085,2.632906531025725,6.721121363384253,CEG@2025-01-13 05:00:00+00:00,④손절25+모멘텀0+회전가드,C,B+C
BKR,2025-01-14 05:00:00+00:00,2025-02-20 05:00:00+00:00,2025-01-13 05:00:00+00:00,2025-02-19 05:00:00+00:00,37.58201060355272,44.91,46.76,모멘텀,25.0,4.219520240513881,4.393337039555313,60.9138623365036,4.1193498107325865,BKR@2025-01-14 05:00:00+00:00,④손절25+모멘텀0+회전가드,C,B+C
ISRG,2025-01-16 05:00:00+00:00,2025-02-21 05:00:00+00:00,2025-01-15 05:00:00+00:00,2025-02-20 05:00:00+00:00,8.412677513083262,582.6,605.09,모멘텀,24.0,12.253064797805772,12.726067590978879,164.22198488045888,3.86028149673876,ISRG@2025-01-16 05:00:00+00:00,④손절25+모멘텀0+회전가드,C,B+C
KLAC,2025-01-14 05:00:00+00:00,2025-02-24 05:00:00+00:00,2025-01-13 05:00:00+00:00,2025-02-21 05:00:00+00:00,89.74726821646833,69.299,76.199,모멘텀,27.0,15.548489850332599,17.096630227066676,586.6110306162327,9.956853634251562,KLAC@2025-01-14 05:00:00+00:00,④손절25+모멘텀0+회전가드,C,B+C
APP,2025-02-21 05:00:00+00:00,2025-02-27 05:00:00+00:00,2025-02-20 05:00:00+00:00,2025-02-26 05:00:00+00:00,0.017395303453474963,452.77,346.44,손절,4.0,0.019690178861574648,0.015066072321054667,-1.8843988673906207,-23.4843297921682,APP@2025-02-21 05:00:00+00:00,④손절25+모멘텀0+회전가드,C,B+C
SMCI,2025-02-20 05:00:00+00:00,2025-03-03 05:00:00+00:00,2025-02-19 05:00:00+00:00,2025-02-28 05:00:00+00:00,30.153241024772644,57.21,42.28,손절,7.0,4.312667297568107,3.1871975763184683,-457.68775337374177,-26.096836217444498,SMCI@2025-02-20 05:00:00+00:00,④손절25+모멘텀0+회전가드,C,B+C
PDD,2025-02-24 05:00:00+00:00,2025-03-03 05:00:00+00:00,2025-02-21 05:00:00+00:00,2025-02-28 05:00:00+00:00,52.19406175304195,125.155,113.585,모멘텀,5.0,16.330869496754914,14.821156260548173,-635.0373202399978,-9.244536774399748,PDD@2025-02-24 05:00:00+00:00,④손절25+모멘텀0+회전가드,C,B+C
DXCM,2025-01-17 05:00:00+00:00,2025-03-04 05:00:00+00:00,2025-01-16 05:00:00+00:00,2025-03-03 05:00:00+00:00,71.0566850970146,86.32,85.76,모멘텀,30.0,15.334032643935748,15.23455328479993,-70.3603295830626,-0.6487488415199083,DXCM@2025-01-17 05:00:00+00:00,④손절25+모멘텀0+회전가드,C,B+C
PLTR,2025-02-21 05:00:00+00:00,2025-03-06 05:00:00+00:00,2025-02-20 05:00:00+00:00,2025-03-05 05:00:00+00:00,47.02097262679041,107.68,87.505,모멘텀,9.0,12.658045831131979,10.286425524268237,-971.5925941008973,-18.73606983655276,PLTR@2025-02-21 05:00:00+00:00,④손절25+모멘텀0+회전가드,C,B+C
SMCI,2025-03-04 05:00:00+00:00,2025-03-12 04:00:00+00:00,2025-03-03 05:00:00+00:00,2025-03-11 04:00:00+00:00,163.89600258736763,35.0,43.955,모멘텀,6.0,14.340900226394668,18.010121984319362,1435.3376809591637,25.58571428571428,SMCI@2025-03-04 05:00:00+00:00,④손절25+모멘텀0+회전가드,C,C
TMUS,2025-02-27 05:00:00+00:00,2025-03-13 04:00:00+00:00,2025-02-26 05:00:00+00:00,2025-03-12 04:00:00+00:00,1.610018578216906,263.23,256.73,모멘텀,10.0,1.0595129758600905,1.0333501739640658,-12.55798390823395,-2.469323405386925,TMUS@2025-02-27 05:00:00+00:00,④손절25+모멘텀0+회전가드,C,C
INTC,2025-03-03 05:00:00+00:00,2025-03-13 04:00:00+00:00,2025-02-28 05:00:00+00:00,2025-03-12 04:00:00+00:00,239.17803277069072,25.0,23.5,모멘텀,8.0,14.948627048168172,14.05170942527808,-387.7673856294823,-6.000000000000005,INTC@2025-03-03 05:00:00+00:00,④손절25+모멘텀0+회전가드,C,C
SMCI,2025-03-13 04:00:00+00:00,2025-03-14 04:00:00+00:00,2025-03-12 04:00:00+00:00,2025-03-13 04:00:00+00:00,20.907317881733487,42.13,40.48,모멘텀,1.0,2.2020632558935795,2.1158205696314285,-38.814958330385366,-3.9164490861618884,SMCI@2025-03-13 04:00:00+00:00,④손절25+모멘텀0+회전가드,C,B+C
MRNA,2025-03-13 04:00:00+00:00,2025-03-19 04:00:00+00:00,2025-03-12 04:00:00+00:00,2025-03-18 04:00:00+00:00,175.92172615632794,35.15,33.78,모멘텀,4.0,15.459121685987316,14.856589773901895,-271.3284762940575,-3.8975817923186273,MRNA@2025-03-13 04:00:00+00:00,④손절25+모멘텀0+회전가드,C,B+C
GILD,2025-03-03 05:00:00+00:00,2025-03-20 04:00:00+00:00,2025-02-28 05:00:00+00:00,2025-03-19 04:00:00+00:00,11.410418964105817,114.885,106.825,모멘텀,13.0,3.2772149567282423,3.04729501460151,-98.29248682202251,-7.015711363537447,GILD@2025-03-03 05:00:00+00:00,④손절25+모멘텀0+회전가드,C,C
MDLZ,2025-03-12 04:00:00+00:00,2025-03-24 04:00:00+00:00,2025-03-11 04:00:00+00:00,2025-03-21 04:00:00+00:00,89.84782505698534,66.72,64.55,모멘텀,8.0,14.986617219505156,14.499192768571008,-224.45559036173472,-3.2523980815347797,MDLZ@2025-03-12 04:00:00+00:00,④손절25+모멘텀0+회전가드,C,B+C
AMGN,2025-03-20 04:00:00+00:00,2025-03-26 04:00:00+00:00,2025-03-19 04:00:00+00:00,2025-03-25 04:00:00+00:00,3.8969185674894784,314.175,306.44,모멘텀,4.0,3.0607859773525172,2.9854293145536897,-36.18888041143714,-2.462003660380363,AMGN@2025-03-20 04:00:00+00:00,④손절25+모멘텀0+회전가드,C,B+C
AXON,2025-03-24 04:00:00+00:00,2025-03-27 04:00:00+00:00,2025-03-21 04:00:00+00:00,2025-03-26 04:00:00+00:00,10.061061949175453,571.99,554.78,모멘텀,3.0,14.38706706077217,13.954189870408896,-201.49213307649006,-3.0087938600325215,AXON@2025-03-24 04:00:00+00:00,④손절25+모멘텀0+회전가드,C,B+C
CHTR,2025-03-27 04:00:00+00:00,2025-04-01 04:00:00+00:00,2025-03-26 04:00:00+00:00,2025-03-31 04:00:00+00:00,14.460660634619305,385.86,366.1,모멘텀,3.0,13.949476281185515,13.23511964583532,-312.9272500670977,-5.121028352252111,CHTR@2025-03-27 04:00:00+00:00,④손절25+모멘텀0+회전가드,C,B+C
VRTX,2025-03-14 04:00:00+00:00,2025-04-02 04:00:00+00:00,2025-03-13 04:00:00+00:00,2025-04-01 04:00:00+00:00,1.7006857825838202,507.0,481.64,모멘텀,13.0,2.155619229424992,2.047795750809178,-47.33280642655973,-5.001972386587772,VRTX@2025-03-14 04:00:00+00:00,④손절25+모멘텀0+회전가드,C,B+C
PDD,2025-04-02 04:00:00+00:00,2025-04-03 04:00:00+00:00,2025-04-01 04:00:00+00:00,2025-04-02 04:00:00+00:00,6.5777633149243515,121.83,111.99,모멘텀,1.0,2.0034222616430846,1.8416092840959453,-68.57022256459459,-8.076828367397193,PDD@2025-04-02 04:00:00+00:00,④손절25+모멘텀0+회전가드,C,C
MSTR,2025-03-26 04:00:00+00:00,2025-04-04 04:00:00+00:00,2025-03-25 04:00:00+00:00,2025-04-03 04:00:00+00:00,3.513801956515699,336.5,285.015,모멘텀,7.0,2.955985895918832,2.503715661590805,-186.36779528872023,-15.300148588410112,MSTR@2025-03-26 04:00:00+00:00,④손절25+모멘텀0+회전가드,C,B+C
DLTR,2025-04-01 04:00:00+00:00,2025-04-04 04:00:00+00:00,2025-03-31 04:00:00+00:00,2025-04-03 04:00:00+00:00,70.58917556093752,75.26,62.0,모멘텀,3.0,13.281353381790396,10.941322211945318,-960.235143531766,-17.61892107361148,DLTR@2025-04-01 04:00:00+00:00,④손절25+모멘텀0+회전가드,C,B+C
EA,2025-03-19 04:00:00+00:00,2025-04-07 04:00:00+00:00,2025-03-18 04:00:00+00:00,2025-04-04 04:00:00+00:00,41.59331904553873,142.02,132.96,모멘텀,13.0,14.767707927118527,13.825619250737075,-405.4287977304357,-6.3793831854668355,EA@2025-03-19 04:00:00+00:00,④손절25+모멘텀0+회전가드,C,B+C
CDNS,2025-04-03 04:00:00+00:00,2025-04-07 04:00:00+00:00,2025-04-02 04:00:00+00:00,2025-04-04 04:00:00+00:00,2.8634825395233308,252.34,229.65,모멘텀,2.0,1.8064279600582933,1.6439969130038323,-68.42284369484639,-8.991836411191246,CDNS@2025-04-03 04:00:00+00:00,④손절25+모멘텀0+회전가드,C,B+C
ORLY,2025-04-04 04:00:00+00:00,2025-04-08 04:00:00+00:00,2025-04-03 04:00:00+00:00,2025-04-07 04:00:00+00:00,0.11212990602862037,96.216084,90.054338,모멘텀,2.0,0.02697175114340461,0.025244461143524043,-0.7431322122391553,-6.404070654133043,ORLY@2025-04-04 04:00:00+00:00,④손절25+모멘텀0+회전가드,C,B+C
MNST,2025-03-06 05:00:00+00:00,2025-04-09 04:00:00+00:00,2025-03-05 05:00:00+00:00,2025-04-08 04:00:00+00:00,161.03719532948375,27.56,27.565,모멘텀,24.0,11.09546275820143,11.09747572314305,-21.387752504695527,0.018142235123375094,MNST@2025-03-06 05:00:00+00:00,④손절25+모멘텀0+회전가드,C,B+C
MSTR,2025-04-07 04:00:00+00:00,2025-04-09 04:00:00+00:00,2025-04-04 04:00:00+00:00,2025-04-08 04:00:00+00:00,20.501360207054947,260.14,242.015,모멘텀,2.0,13.333059610658184,12.404091726276008,-397.3243050898036,-6.967402168063352,MSTR@2025-04-07 04:00:00+00:00,④손절25+모멘텀0+회전가드,C,B+C
CCEP,2025-04-07 04:00:00+00:00,2025-04-09 04:00:00+00:00,2025-04-04 04:00:00+00:00,2025-04-08 04:00:00+00:00,10.379335773885773,82.38,83.47,모멘텀,2.0,2.1376242026317747,2.1659078926156137,7.00994389828827,1.3231366836610858,CCEP@2025-04-07 04:00:00+00:00,④손절25+모멘텀0+회전가드,C,B+C
KDP,2025-04-09 04:00:00+00:00,2025-05-01 04:00:00+00:00,2025-04-08 04:00:00+00:00,2025-04-30 04:00:00+00:00,152.47722305628656,33.67,34.29,모멘텀,15.0,12.834770250762922,13.071109946500165,68.6299980976346,1.841401841401824,KDP@2025-04-09 04:00:00+00:00,④손절25+모멘텀0+회전가드,C,B+C
EXC,2025-04-04 04:00:00+00:00,2025-05-05 04:00:00+00:00,2025-04-03 04:00:00+00:00,2025-05-02 04:00:00+00:00,113.83120779355882,48.06,46.4,모멘텀,20.0,13.676819616396092,13.204420104052822,-215.84104465775636,-3.45401581356638,EXC@2025-04-04 04:00:00+00:00,④손절25+모멘텀0+회전가드,C,B+C
CPRT,2025-04-09 04:00:00+00:00,2025-05-23 04:00:00+00:00,2025-04-08 04:00:00+00:00,2025-05-22 04:00:00+00:00,94.22407704820472,54.5,57.44,모멘텀,31.0,12.838030497817893,13.530577464122198,250.65017855978294,5.394495412844025,CPRT@2025-04-09 04:00:00+00:00,④손절25+모멘텀0+회전가드,C,B+C
MSTR,2025-05-01 04:00:00+00:00,2025-05-29 04:00:00+00:00,2025-04-30 04:00:00+00:00,2025-05-28 04:00:00+00:00,0.02063899711903082,392.29,370.785,모멘텀,19.0,0.0202411804495615,0.019131576366949607,-0.48321438986126797,-5.481913890234269,MSTR@2025-05-01 04:00:00+00:00,④손절25+모멘텀0+회전가드,C,공통
PLTR,2025-05-01 04:00:00+00:00,2025-07-02 04:00:00+00:00,2025-04-30 04:00:00+00:00,2025-07-01 04:00:00+00:00,42.717295722718625,120.04,131.47,모멘텀,42.0,12.81946044638786,14.040107171664545,461.39912249262215,9.521826057980665,PLTR@2025-05-01 04:00:00+00:00,④손절25+모멘텀0+회전가드,C,B+C
CEG,2025-05-23 04:00:00+00:00,2025-07-02 04:00:00+00:00,2025-05-22 04:00:00+00:00,2025-07-01 04:00:00+00:00,17.92227885642453,298.645,306.88,모멘텀,26.0,13.380997422692259,13.7499723386489,120.45899662131524,2.7574545028378195,CEG@2025-05-23 04:00:00+00:00,④손절25+모멘텀0+회전가드,C,B+C
MRVL,2025-07-02 04:00:00+00:00,2025-07-21 04:00:00+00:00,2025-07-01 04:00:00+00:00,2025-07-18 04:00:00+00:00,65.18692133994693,76.19,73.485,모멘텀,12.0,12.416478842226393,11.975652286665001,-200.72275335344693,-3.5503346895918053,MRVL@2025-07-02 04:00:00+00:00,④손절25+모멘텀0+회전가드,C,B+C
MRNA,2025-07-24 04:00:00+00:00,2025-08-01 04:00:00+00:00,2025-07-23 04:00:00+00:00,2025-07-31 04:00:00+00:00,0.25362631258501434,34.95,27.57,모멘텀,6.0,0.02216059906211563,0.017481193594922114,-1.9114039795344437,-21.11587982832619,MRNA@2025-07-24 04:00:00+00:00,④손절25+모멘텀0+회전가드,C,A+C
ON,2025-07-02 04:00:00+00:00,2025-08-05 04:00:00+00:00,2025-07-01 04:00:00+00:00,2025-08-04 04:00:00+00:00,109.21674680622795,54.71,48.41,모멘텀,23.0,14.938120544421826,13.217956782223737,-716.2215822058806,-11.515262292085549,ON@2025-07-02 04:00:00+00:00,④손절25+모멘텀0+회전가드,C,B+C
DLTR,2025-04-08 04:00:00+00:00,2025-08-19 04:00:00+00:00,2025-04-07 04:00:00+00:00,2025-08-18 04:00:00+00:00,0.9200155620730535,75.0,112.23,모멘텀,91.0,0.17250291788869754,0.258133366328647,33.82154309176245,49.63999999999999,DLTR@2025-04-08 04:00:00+00:00,④손절25+모멘텀0+회전가드,C,B+C
PLTR,2025-08-06 04:00:00+00:00,2025-08-25 04:00:00+00:00,2025-08-05 04:00:00+00:00,2025-08-22 04:00:00+00:00,0.28101453489735606,171.175,156.1,모멘텀,13.0,0.12025665752763733,0.1096659222436932,-4.466216693348976,-8.806776690521401,PLTR@2025-08-06 04:00:00+00:00,④손절25+모멘텀0+회전가드,C,C
AVGO,2025-05-05 04:00:00+00:00,2025-08-26 04:00:00+00:00,2025-05-02 04:00:00+00:00,2025-08-25 04:00:00+00:00,26.144896699754625,200.25,294.35,모멘텀,78.0,13.088788910314658,19.239375858931936,2427.906614677666,46.9912609238452,AVGO@2025-05-05 04:00:00+00:00,④손절25+모멘텀0+회전가드,C,B+C
AMD,2025-07-21 04:00:00+00:00,2025-08-26 04:00:00+00:00,2025-07-18 04:00:00+00:00,2025-08-25 04:00:00+00:00,29.56175512691812,157.62,168.65,모멘텀,26.0,11.648809607762084,12.463975005386851,301.95337443675817,6.997842913335872,AMD@2025-07-21 04:00:00+00:00,④손절25+모멘텀0+회전가드,C,B+C
IDXX,2025-08-05 04:00:00+00:00,2025-09-03 04:00:00+00:00,2025-08-04 04:00:00+00:00,2025-09-02 04:00:00+00:00,7.836406340303117,676.48,640.99,모멘텀,20.0,13.252930402720631,12.557645250177236,-303.9246366702555,-5.246274834437092,IDXX@2025-08-05 04:00:00+00:00,④손절25+모멘텀0+회전가드,C,B+C
EA,2025-08-26 04:00:00+00:00,2025-09-10 04:00:00+00:00,2025-08-25 04:00:00+00:00,2025-09-09 04:00:00+00:00,34.47954783829044,172.03,165.81,모멘텀,10.0,14.828791536552762,14.292634567667347,-243.58421365838603,-3.615648433412777,EA@2025-08-26 04:00:00+00:00,④손절25+모멘텀0+회전가드,C,B+C
AAPL,2025-09-03 04:00:00+00:00,2025-09-11 04:00:00+00:00,2025-09-02 04:00:00+00:00,2025-09-10 04:00:00+00:00,24.290828261148352,237.21,226.875,모멘텀,6.0,14.405068429567503,13.777454154370082,-279.2282326629047,-4.3568989502972055,AAPL@2025-09-03 04:00:00+00:00,④손절25+모멘텀0+회전가드,C,B+C
AZN,2025-08-26 04:00:00+00:00,2025-09-16 04:00:00+00:00,2025-08-25 04:00:00+00:00,2025-09-15 04:00:00+00:00,36.522128490294776,162.493576,157.128888,모멘텀,14.0,14.836528153798698,14.346703592682841,-225.11305619282302,-3.3014769765421392,AZN@2025-08-26 04:00:00+00:00,④손절25+모멘텀0+회전가드,C,C
INTC,2025-08-25 04:00:00+00:00,2025-09-18 04:00:00+00:00,2025-08-22 04:00:00+00:00,2025-09-17 04:00:00+00:00,3.6617739415056243,25.5,31.78,모멘텀,17.0,0.23343808877098354,0.29092793965262187,22.471574324231725,24.62745098039216,INTC@2025-08-25 04:00:00+00:00,④손절25+모멘텀0+회전가드,C,C
AVGO,2025-09-11 04:00:00+00:00,2025-10-07 04:00:00+00:00,2025-09-10 04:00:00+00:00,2025-10-06 04:00:00+00:00,14.835158813204453,371.18,337.025,모멘텀,18.0,13.766285620713072,12.499548497550578,-532.9606833832613,-9.201735007274102,AVGO@2025-09-11 04:00:00+00:00,④손절25+모멘텀0+회전가드,C,B+C
APP,2025-08-19 04:00:00+00:00,2025-10-13 04:00:00+00:00,2025-08-18 04:00:00+00:00,2025-10-10 04:00:00+00:00,0.15638022255439618,430.64,590.0,모멘텀,38.0,0.16835894760206294,0.23066082826773435,24.521732490398776,37.005387330484865,APP@2025-08-19 04:00:00+00:00,④손절25+모멘텀0+회전가드,C,B+C
GOOGL,2025-09-10 04:00:00+00:00,2025-10-13 04:00:00+00:00,2025-09-09 04:00:00+00:00,2025-10-10 04:00:00+00:00,23.896551033803014,238.9,240.21,모멘텀,23.0,14.272215104938851,14.350476309574557,2.681790439769429,0.548346588530757,GOOGL@2025-09-10 04:00:00+00:00,④손절25+모멘텀0+회전가드,C,B+C
WBD,2025-09-16 04:00:00+00:00,2025-10-13 04:00:00+00:00,2025-09-15 04:00:00+00:00,2025-10-10 04:00:00+00:00,304.3730603987817,18.775,17.995,모멘텀,19.0,14.286510522467816,13.692983054690194,-265.39048068820557,-4.154460719041264,WBD@2025-09-16 04:00:00+00:00,④손절25+모멘텀0+회전가드,C,C
MRVL,2025-10-13 04:00:00+00:00,2025-10-24 04:00:00+00:00,2025-10-10 04:00:00+00:00,2025-10-23 04:00:00+00:00,60.655339413804164,89.47,83.875,모멘텀,9.0,13.567083043382647,12.718666483332061,-365.6523735469491,-6.253492790879623,MRVL@2025-10-13 04:00:00+00:00,④손절25+모멘텀0+회전가드,C,B+C
INTC,2025-10-07 04:00:00+00:00,2025-11-05 05:00:00+00:00,2025-10-06 04:00:00+00:00,2025-11-04 05:00:00+00:00,135.14917707819293,36.64,37.415,모멘텀,21.0,12.379664620362474,12.641516150951473,79.71943146428657,2.115174672489073,INTC@2025-10-07 04:00:00+00:00,④손절25+모멘텀0+회전가드,C,B+C
AMAT,2025-10-13 04:00:00+00:00,2025-11-14 05:00:00+00:00,2025-10-10 04:00:00+00:00,2025-11-13 05:00:00+00:00,2.0930837390901087,220.35,203.75,모멘텀,24.0,1.1530275047712637,1.0661645295990243,-36.96438210326602,-7.533469480372135,AMAT@2025-10-13 04:00:00+00:00,④손절25+모멘텀0+회전가드,C,C
AMD,2025-10-13 04:00:00+00:00,2025-11-18 05:00:00+00:00,2025-10-10 04:00:00+00:00,2025-11-17 05:00:00+00:00,24.842537982639545,220.2,236.78,모멘텀,26.0,13.675817159443069,14.705540358823479,383.50792223389817,7.529518619436892,AMD@2025-10-13 04:00:00+00:00,④손절25+모멘텀0+회전가드,C,B+C
MU,2025-09-18 04:00:00+00:00,2025-11-21 05:00:00+00:00,2025-09-17 04:00:00+00:00,2025-11-20 05:00:00+00:00,1.0416809355427192,162.99,204.53,모멘텀,46.0,0.42445893921026956,0.5326375043663809,42.3143296188679,25.486226148843482,MU@2025-09-18 04:00:00+00:00,④손절25+모멘텀0+회전가드,C,B+C
DDOG,2025-11-14 05:00:00+00:00,2025-12-02 05:00:00+00:00,2025-11-13 05:00:00+00:00,2025-12-01 05:00:00+00:00,2.3139051981890235,181.18,161.68,모멘텀,11.0,1.0480833595197183,0.9352804811080034,-47.104515205313646,-10.762777348493213,DDOG@2025-11-14 05:00:00+00:00,④손절25+모멘텀0+회전가드,C,C
MAR,2025-12-02 05:00:00+00:00,2025-12-09 05:00:00+00:00,2025-12-01 05:00:00+00:00,2025-12-08 05:00:00+00:00,1.0689119392487325,304.56,287.4,모멘텀,5.0,0.813869550543985,0.7680132283502142,-19.92441165640247,-5.63435776201735,MAR@2025-12-02 05:00:00+00:00,④손절25+모멘텀0+회전가드,C,B+C
ISRG,2025-10-24 04:00:00+00:00,2025-12-10 05:00:00+00:00,2025-10-23 04:00:00+00:00,2025-12-09 05:00:00+00:00,9.122581706076629,547.625,557.76,모멘텀,32.0,12.489384516975534,12.720527930953251,67.24745314315896,1.8507190139237517,ISRG@2025-10-24 04:00:00+00:00,④손절25+모멘텀0+회전가드,C,C
AMGN,2025-11-21 05:00:00+00:00,2025-12-10 05:00:00+00:00,2025-11-20 05:00:00+00:00,2025-12-09 05:00:00+00:00,1.6393009920191122,334.87,316.245,모멘텀,12.0,1.3723818079936003,1.2960518555527103,-33.200414639902306,-5.56185982620121,AMGN@2025-11-21 05:00:00+00:00,④손절25+모멘텀0+회전가드,C,B+C
REGN,2025-11-18 05:00:00+00:00,2025-12-26 05:00:00+00:00,2025-11-17 05:00:00+00:00,2025-12-24 05:00:00+00:00,7.862671414168086,702.51,783.79,모멘텀,26.0,13.809013237918055,15.40670806927701,609.8622112363882,11.569942064881644,REGN@2025-11-18 05:00:00+00:00,④손절25+모멘텀0+회전가드,C,B+C
ADI,2025-12-09 05:00:00+00:00,2026-01-02 05:00:00+00:00,2025-12-08 05:00:00+00:00,2025-12-31 05:00:00+00:00,0.9834679304884731,277.58,275.07,모멘텀,16.0,0.6824775703624759,0.6763063090986607,-3.8272883849871846,-0.9042438216009807,ADI@2025-12-09 05:00:00+00:00,④손절25+모멘텀0+회전가드,C,B+C
WBD,2025-11-05 05:00:00+00:00,2026-01-12 05:00:00+00:00,2025-11-04 05:00:00+00:00,2026-01-09 05:00:00+00:00,222.31016807236648,22.55,28.48,모멘텀,45.0,12.532735725079661,15.828483966752495,1289.9380769773024,26.297117516629708,WBD@2025-11-05 05:00:00+00:00,④손절25+모멘텀0+회전가드,C,C
DXCM,2025-12-10 05:00:00+00:00,2026-01-12 05:00:00+00:00,2025-12-09 05:00:00+00:00,2026-01-09 05:00:00+00:00,83.85237582370011,66.485,66.74,모멘텀,21.0,13.937313016596754,13.990768906184362,-6.545726087737421,0.3835451605625151,DXCM@2025-12-10 05:00:00+00:00,④손절25+모멘텀0+회전가드,C,B+C
ABNB,2026-01-02 05:00:00+00:00,2026-01-20 05:00:00+00:00,2025-12-31 05:00:00+00:00,2026-01-16 05:00:00+00:00,2.285003932484443,135.94,127.83,모멘텀,11.0,0.7765585864548381,0.730230131723716,-20.03817061062739,-5.965867294394589,ABNB@2026-01-02 05:00:00+00:00,④손절25+모멘텀0+회전가드,C,C
MAR,2026-01-12 05:00:00+00:00,2026-01-28 05:00:00+00:00,2026-01-09 05:00:00+00:00,2026-01-27 05:00:00+00:00,17.26844391295515,325.15,315.08,모멘텀,11.0,14.037086345743417,13.602353270234772,-201.5326698194358,-3.0970321390127564,MAR@2026-01-12 05:00:00+00:00,④손절25+모멘텀0+회전가드,C,C
MRNA,2025-12-26 05:00:00+00:00,2026-02-13 05:00:00+00:00,2025-12-24 05:00:00+00:00,2026-02-12 05:00:00+00:00,185.6577447020028,32.5,41.85,모멘텀,33.0,15.084691757037726,19.424441539447045,1701.390779667243,28.76923076923077,MRNA@2025-12-26 05:00:00+00:00,④손절25+모멘텀0+회전가드,C,B+C
GFS,2026-01-28 05:00:00+00:00,2026-02-20 05:00:00+00:00,2026-01-27 05:00:00+00:00,2026-02-19 05:00:00+00:00,111.0780024952394,47.9,45.23,모멘텀,16.0,13.301590798804918,12.560145132149193,-322.44000259324366,-5.5741127348643005,GFS@2026-01-28 05:00:00+00:00,④손절25+모멘텀0+회전가드,C,C
MU,2025-12-29 05:00:00+00:00,2026-02-27 05:00:00+00:00,2025-12-26 05:00:00+00:00,2026-02-26 05:00:00+00:00,0.12104346204039862,280.325,401.81,모멘텀,41.0,0.08482877124118686,0.12159118370613144,14.498545031030517,43.33719789530011,MU@2025-12-29 05:00:00+00:00,④손절25+모멘텀0+회전가드,C,C
LRCX,2026-01-12 05:00:00+00:00,2026-02-27 05:00:00+00:00,2026-01-09 05:00:00+00:00,2026-02-26 05:00:00+00:00,28.528033432421502,216.12,233.46,모멘텀,32.0,15.413696463537338,16.65038671283281,462.6120165418197,8.02332037756801,LRCX@2026-01-12 05:00:00+00:00,④손절25+모멘텀0+회전가드,C,B+C
ASML,2026-01-20 05:00:00+00:00,2026-03-02 05:00:00+00:00,2026-01-16 05:00:00+00:00,2026-02-27 05:00:00+00:00,0.10666452191216813,1319.12,1417.75,모멘텀,28.0,0.35175826036194807,0.37805906485244095,9.790504470982768,7.476954333191843,ASML@2026-01-20 05:00:00+00:00,④손절25+모멘텀0+회전가드,C,C
ODFL,2026-03-02 05:00:00+00:00,2026-03-09 04:00:00+00:00,2026-02-27 05:00:00+00:00,2026-03-06 05:00:00+00:00,0.5815134634291188,202.67,190.77,모멘텀,5.0,0.29463833408294876,0.2773383085459325,-7.491986857435364,-5.871613953717858,ODFL@2026-03-02 05:00:00+00:00,④손절25+모멘텀0+회전가드,C,C
CHTR,2026-02-20 05:00:00+00:00,2026-03-10 04:00:00+00:00,2026-02-19 05:00:00+00:00,2026-03-09 04:00:00+00:00,26.54264116995563,231.95,222.23,모멘텀,12.0,15.391414048428022,14.746427867998097,-288.1323140883951,-4.190558309980597,CHTR@2026-02-20 05:00:00+00:00,④손절25+모멘텀0+회전가드,C,B+C
ARM,2026-02-27 05:00:00+00:00,2026-03-10 04:00:00+00:00,2026-02-26 05:00:00+00:00,2026-03-09 04:00:00+00:00,0.28161374986766824,126.145,117.0,모멘텀,7.0,0.08881041619264252,0.08237202183629297,-2.7465401805687577,-7.24959372151096,ARM@2026-02-27 05:00:00+00:00,④손절25+모멘텀0+회전가드,C,공통
BKR,2026-02-13 05:00:00+00:00,2026-03-11 04:00:00+00:00,2026-02-12 05:00:00+00:00,2026-03-10 04:00:00+00:00,108.96940168657635,61.15,59.04,모멘텀,17.0,16.65869728283536,16.083883688938666,-262.66801853044944,-3.4505314799672893,BKR@2026-02-13 05:00:00+00:00,④손절25+모멘텀0+회전가드,C,C
CCEP,2026-02-27 05:00:00+00:00,2026-03-18 04:00:00+00:00,2026-02-26 05:00:00+00:00,2026-03-17 04:00:00+00:00,60.98400093304965,108.94,100.01,모멘텀,13.0,16.608992654116072,15.247524833285741,-576.4436458195332,-8.1971727556453,CCEP@2026-02-27 05:00:00+00:00,④손절25+모멘텀0+회전가드,C,B+C
CEG,2026-03-11 04:00:00+00:00,2026-03-23 04:00:00+00:00,2026-03-10 04:00:00+00:00,2026-03-20 04:00:00+00:00,0.5910277568258431,316.78,290.53,모멘텀,8.0,0.4680644320182264,0.42927823547653043,-16.41182128417313,-8.286507986615321,CEG@2026-03-11 04:00:00+00:00,④손절25+모멘텀0+회전가드,C,C
AXON,2026-03-09 04:00:00+00:00,2026-03-26 04:00:00+00:00,2026-03-06 05:00:00+00:00,2026-03-25 04:00:00+00:00,0.4229350463880177,565.51,448.21,모멘텀,13.0,0.5979349952072197,0.4739092928539336,-50.6821252293756,-20.742338773850154,AXON@2026-03-09 04:00:00+00:00,④손절25+모멘텀0+회전가드,C,C
APP,2026-03-18 04:00:00+00:00,2026-03-27 04:00:00+00:00,2026-03-17 04:00:00+00:00,2026-03-26 04:00:00+00:00,13.445798955125873,453.61,392.6,모멘텀,7.0,15.24787216008662,13.197051674456045,-848.7731180867722,-13.449879852736935,APP@2026-03-18 04:00:00+00:00,④손절25+모멘텀0+회전가드,C,B+C
MRNA,2026-03-10 04:00:00+00:00,2026-03-30 04:00:00+00:00,2026-03-09 04:00:00+00:00,2026-03-27 04:00:00+00:00,107.19242135299866,55.215,49.675,모멘텀,14.0,14.796573862514554,13.311958826775522,-621.9545469849027,-10.03350538802863,MRNA@2026-03-10 04:00:00+00:00,④손절25+모멘텀0+회전가드,C,B+C
NFLX,2026-03-11 04:00:00+00:00,2026-03-30 04:00:00+00:00,2026-03-10 04:00:00+00:00,2026-03-27 04:00:00+00:00,64.02226891312228,97.41,92.75,모멘텀,13.0,15.591023037068101,14.845163604230226,-328.77995977644696,-4.783903090031815,NFLX@2026-03-11 04:00:00+00:00,④손절25+모멘텀0+회전가드,C,B+C
PLTR,2026-03-30 04:00:00+00:00,2026-03-31 04:00:00+00:00,2026-03-27 04:00:00+00:00,2026-03-30 04:00:00+00:00,38.87019402159021,143.27,140.02,모멘텀,1.0,13.922331743683074,13.606511417257655,-153.85697373110725,-2.2684441962727675,PLTR@2026-03-30 04:00:00+00:00,④손절25+모멘텀0+회전가드,C,B+C
INTU,2026-03-23 04:00:00+00:00,2026-04-01 04:00:00+00:00,2026-03-20 04:00:00+00:00,2026-03-31 04:00:00+00:00,0.5329807611088395,456.0,431.255,모멘텀,7.0,0.6075980676640771,0.5746265453299815,-14.370833546632298,-5.426535087719298,INTU@2026-03-23 04:00:00+00:00,④손절25+모멘텀0+회전가드,C,B+C
DDOG,2026-03-31 04:00:00+00:00,2026-04-06 04:00:00+00:00,2026-03-30 04:00:00+00:00,2026-04-02 04:00:00+00:00,46.358266977614186,116.895,117.25,모멘텀,3.0,13.547624045870526,13.588767007813159,-10.679206276629884,0.30369134693528643,DDOG@2026-03-31 04:00:00+00:00,④손절25+모멘텀0+회전가드,C,B+C
ROST,2026-03-30 04:00:00+00:00,2026-05-08 04:00:00+00:00,2026-03-27 04:00:00+00:00,2026-05-07 04:00:00+00:00,26.27579809261129,211.69,225.66,모멘텀,28.0,13.90580924556221,14.823491493946658,338.3435986142713,6.59927252113941,ROST@2026-03-30 04:00:00+00:00,④손절25+모멘텀0+회전가드,C,B+C
INTC,2026-04-06 04:00:00+00:00,2026-06-05 04:00:00+00:00,2026-04-02 04:00:00+00:00,2026-06-04 04:00:00+00:00,106.3136950762601,50.88,106.48,모멘텀,43.0,13.523102013700287,28.30070562930044,5869.217638597063,109.2767295597484,INTC@2026-04-06 04:00:00+00:00,④손절25+모멘텀0+회전가드,C,B+C
DDOG,2026-05-08 04:00:00+00:00,2026-06-24 04:00:00+00:00,2026-05-07 04:00:00+00:00,2026-06-23 04:00:00+00:00,26.949162020130334,185.5,218.2,모멘텀,31.0,12.497673886835441,14.700767881981097,854.0391562894456,17.628032345013466,DDOG@2026-05-08 04:00:00+00:00,④손절25+모멘텀0+회전가드,C,C
ARM,2026-03-27 04:00:00+00:00,2026-06-29 04:00:00+00:00,2026-03-26 04:00:00+00:00,2026-06-26 04:00:00+00:00,35.014660144430984,151.53,336.25,모멘텀,63.0,13.264428629214066,29.434198683912296,6425.209394566166,121.90325348115883,ARM@2026-03-27 04:00:00+00:00,④손절25+모멘텀0+회전가드,C,B+C
MRVL,2026-03-26 04:00:00+00:00,2026-07-02 04:00:00+00:00,2026-03-25 04:00:00+00:00,2026-07-01 04:00:00+00:00,1.7753615998565533,97.96,269.5,모멘텀,67.0,0.43478605580486984,1.1961498779033528,302.91459290568497,175.11229073091062,MRVL@2026-03-26 04:00:00+00:00,④손절25+모멘텀0+회전가드,C,B+C
MU,2026-06-24 04:00:00+00:00,2026-07-02 04:00:00+00:00,2026-06-23 04:00:00+00:00,2026-07-01 04:00:00+00:00,5.570250110210342,1082.22,1041.5,모멘텀,6.0,15.070590185679592,14.503538724460178,-256.3947133979045,-3.7626360629077316,MU@2026-06-24 04:00:00+00:00,④손절25+모멘텀0+회전가드,C,B+C
AMD,2026-04-01 04:00:00+00:00,2026-07-06 04:00:00+00:00,2026-03-31 04:00:00+00:00,2026-07-02 04:00:00+00:00,1.688492753949856,207.585,535.35,모멘텀,64.0,0.8762644208217022,2.259836489567639,550.2927265879853,157.89435652865095,AMD@2026-04-01 04:00:00+00:00,④손절25+모멘텀0+회전가드,C,B+C
KLAC,2026-07-02 04:00:00+00:00,2026-07-14 04:00:00+00:00,2026-07-01 04:00:00+00:00,2026-07-13 04:00:00+00:00,0.03361961614269302,266.0,237.4,모멘텀,7.0,0.02235704473489086,0.019953242180688308,-1.0038313085965989,-10.751879699248123,KLAC@2026-07-02 04:00:00+00:00,④손절25+모멘텀0+회전가드,C,B+C
AMAT,2026-07-02 04:00:00+00:00,2026-07-16 04:00:00+00:00,2026-07-01 04:00:00+00:00,2026-07-15 04:00:00+00:00,12.079637737440793,656.69,562.54,모멘텀,9.0,19.83144326449999,16.988198532049857,-1174.1175347766011,-14.337054013309181,AMAT@2026-07-02 04:00:00+00:00,④손절25+모멘텀0+회전가드,C,B+C
MRNA,2026-06-29 04:00:00+00:00,2026-07-21 04:00:00+00:00,2026-06-26 04:00:00+00:00,2026-07-20 04:00:00+00:00,147.49040145211393,67.945,59.51,모멘텀,15.0,25.0530883166597,21.942884476038248,-1291.077509041279,-12.414452866288904,MRNA@2026-06-29 04:00:00+00:00,④손절25+모멘텀0+회전가드,C,B+C
DASH,2026-07-06 04:00:00+00:00,2026-07-24 04:00:00+00:00,2026-07-02 04:00:00+00:00,2026-07-23 04:00:00+00:00,4.536863968358186,191.93,171.0,모멘텀,14.0,2.1769007536174665,1.9395093464731243,-99.07297295782746,-10.905017454280209,DASH@2026-07-06 04:00:00+00:00,④손절25+모멘텀0+회전가드,C,B+C
FTNT,2026-06-05 04:00:00+00:00,2026-07-29 04:00:00+00:00,2026-06-04 04:00:00+00:00,2026-07-28 04:00:00+00:00,70.51619373883804,148.46,148.27,모멘텀,36.0,26.172085306169738,26.138590114143796,-65.70875223069015,-0.12798060083524243,FTNT@2026-06-05 04:00:00+00:00,④손절25+모멘텀0+회전가드,C,B+C
AXON,2026-07-14 04:00:00+00:00,2026-07-30 04:00:00+00:00,2026-07-13 04:00:00+00:00,2026-07-29 04:00:00+00:00,0.37868738553613046,526.508,517.02,모멘텀,12.0,0.4984548449596425,0.48947238017472544,-4.58091313910117,-1.8020618869988736,AXON@2026-07-14 04:00:00+00:00,④손절25+모멘텀0+회전가드,C,B+C
CTAS,2026-07-24 04:00:00+00:00,2026-08-14 04:00:00+00:00,2026-07-23 04:00:00+00:00,2026-08-13 04:00:00+00:00,4.581763760778949,202.28,200.49,모멘텀,15.0,2.3169979338259146,2.2964945409964286,-12.814849606616576,-0.884912003163929,CTAS@2026-07-24 04:00:00+00:00,④손절25+모멘텀0+회전가드,C,B+C
PYPL,2026-07-16 04:00:00+00:00,2026-08-31 04:00:00+00:00,2026-07-15 04:00:00+00:00,2026-08-28 04:00:00+00:00,121.48979870820155,55.41,53.39,모멘텀,32.0,16.82937436605362,16.2158508825772,-278.4546186391972,-3.645551344522646,PYPL@2026-07-16 04:00:00+00:00,④손절25+모멘텀0+회전가드,C,B+C
WDAY,2026-07-21 04:00:00+00:00,,2026-07-20 04:00:00+00:00,,63.87602753971843,139.01,,미청산(표본종료),,22.198516470740646,0.0,,,WDAY@2026-07-21 04:00:00+00:00,④손절25+모멘텀0+회전가드,C,B+C
CTSH,2026-07-29 04:00:00+00:00,,2026-07-28 04:00:00+00:00,,182.3868695437143,52.31,,미청산(표본종료),,23.85164286457924,0.0,,,CTSH@2026-07-29 04:00:00+00:00,④손절25+모멘텀0+회전가드,C,C
TEAM,2026-07-30 04:00:00+00:00,,2026-07-29 04:00:00+00:00,,7.442837268145987,97.735,,미청산(표본종료),,1.8185642510056201,0.0,,,TEAM@2026-07-30 04:00:00+00:00,④손절25+모멘텀0+회전가드,C,C
SMCI,2026-08-14 04:00:00+00:00,,2026-08-13 04:00:00+00:00,,13.754243818716109,39.16,,미청산(표본종료),,1.3465404698523071,0.0,,,SMCI@2026-08-14 04:00:00+00:00,④손절25+모멘텀0+회전가드,C,공통
MRNA,2026-08-31 04:00:00+00:00,,2026-08-28 04:00:00+00:00,,48.11568763351976,134.1,,미청산(표본종료),,16.1307842791375,0.0,,,MRNA@2026-08-31 04:00:00+00:00,④손절25+모멘텀0+회전가드,C,B+C
