timestamp,⓪운영설정|A,⓪운영설정|B,⓪운영설정|C,①손절15+모멘텀0|A,①손절15+모멘텀0|B,①손절15+모멘텀0|C,④손절25+모멘텀0+회전가드|A,④손절25+모멘텀0+회전가드|B,④손절25+모멘텀0+회전가드|C
2023-09-07 04:00:00+00:00,10000.0,10000.0,10000.0,10000.0,10000.0,10000.0,10000.0,10000.0,10000.0
2023-09-08 04:00:00+00:00,10000.0,10000.0,10000.0,10000.0,10000.0,10000.0,10000.0,10000.0,10000.0
2023-09-11 04:00:00+00:00,9996.259351620947,10000.0,10000.0,9992.518703241896,10000.0,10000.0,9992.518703241896,10000.0,10000.0
2023-09-12 04:00:00+00:00,9982.704729240313,9988.170138219328,9988.170138219328,9957.995934834424,9976.340276438654,9976.340276438654,9965.409458480624,9976.340276438654,9976.340276438654
2023-09-13 04:00:00+00:00,9985.879685833976,9991.356798044208,9991.356798044208,9950.546062563975,9968.899425747557,9968.899425747557,9971.75937166795,9982.713596088415,9982.713596088415
2023-09-14 04:00:00+00:00,10002.487151093132,10008.025480205122,10008.025480205122,9983.852526363487,9994.78432890806,9994.78432890806,10004.974302186263,10016.050960410246,10016.050960410246
2023-09-15 04:00:00+00:00,9970.98181258679,9976.404009635153,9976.404009635153,9920.668205332058,9931.530824310506,9931.530824310506,9941.96362517358,9952.808019270304,9952.808019270304
2023-09-18 04:00:00+00:00,9972.691404598761,9978.11990338701,9978.11990338701,9924.096811899655,9934.963185025103,9934.963185025103,9945.382809197523,9956.239806774021,9956.239806774021
2023-09-19 04:00:00+00:00,9977.575953204396,9983.02245696375,9983.02245696375,9933.89283066422,9944.769929923948,9944.769929923948,9955.151906408793,9966.0449139275,9966.0449139275
2023-09-20 04:00:00+00:00,9970.859698871649,9976.281445795734,9976.281445795734,9920.423304862945,9931.285655688036,9931.285655688036,9941.719397743298,9952.562891591468,9952.562891591468
2023-09-21 04:00:00+00:00,9950.710935873407,9956.058412291683,9956.058412291683,9872.741183526437,9890.8328329803,9890.8328329803,9901.421871746814,9912.116824583365,9912.116824583365
2023-09-22 04:00:00+00:00,9953.153210176224,9958.509689080052,9958.509689080052,9872.741183526437,9885.752326201142,9885.752326201142,9906.306420352448,9917.019378160105,9917.019378160105
2023-09-25 04:00:00+00:00,9961.823283951226,9967.211721678765,9967.211721678765,9865.355092865446,9885.752326201142,9885.752326201142,9923.646567902451,9934.42344335753,9934.42344335753
2023-09-26 04:00:00+00:00,9945.33793240721,9950.665603357269,9950.665603357269,9824.734370723845,9859.48199930518,9859.48199930518,9890.675864814419,9901.331206714538,9901.331206714538
2023-09-27 04:00:00+00:00,9940.575497516716,9945.885613619947,9945.885613619947,9824.734370723845,9860.060651807238,9860.060651807238,9881.150995033433,9891.771227239895,9891.771227239895
2023-09-28 04:00:00+00:00,9955.35125704876,9960.715838189586,9960.715838189586,9824.734370723845,9860.060651807238,9860.060651807238,9910.70251409752,9921.43167637917,9921.43167637917
2023-09-29 04:00:00+00:00,9970.249130295944,9975.668626598641,9975.668626598641,9817.384195384151,9860.060651807238,9860.060651807238,9940.49826059189,9951.337253197282,9951.337253197282
2023-10-02 04:00:00+00:00,9967.196287417424,9972.604530613178,9972.604530613178,9803.944485242677,9857.60383372506,9857.60383372506,9934.392574834847,9945.209061226356,9945.209061226356
2023-10-03 04:00:00+00:00,9959.86946450897,9965.250700248069,9965.250700248069,9803.944485242677,9849.478807316611,9849.478807316611,9919.738929017944,9930.501400496138,9930.501400496138
2023-10-04 04:00:00+00:00,9974.156769180452,9979.590669460033,9979.590669460033,9803.944485242677,9849.478807316611,9849.478807316611,9948.313538360904,9959.181338920065,9959.181338920065
2023-10-05 04:00:00+00:00,9975.011565186438,9980.448616335962,9980.448616335962,9803.944485242677,9849.478807316611,9849.478807316611,9950.023130372876,9960.897232671925,9960.897232671925
2023-10-06 04:00:00+00:00,10001.510241372005,10007.044969489774,10007.044969489774,9796.609863433268,9849.478807316611,9849.478807316611,10003.02048274401,10014.089938979549,10014.089938979549
2023-10-09 04:00:00+00:00,10017.611239997615,10027.02287531499,10027.02287531499,9835.50196996982,9890.196830995876,9890.196830995876,10042.82955387993,10054.045750629979,10054.045750629979
2023-10-10 04:00:00+00:00,9995.122221653084,10046.311972362671,10046.311972362671,9904.13156796747,9974.108141806544,9974.108141806544,10113.132380370225,10139.595310544086,10139.595310544086
2023-10-11 04:00:00+00:00,10066.07847102944,10071.116331616207,10071.30772030673,9948.151634764708,9984.61228315112,9984.728836366943,10158.125534628805,10150.384199936798,10150.503029900916
2023-10-12 04:00:00+00:00,9926.332589716018,9931.530868968264,9931.546900918649,9846.541322280762,9881.937526281838,9883.02518681444,10054.47384991397,10046.127017814013,10047.234393124692
2023-10-13 04:00:00+00:00,9773.962559061543,9779.25687571066,9778.958143538823,9669.0061396712,9704.121617383791,9705.249925720978,9873.422268381535,9865.634433340629,9866.782401925837
2023-10-16 04:00:00+00:00,9849.808044581312,9855.041859100407,9854.711944345192,9727.74644123086,9763.136710993287,9764.092966928667,9933.392758470189,9925.618619949451,9926.590772325766
2023-10-17 04:00:00+00:00,9913.631425045874,9918.594433260569,9918.56488042196,9868.372078824552,9903.872894784017,9904.86974115226,10076.775818644062,10068.439845617726,10069.45390352803
2023-10-18 04:00:00+00:00,9770.14023016472,9775.238945053865,9774.9892950521,9616.87648107085,9652.012344528244,9652.877712306512,9820.199505658613,9812.668777419984,9813.549174923515
2023-10-19 04:00:00+00:00,9595.705518244107,9600.169523570326,9600.464150411908,9354.3062942429,9387.738906884835,9389.344887937163,9552.028910947214,9543.936841231583,9545.572047567917
2023-10-20 04:00:00+00:00,9265.733476654314,9269.699604691363,9270.611981303475,9011.40844009443,9100.685572468119,9057.859842361624,9214.527878603843,9207.188384128916,9209.011091245491
2023-10-23 04:00:00+00:00,9328.985496291541,9332.456985697101,9334.0228331834,8990.428884934525,9093.377941783474,9011.558181416465,9263.815477470409,9256.896120842574,9258.039126331874
2023-10-24 04:00:00+00:00,9511.82336040119,9515.860222229789,9516.717336514695,9131.119091576638,9232.334741460749,9152.43820507048,9444.558400735172,9437.632046769219,9438.436880051484
2023-10-25 04:00:00+00:00,9206.850668077544,9210.349381196991,9211.650397411686,8850.976960956206,8905.206750714358,8872.036494067772,9126.310895026398,9133.024101749512,9133.552869698999
2023-10-26 04:00:00+00:00,9049.695114739709,9053.181627421027,9054.25000261022,8701.798119031926,8760.380507963924,8735.0596806408,8896.872730484498,8964.619639440625,8965.388869487002
2023-10-27 04:00:00+00:00,9068.518816676664,9071.026134270043,9073.40500484431,8593.008976293822,8670.884858790212,8604.857018165896,8849.597092061831,8864.748056218421,8864.933890171767
2023-10-30 04:00:00+00:00,9006.42578338651,9009.31667438304,9011.453522268836,8654.31918943553,8746.412499927632,8665.107156725402,8801.006944908717,8989.699797656305,8820.67583457827
2023-10-31 04:00:00+00:00,9051.101417883046,9053.94115775665,9056.044825605491,8764.379801301144,8829.619698887362,8775.385772298954,8812.824373114105,9079.655704034612,8834.860932408163
2023-11-01 04:00:00+00:00,9157.467662893181,9160.882759299602,9162.886769657212,8814.986330579097,8872.898538195006,8825.899957565234,8867.79366794122,9152.461970858156,8889.530524650578
2023-11-02 04:00:00+00:00,9430.573165988984,9433.932838424698,9435.52661837884,9122.410644119434,9182.970651503876,9133.168863355133,9097.681635258548,9454.481318753287,9124.63883722092
2023-11-03 04:00:00+00:00,9739.412844088958,9743.827038427098,9744.247922919294,9236.812655949316,9214.908612168836,9247.897436606894,9253.082494934375,9537.130253733314,9277.398274878202
2023-11-06 05:00:00+00:00,9693.822023343253,9698.275960762518,9698.7657576995,9259.279925715771,9196.924286350413,9270.138858115015,9295.3076872526,9578.427653886893,9320.126378106741
2023-11-07 05:00:00+00:00,9853.310470157372,9901.915530366723,9902.372384615297,9349.73725563558,9304.968093678632,9360.364204558344,9428.837601846257,9673.958492327349,9467.184364212719
2023-11-08 05:00:00+00:00,9827.4793155395,9844.060287442882,9842.615564285026,9531.95952963332,9344.82114043472,9542.266081100377,9471.009029408593,9717.128817072915,9481.645666269524
2023-11-09 05:00:00+00:00,9795.834854918216,9811.495558770917,9811.878337926804,9488.89158906064,9470.602154002821,9514.284473723857,9574.705881132542,9839.771849022347,9519.692960148135
2023-11-10 05:00:00+00:00,10012.485398192319,10028.219526880008,10029.087352015562,9663.114121387625,9643.060975598088,9654.76277487563,9786.183182137955,10025.552441864069,9667.626994584542
2023-11-13 05:00:00+00:00,10078.204173763477,10094.673316294351,10094.650918411644,9763.959652317331,9733.424849729177,9766.735733249176,9880.821273013216,10121.962098997641,9812.257756159539
2023-11-14 05:00:00+00:00,10235.798194467769,10251.466982682667,10251.649904506423,9816.082364435944,9701.42146440472,9788.152341770703,9853.319316173423,10094.367519707057,9880.397091838913
2023-11-15 05:00:00+00:00,10440.673708373333,10456.951104640379,10457.255422729742,10043.008645566017,9960.524728845441,10014.771861427838,10103.880180740553,10356.698077937093,10150.313312925871
2023-11-16 05:00:00+00:00,10443.412460937045,10458.867556429213,10459.46188513189,10022.472184773025,9970.748682102778,9994.462155908663,10114.722295329988,10370.159933169563,10107.649832628163
2023-11-17 05:00:00+00:00,10442.53874120457,10459.017940488282,10458.64358173765,10014.7079555427,9953.591733784015,9986.619260663654,10096.430435632818,10352.34327945633,10138.315749607833
2023-11-20 05:00:00+00:00,10645.59769767912,10663.892195453656,10662.680604333194,10291.496917142755,10262.333770748377,10262.091468227474,10401.123422575363,10668.676981835604,10440.18023914556
2023-11-21 05:00:00+00:00,10597.956999417247,10616.102808197367,10614.631256634995,10165.698639653525,10171.999760377978,10137.16608261333,10312.942164352437,10577.908752299514,10355.778132710435
2023-11-22 05:00:00+00:00,10712.094258920537,10730.991844751192,10729.231508832201,10334.746694513065,10336.396245397322,10305.240981587955,10477.278534526884,10746.720561774007,10549.481336939984
2023-11-24 05:00:00+00:00,10776.163834355877,10795.993687828612,10793.836132353868,10434.302195879445,10486.337758789214,10404.289680249174,10625.353675736993,10900.149964747687,10665.385328985609
2023-11-27 05:00:00+00:00,10775.89443069593,10795.113088514705,10792.658937522025,10318.330740046531,10365.628606485661,10288.76058540362,10506.575829611178,10779.055619192564,10682.527425090013
2023-11-28 05:00:00+00:00,10790.909051395847,10811.162854188462,10808.272985213867,10340.976453780397,10373.504374931308,10311.462530499397,10515.182526655659,10786.00737796999,10680.427051619334
2023-11-29 05:00:00+00:00,10862.104720315934,10883.50793684672,10879.860840166788,10485.178348939375,10493.963488665591,10454.251972921316,10632.92090063687,10910.51271374888,10802.893738235058
2023-11-30 05:00:00+00:00,10792.53750431145,10813.921967512011,10810.072570579887,10382.865023484173,10401.395644721968,10352.418507572034,10544.685417459423,10817.266559634738,10709.882653693781
2023-12-01 05:00:00+00:00,10926.40479682654,10948.948963544364,10944.958874465507,10663.561590794492,10562.043434796204,10630.361509442271,10703.737040257492,10979.225800415514,10960.650440505993
2023-12-04 05:00:00+00:00,10961.423776390648,10985.914878653522,10981.180345093479,10973.601554618934,10754.248441677973,10937.20507999969,10892.31936588827,11172.836257254552,11170.84657445266
2023-12-05 05:00:00+00:00,11016.223395633479,11042.061238345324,11036.48272734219,10970.447527618722,10816.19425853313,10934.57519535613,10950.993277478745,11233.443281790785,11311.559631946564
2023-12-06 05:00:00+00:00,10804.04179254584,10877.441798719545,10872.570961581425,10953.953701382885,10735.87209160018,10917.229037843936,10868.692200620626,11152.239524549675,11141.46055831742
2023-12-07 05:00:00+00:00,10878.646624385834,10904.494256908183,10899.53282393074,11057.583802039182,10810.329827015776,11020.412388531899,10942.831653727095,11228.953065832478,11212.09440745657
2023-12-08 05:00:00+00:00,10928.247156140005,10953.97941944359,10949.19331388351,11200.130480885207,10932.990764502807,11162.493679084124,11057.827580130448,11349.95361813562,11349.773848791647
2023-12-11 05:00:00+00:00,11098.18908852047,11124.389115133,11119.531140123612,11007.782303996482,10736.374022508367,10971.496490434114,10868.056368326419,11154.34854602013,11127.789049665593
2023-12-12 05:00:00+00:00,11263.316958920848,11290.048712770085,11285.195078926128,11049.525370181473,10809.195479520346,11013.195940018024,10939.970260004102,11229.467894500902,11169.26845414945
2023-12-13 05:00:00+00:00,11413.616006600176,11440.820190886921,11435.892527069298,11306.355543512858,11175.336167253608,11269.852171711758,11302.308335330785,11603.623201392416,11484.94952810576
2023-12-14 05:00:00+00:00,11291.787930792494,11319.108993175174,11314.297660689313,11341.33372341653,11116.722472344532,11303.446504479922,11252.448943813815,11544.800286237287,11632.302643139938
2023-12-15 05:00:00+00:00,11416.495021705177,11444.02081168887,11439.027596901658,11248.866427081222,11043.244684349615,11211.827176646875,11182.660015240526,11470.78638299714,11516.913748912752
2023-12-18 05:00:00+00:00,11421.047743169722,11448.653996126612,11443.52429535924,11319.178673456765,11160.830249033668,11282.816745485045,11297.72390436723,11591.677861678445,11561.46618841709
2023-12-19 05:00:00+00:00,11473.441622289605,11501.163029930776,11496.04885691802,11283.134111304367,11209.260316758464,11247.932103107138,11342.687296749958,11641.28031290692,11604.094087130748
2023-12-20 05:00:00+00:00,11274.21925932601,11301.030308062554,11296.468372492685,11013.353106914834,10983.27601040305,10980.274724753268,11112.710727245292,11405.061157619879,11299.040529956283
2023-12-21 05:00:00+00:00,11369.06352431177,11396.492060465109,11391.611029283264,11306.441128357867,11237.645625691523,11270.959094889797,11370.232793829098,11668.788610550762,11566.203106668454
2023-12-22 05:00:00+00:00,11330.666621554155,11357.938294916308,11353.182340677524,11510.95760767736,11413.508818465998,11473.984661855153,11541.280785448304,11844.152278210335,11798.118308365147
2023-12-26 05:00:00+00:00,11407.312631362394,11434.833559086404,11429.935459732338,11443.54320936267,11390.370490993006,11407.25410647353,11521.502743128065,11823.25146643497,11802.320972807265
2023-12-27 05:00:00+00:00,11381.39493837686,11408.88533924727,11403.992664658917,11878.991950487987,11802.233001468823,11840.249131960041,11922.740344737904,12237.460781370663,12214.558806279045
2023-12-28 05:00:00+00:00,11382.19376740278,11409.674225896548,11404.783384084118,11861.107318359464,11790.467365855944,11822.334538787785,11911.50432429796,12225.9820652683,12240.84523365652
2023-12-29 05:00:00+00:00,11353.977728115538,11381.397445642124,11376.492464928,11600.097706831944,11547.654329980389,11562.576064123576,11672.494069853572,11981.254272999957,11973.089434557092
2024-01-02 05:00:00+00:00,11110.762256080478,11137.80503184441,11132.908565598016,11806.62159191305,11727.301280235366,11779.345345273461,11838.122381805813,12157.715574465245,12103.710720098514
2024-01-03 05:00:00+00:00,11061.809440983001,11088.607003825142,11083.870195840966,11306.060734671999,11325.317061574337,11239.047429666392,11440.464132504227,11750.302979287088,11507.045213145264
2024-01-04 05:00:00+00:00,11042.233573852198,11069.133537449568,11064.35434341317,11508.477800307666,11549.185108300819,11440.536601247815,11659.852696367265,11977.756467765477,11705.57155236443
2024-01-05 05:00:00+00:00,10973.538596703213,11050.088824638287,11045.13347806402,11477.38901899027,11462.46642581117,11408.534296810887,11579.76793167775,11893.197419327735,11686.552580209715
2024-01-08 05:00:00+00:00,11363.184613627061,11381.492256430647,11377.547108613366,11549.324387248702,11504.141936328328,11479.0971655373,11628.440971597713,11943.433014839717,11773.194565768556
2024-01-09 05:00:00+00:00,11322.501604713845,11339.998132807907,11338.15676596348,11292.754597863259,11364.732876935126,11242.482080634685,11471.548918463617,11803.07040673601,11514.271673964966
2024-01-10 05:00:00+00:00,11374.815662754227,11392.997627964529,11390.27748503429,11210.098335541614,11194.137756530597,11047.976379261487,11383.323361372135,11628.152755907035,11317.54988282721
2024-01-11 05:00:00+00:00,11436.58189730523,11453.8921428902,11452.23319621381,11196.254790729396,11228.83496652261,11036.053727699535,11500.325770813575,11662.876663590818,11286.033541947423
2024-01-12 05:00:00+00:00,11388.995476029584,11405.271190292464,11404.532277546155,11020.029122698805,11082.762948954301,10862.134616258436,11340.129038403407,11510.23588576639,11107.224487710193
2024-01-16 05:00:00+00:00,11525.853372047382,11543.663458825737,11538.815322340686,10785.73038070454,10888.189901940697,10631.37825151444,11125.929046936857,11308.404579967773,10861.253070271949
2024-01-17 05:00:00+00:00,11452.788084572694,11471.547624815264,11464.969030064878,10696.536610726023,10858.48342985926,10544.178135464621,11069.614658002189,11277.603535200406,10764.13200796059
2024-01-18 05:00:00+00:00,11619.166707318269,11634.272680423806,11630.359291401071,10648.927857708386,10912.713890098785,10515.353606242992,11063.075525783948,11333.742509349513,10725.118539566403
2024-01-19 05:00:00+00:00,11987.995567806705,11997.851109315365,12006.765730728957,10897.63108978926,11062.114995861422,11034.119770197893,11403.95352860561,11487.194394467946,11249.810201111603
2024-01-22 05:00:00+00:00,11943.902569049907,11951.878330225753,11964.212403353144,10836.407655345085,11016.185874779898,10969.64014940953,11305.992381324162,11441.326925550497,11187.706840328434
2024-01-23 05:00:00+00:00,12022.204761004814,12029.77634346339,12044.224969314726,10824.854134049107,11019.165758076768,10959.199392599461,11263.81107128645,11444.216958340285,11185.375804306861
2024-01-24 05:00:00+00:00,12130.078084700024,12134.616112143069,12151.965100420713,11017.688405126575,11180.962060830861,11156.991226574972,11537.899139301073,11609.862368559683,11375.079089727176
2024-01-25 05:00:00+00:00,12098.439287728997,12105.866509169953,12120.618826364907,11055.9631408432,11238.705352097773,11188.178464764555,11465.055551784162,11669.405704764918,11426.155415451878
2024-01-26 05:00:00+00:00,11979.784171143281,11989.173686039818,12002.093001999641,10807.566651916444,11014.76547999078,10953.431454942121,11167.76184958746,11436.47628514638,11194.952981695495
2024-01-29 05:00:00+00:00,12189.827512136671,12199.63683621594,12213.92404784569,11041.647867873453,11241.229016476218,11163.202143118451,11414.102267173517,11672.281949385693,11411.83095641747
2024-01-30 05:00:00+00:00,12089.268677610966,12100.106181930085,12115.330053705044,10989.124862638066,11191.259406822208,11109.000178910092,11366.837216347385,11621.52785198205,11353.213167534894
2024-01-31 05:00:00+00:00,11836.143401815047,11847.37246145649,11864.060724323283,10968.580130132737,11179.52995280369,11098.899691338242,11349.324594159902,11609.633441193111,11342.735869791293
2024-02-01 05:00:00+00:00,11889.133042737456,11897.938724146266,11920.739199681606,11452.247094264141,11623.316069869634,11541.502320719052,11766.250532495647,12070.449563184153,11801.751118260141
2024-02-02 05:00:00+00:00,11698.670146651366,11703.526532951037,11729.653588552274,11704.734986261112,11743.70875136057,11788.245251553135,11934.394804740497,12195.147046573566,12067.694146278332
2024-02-05 05:00:00+00:00,11594.063706946961,11648.483657460452,11684.484050213518,12343.29570411205,12311.977529555516,12422.768662579614,12459.598326378935,12787.492207776973,12736.483126389048
2024-02-06 05:00:00+00:00,11565.090718719126,11529.680452945437,11567.87161744206,12295.779201960911,12340.474101770767,12379.167816008403,12452.707497634749,12818.173810350814,12685.715009468331
2024-02-07 05:00:00+00:00,11970.866356330056,11931.565505152112,11972.536554512546,12461.250942506187,12479.007788082257,12547.005854808538,12631.438801100532,12962.369135761171,12855.994123099275
2024-02-08 05:00:00+00:00,11961.561945736603,11922.260909027744,11963.20756512673,12516.301141956654,12551.362425064643,12608.76694579583,12760.292290521398,13037.664325097056,12908.33187864225
2024-02-09 05:00:00+00:00,12146.826343698036,12106.858366863771,12148.809014122686,12964.009036846572,13006.076667857564,13046.749063042174,13057.927556719136,13510.575473558714,13380.687658629759
2024-02-12 05:00:00+00:00,12069.1058607297,12028.878390693699,12070.413236554117,13188.070976098228,13156.972039226956,13276.964850943225,13338.382426193952,13667.119806956405,13608.639602515783
2024-02-13 05:00:00+00:00,11923.687415814056,11884.613024893011,11925.196768978158,13291.449768711973,13193.265969480737,13375.101638245242,13372.9194498437,13704.41459751716,13719.822517113644
2024-02-14 05:00:00+00:00,12168.406124194236,12127.342676527489,12169.343121452226,14120.297179422345,14024.59489830607,14207.271507195897,14192.58449215062,14567.01447269083,14575.720760875634
2024-02-15 05:00:00+00:00,12606.588714010326,12556.83102599358,12602.245774986284,14863.66510905185,14862.537827826502,14957.041648093988,14944.32522865117,15437.056868013035,15342.89099805188
2024-02-16 05:00:00+00:00,12600.773910725036,12550.456522224558,12595.949049701894,13417.973060324144,13405.692722510612,13513.616030153866,13363.459319659849,13925.05001617604,13870.268029905696
2024-02-20 05:00:00+00:00,12347.795289763697,12299.891239377755,12343.89156282341,12997.26531016161,13102.05248391845,13135.620806298211,12963.225651154124,13609.577038271647,13484.637123921748
2024-02-21 05:00:00+00:00,11503.89034993525,11462.57363668956,11502.053382340851,12587.817284711651,12747.633215023563,12590.973759358392,12497.390912457013,13240.24440027994,13057.149820580855
2024-02-22 05:00:00+00:00,12161.715278705604,12126.837432162683,12158.819734574392,14854.70703843387,14764.020300292546,14836.392484363643,14502.391354977583,15337.722164007402,15417.277021301377
2024-02-23 05:00:00+00:00,12184.777786008712,12144.562554245294,12181.979367193222,14204.657202177075,14009.374282164641,13962.416602848076,13671.82472527873,14552.442776397436,14744.394554660532
2024-02-26 05:00:00+00:00,12431.724577379318,12388.666491522261,12427.939655883636,14681.781535785838,14472.131248544625,14198.9823374662,14105.653114638611,15029.141065300983,15224.380943610915
2024-02-27 05:00:00+00:00,12553.259303836265,12507.805617086266,12548.468567152127,14277.576056543241,14080.783771181665,14154.937198141708,13945.9069983739,14625.185819456188,14812.48330448443
2024-02-28 05:00:00+00:00,12417.387476230168,12372.766738203236,12413.74370028357,13892.162884333111,13731.689163840378,13868.157832376115,13623.441082061929,14263.55214983255,14414.395259836587
2024-02-29 05:00:00+00:00,12556.340158246901,12511.645634417013,12551.838596457084,14491.252702463476,14294.14578730804,14379.749713114768,14210.572825235786,14846.073060801184,15028.90093570873
2024-03-01 05:00:00+00:00,12759.168261566243,12715.470286645324,12755.042467711226,14915.087461319421,14731.089520529367,14766.410423649186,14507.388241583794,15301.58544650316,15473.14806066374
2024-03-04 05:00:00+00:00,12797.0155020801,12761.60595496434,12793.564191530386,16111.586194919742,15867.450829331397,15952.598836368043,15564.227532568857,16484.04034283721,16713.625881372154
2024-03-05 05:00:00+00:00,12501.42973388485,12524.911489858381,12554.426483764144,16131.808085105566,15798.58711923788,16018.119799678168,15545.486800049177,16413.64932412169,16744.214438269468
2024-03-06 05:00:00+00:00,13152.450274510438,13301.360690063071,13292.148585648707,16576.542072509972,16235.376488763637,16736.881659428185,16235.6811188692,16867.993034525534,17204.697139713608
2024-03-07 05:00:00+00:00,13320.293361085414,13460.440304024745,13454.034791981552,17094.635258242968,16737.329791462827,17194.843282778376,16629.701037025538,17390.36796857878,17745.599004675372
2024-03-08 05:00:00+00:00,13391.94665514934,13420.254783409371,13509.475389559944,16492.98810996457,16175.277808056615,16797.973808010793,16251.919420930708,16806.697784670945,17117.180742284836
2024-03-11 04:00:00+00:00,13282.229655382991,13338.02254759845,13395.060237502441,15883.815677671928,15532.154434803364,16218.38467369665,15643.304834331904,16139.186116033876,16487.532344220304
2024-03-12 04:00:00+00:00,13551.575150733473,13500.41556973918,13660.848663754496,16776.20361136964,16282.421117702626,16961.33255961149,16208.852193561019,16920.331481547353,17437.394842467565
2024-03-13 04:00:00+00:00,13825.849526300128,13742.21354757744,13913.951131926957,16904.26796429966,16546.828046403403,17034.70048714455,16407.72291662648,17191.79944427097,17483.16187157379
2024-03-14 04:00:00+00:00,13482.867548907652,13497.017472510954,13581.619182666791,16316.911827318501,15949.423036465176,16441.49898850297,15871.748949214909,16572.385072324967,16874.520658205874
2024-03-15 04:00:00+00:00,13530.131542422667,13585.970903039197,13626.446887774171,15916.551039083148,15627.465011003314,16047.220287611586,15478.759043662236,16235.006976264453,16459.051115132595
2024-03-18 04:00:00+00:00,13019.03061715261,13250.298252359291,13138.297795783981,15525.884314665082,14707.785962926206,15627.08563790627,15107.349904928535,15287.618837752307,16055.660732573135
2024-03-19 04:00:00+00:00,12759.853973840303,13075.455216394164,12891.325609235966,15014.361174518957,13982.724472355167,15103.84612487027,14567.288228732805,14537.566655061099,15528.981038088878
2024-03-20 04:00:00+00:00,13076.102576181493,13503.146800305789,13202.420953862858,15028.104947577112,14161.674691009313,15125.52261312542,14614.585573421004,14720.78287096948,15538.46661072022
2024-03-21 04:00:00+00:00,13293.358547954764,13619.476931367086,13421.2729123933,15533.733105216597,14845.226228944855,15663.62315167409,15099.992171007843,15429.945143659024,16091.54450621515
2024-03-22 04:00:00+00:00,13149.760536935575,13488.62934596085,13283.225019580712,15742.536602780994,14635.70884157707,15740.072121635374,15237.233762395474,15215.530092393388,16186.771531531991
2024-03-25 04:00:00+00:00,13951.002161444248,14210.38993351095,14056.372302998709,16253.719327577632,15403.31521103236,16283.428893231187,15849.322720482542,16004.537409250113,16700.269061509996
2024-03-26 04:00:00+00:00,14006.184740631154,14143.47743502514,14107.2339526705,16185.341851970217,15350.694317865495,16222.506368157716,15834.384676302556,15948.10604670394,16625.69074845903
2024-03-27 04:00:00+00:00,14047.45589115843,14154.796060864328,14149.31631178017,16096.158928865003,15400.086545801078,16143.366412419637,15804.543914887168,15997.314736833747,16528.744553689954
2024-03-28 04:00:00+00:00,13519.283341182825,13658.950272239934,13639.514493108276,16029.62739449027,15039.479814346862,16058.351720014016,15720.653787836538,15628.422416120216,16463.57171009315
2024-04-01 04:00:00+00:00,13407.965882930523,13532.760126969375,13534.982706458026,16318.022726616839,15031.70819533581,16342.989929638778,16006.547273955122,15622.508211111255,16760.954601896876
2024-04-02 04:00:00+00:00,13228.74265995496,13366.556370297076,13357.496546549044,16249.648935216752,14899.409371674185,16272.766277692517,15995.130641453854,15485.885033909022,16686.173507409098
2024-04-03 04:00:00+00:00,13265.330131896331,13468.944169886914,13454.432280415009,16494.586950431818,15187.321891252286,16521.407461045826,16304.22136666699,15784.135051174724,16932.693172860763
2024-04-04 04:00:00+00:00,13017.573820875077,13508.130254558873,13452.589822067459,16044.289868001011,14862.401697943133,16094.942877784313,15904.967381295475,15444.817838638246,16489.304338362108
2024-04-05 04:00:00+00:00,13215.790198686638,13741.560539325408,13657.989516430122,16260.386901733651,14830.792829494667,16328.625078478139,16204.867041725502,15417.715844092298,16734.199591539636
2024-04-08 04:00:00+00:00,13365.304155795726,13942.741280267093,13813.083482668353,16289.906744290225,14925.829304866771,16361.782546645381,16233.049750924092,15515.049418660225,16762.465086843185
2024-04-09 04:00:00+00:00,13369.283119682925,13975.107366238743,13817.9775504499,16260.108681604099,14720.432297580646,16327.255215954643,16120.701166420145,15304.059932668693,16740.553361872633
2024-04-10 04:00:00+00:00,13343.147141364389,13917.185733239723,13790.712160418678,16278.790888507501,14674.443398704538,16339.9140529182,16177.201410453563,15257.833003506254,16753.44446223945
2024-04-11 04:00:00+00:00,13539.604106698564,14033.895459952108,13992.960645269635,16656.372992897715,14995.526447114906,16717.423655163835,16531.589338813945,15591.59741671566,17144.33253304408
2024-04-12 04:00:00+00:00,13240.93620937676,13769.228469922688,13685.435697076906,16360.348752334012,14739.391454231147,16421.945994766673,16231.67229733567,15325.360707709176,16839.69487388171
2024-04-15 04:00:00+00:00,12976.649631388584,13483.591175952975,13412.236193769155,16085.817578543749,14466.723786475482,16146.482147738116,15903.377362669675,15041.849042217633,16561.89325834131
2024-04-16 04:00:00+00:00,13003.387308018453,13502.569376877456,13439.358372491106,16113.309473992489,14503.031456091972,16174.464156186856,15957.629696759344,15079.618666942555,16587.67868079625
2024-04-17 04:00:00+00:00,12861.083872168048,13439.109255279003,13294.193311275358,15892.959329757901,14295.997072281818,15952.938016291104,15702.185762594041,14864.41155492367,16364.193788783736
2024-04-18 04:00:00+00:00,12768.091774615152,13378.110190681793,13199.0281189786,15697.864224693629,14108.677733830304,15757.627093091829,15465.042373713131,14669.739163124905,16167.130135463758
2024-04-19 04:00:00+00:00,12556.337129963347,13249.089536992102,12981.578737225213,15337.824061202304,13800.425129477428,15416.623492463374,15122.255757762636,14349.34897865743,15818.164823571497
2024-04-22 04:00:00+00:00,12684.13465172434,13369.03742127486,13113.704827583566,15502.409915256452,13935.274895204164,15568.249626509614,15279.18044709232,14489.584377881873,15974.105930579572
2024-04-23 04:00:00+00:00,12945.608110083947,13623.692519215907,13383.272343107203,15668.752112561793,14109.55879191616,15737.47845613377,15463.561511092397,14670.804593145434,16143.22874478354
2024-04-24 04:00:00+00:00,12955.750078671625,13658.769611612131,13394.06432321863,15757.58206723534,14155.93608162138,15824.567945876533,15518.549371029167,14719.095226195574,16237.76539105969
2024-04-25 04:00:00+00:00,12897.567261827207,13578.57973335446,13333.072702221483,15889.022767803903,14308.39609888881,15959.4817549086,15712.318386364648,14877.474904248624,16367.474756102732
2024-04-26 04:00:00+00:00,13256.747057852548,13959.460228384125,13708.215688932649,16469.030099321808,14697.43565921503,16535.341933981203,16029.027079306474,15282.154087618599,16988.093239501803
2024-04-29 04:00:00+00:00,13122.51606434394,13858.340512590765,13568.642811967982,16254.884035432282,14558.130147512331,16322.39946205287,15922.59419499517,15137.23311175982,16758.15015901734
2024-04-30 04:00:00+00:00,12934.017841719668,13715.783769546337,13373.8372594918,16065.82808187333,14408.574666849889,16149.488747688032,15751.748548654865,14981.722995439315,16578.715943349904
2024-05-01 04:00:00+00:00,12762.923097265168,13597.655206960515,13257.030126883168,16065.828385003913,14370.38783703381,16120.415651452351,15702.408727923488,14942.009254669147,16551.69226343556
2024-05-02 04:00:00+00:00,13035.015700874272,13799.551993873685,13472.600540032741,16191.515571878217,14469.295679325693,16237.185013552164,15917.344534625994,15044.848748375385,16679.114475035698
2024-05-03 04:00:00+00:00,13108.098452943159,13876.755878769844,13549.883941693848,16274.398901765153,14546.159246522257,16321.103366030315,15993.65569201226,15124.741633872227,16764.254097976813
2024-05-06 04:00:00+00:00,13129.641593976321,13899.95110904992,13572.586708209885,16238.506991411898,14490.937058400592,16285.007902055579,15903.740651946315,15067.362053483377,16731.20584293597
2024-05-07 04:00:00+00:00,13077.390619226182,13845.770550971409,13519.8797349463,16416.194092249065,14628.334411405966,16463.21230502372,16026.812386184618,15210.258465270075,16917.8609986448
2024-05-08 04:00:00+00:00,13059.539848855851,13825.873580265383,13502.142209524847,16361.193519725364,14608.063877746721,16409.296626365514,16023.369019959293,15189.171431340885,16856.342708633805
2024-05-09 04:00:00+00:00,13054.933826297076,13818.721548053873,13498.41931642578,16448.504882015408,14695.506366853126,16497.252894171925,16121.82583225656,15280.035641383416,16945.17855280827
2024-05-10 04:00:00+00:00,12918.06286386188,13676.145633672135,13359.094859002103,16381.830170886564,14625.29617938204,16432.42349809104,16012.108846183834,15207.049424397981,16877.961687096627
2024-05-13 04:00:00+00:00,13174.515726360507,13944.090439103187,13621.000944066087,16435.790049816536,14692.664716039973,16483.48779054443,16148.730658395136,15277.08175320302,16930.199234478787
2024-05-14 04:00:00+00:00,13282.192616415556,14057.617885497913,13730.509400220695,16467.935117013883,14714.102129432173,16513.714703543723,16183.501878251616,15299.324554970208,16965.0465635253
2024-05-15 04:00:00+00:00,13380.25331635339,14158.210454916334,13832.368124907342,16488.123708815532,14720.022532600702,16532.593230365514,16178.062545781628,15305.468614205514,16988.761140388557
2024-05-16 04:00:00+00:00,13455.791621299537,14239.206205359877,13908.824857725831,16600.904116436846,14817.565689400453,16643.83721192767,16302.479913780942,15406.841636463329,17105.82432686473
2024-05-17 04:00:00+00:00,13473.252750065425,14257.100103315976,13926.373803833381,16608.662703920443,14808.915431895559,16650.481308345206,16280.414559032764,15397.889317744548,17116.70685482725
2024-05-20 04:00:00+00:00,13635.220748209606,14425.51504012791,14091.063279618322,16657.47833948318,14864.621723141678,16696.251216190874,16400.706117963935,15455.861797569387,17164.34209781514
2024-05-21 04:00:00+00:00,13758.43970355573,14557.588597202322,14217.400844645827,16830.9111315441,15049.85373340112,16871.63663284645,16621.586143055654,15648.481729738796,17337.779035387637
2024-05-22 04:00:00+00:00,13992.79891222249,14798.47675013222,14453.18226806709,16819.951522763135,15096.709248497598,16853.216851859383,16834.847135758107,15697.029182501878,17317.4340470139
2024-05-23 04:00:00+00:00,13861.365758577538,14660.433380688017,14316.048834142102,16642.029062903992,14956.510921481058,16674.69460785892,16702.582628054744,15551.200187758111,17131.30403740281
2024-05-24 04:00:00+00:00,14050.873629033002,14861.734909753806,14509.8686109008,16739.127237828834,15045.806721121302,16771.03502699561,16810.775316157164,15643.994599133997,17231.466453808447
2024-05-28 04:00:00+00:00,13636.243134666269,14424.70265063801,14086.130057061564,16634.739380962536,14870.39215352132,16668.30395888698,16505.12260734396,15461.802747548516,17136.50047296125
2024-05-29 04:00:00+00:00,13478.243741057353,14260.284753844458,13923.814120660742,16552.265595002278,14801.937702026731,16611.193346939453,16367.895800755781,15390.620746072429,17079.174134452987
2024-05-30 04:00:00+00:00,13495.307159525273,14339.681581889003,14004.654747293964,16213.296946076945,14461.308609018444,16155.379761137789,16150.363345824131,15036.499728435956,16601.183747877312
2024-05-31 04:00:00+00:00,13346.151842470123,14073.506047244564,13746.402239627792,16226.133261414237,14469.875289336103,16174.070744704095,16086.653944369486,15045.487176403247,16616.15770037624
2024-06-03 04:00:00+00:00,13589.4910955736,14322.88891730423,13989.782851897036,16595.54387713376,14813.036084471563,16538.184840093687,16510.88413981864,15402.097619509816,16987.327926090893
2024-06-04 04:00:00+00:00,13534.17162646029,14260.97161506737,13929.625935412254,16698.068633275565,14907.23612448932,16642.508516428603,16593.50559780725,15500.077836021363,17091.4705696824
2024-06-05 04:00:00+00:00,13988.516276687962,14738.986682463878,14396.366841129375,16955.841766782505,15139.540709433693,16894.253210614002,16920.665499714563,15741.606976144001,17351.65807988187
2024-06-06 04:00:00+00:00,13848.522495290334,14591.353007722984,14252.743718246531,16914.164045469097,15105.63985316154,16854.639772796647,16868.708654508893,15706.411204887212,17311.394622125652
2024-06-07 04:00:00+00:00,13689.451223849348,14426.651806414442,14091.449870745559,16607.78488522366,14839.120696508206,16551.72822273078,16553.99489996878,15429.319359248559,16999.428442160046
2024-06-10 04:00:00+00:00,14004.263305707254,14760.592529816335,14418.3961438049,16649.557654311237,14865.862437973941,16594.41467438271,16562.61648827944,15457.17636945036,17043.543585976997
2024-06-11 04:00:00+00:00,14001.453727116977,14761.08340717489,14418.790595907592,16534.10320850571,14739.105951189717,16479.071214151325,16405.112528007256,15325.440550863139,16932.090975100793
2024-06-12 04:00:00+00:00,14459.729945828083,15245.290900107579,14891.562095248399,16762.590646678556,14935.232609387345,16706.65917708021,16615.326821436895,15529.383685357632,17164.577462854537
2024-06-13 04:00:00+00:00,14464.963383620203,15253.188008968831,14899.601036539238,16256.967556766618,14530.803800560221,16228.983945800517,16131.875533218825,15108.939742669787,16671.377335188943
2024-06-14 04:00:00+00:00,14421.624313533352,15207.177086732794,14853.911617014575,16311.387471658169,14543.828881206242,16273.846787368817,16105.49902539507,15122.542098922115,16720.296476072937
2024-06-17 04:00:00+00:00,14493.65484920506,15279.31174529485,14925.178246790521,16379.20906083681,14587.659974919072,16341.17171864986,16136.534332113579,15168.09723718556,16791.45704109008
2024-06-18 04:00:00+00:00,14829.097049474518,15633.484185019832,15271.849561830648,16599.606674136656,14789.679725639977,16591.659170257935,16324.936197952993,15377.945356124777,17048.44505122058
2024-06-20 04:00:00+00:00,14413.618360690243,15199.443205278432,14846.524216658292,15978.201631325779,14165.53208119004,15825.775249383667,15768.135721758395,14729.041282220463,16247.713128422145
2024-06-21 04:00:00+00:00,14282.350747874329,15060.145282304886,14710.721279085179,15503.966353165117,13825.233065406088,15444.4812991326,15272.352651083833,14375.130561985896,15855.683661211146
2024-06-24 04:00:00+00:00,13660.759740846916,14407.389911310802,14073.64880362925,14919.270370148542,13496.678396955269,14877.667932230397,14763.053548881186,13905.656426995607,15257.44783711812
2024-06-25 04:00:00+00:00,14178.27029830167,14945.72279377986,14600.255356404783,15520.165658362119,13769.072652978948,15295.157738243559,15382.666975432117,14466.891701064667,15859.033716964337
2024-06-26 04:00:00+00:00,14023.12220465679,14784.6793056082,14442.138017773292,15593.12063000669,13796.073788740241,15395.81049673938,15419.401086304406,14497.481966375633,15935.414076701114
2024-06-27 04:00:00+00:00,13950.205122667456,14706.115903993646,14364.501514455063,15713.553372182398,13970.755445651495,15676.207022685196,15600.104795924539,14672.093619817659,16056.829803890798
2024-06-28 04:00:00+00:00,13643.65067129447,14454.88054817843,14118.509501471835,15637.678680979549,13896.712495700685,15596.826588028429,15517.117711634006,14600.854037924333,15982.888901071203
2024-07-01 04:00:00+00:00,13787.554450955851,14665.715228093994,14323.949105507192,15641.128118177783,13888.736405629203,15482.400100695011,15524.841781051153,14619.26730887861,15990.219796526004
2024-07-02 04:00:00+00:00,13812.130311153322,14692.120640038287,14349.918451868503,15718.235811901446,13975.403606169984,15712.810706938524,15585.974597206594,14679.140606518822,16072.455756245057
2024-07-03 04:00:00+00:00,13940.812115516248,14829.53034551483,14483.435641141752,16126.436945361163,14106.985405600115,15956.412782020489,15934.78937103024,15007.375063107289,16493.636398523366
2024-07-05 04:00:00+00:00,14026.384401153724,14920.173760821948,14572.599325440724,16560.617454767173,14676.22554820963,16549.963119248256,16445.293075171154,15478.95693371905,16929.664378747162
2024-07-08 04:00:00+00:00,14047.235398805002,14942.878861216634,14593.815118721575,16849.472278826746,14880.168060142707,16733.991890641657,16718.363017943026,15737.09749272619,17226.708321480775
2024-07-09 04:00:00+00:00,13864.015966965148,14748.108594676965,14403.467799444943,16844.85276337543,14766.79881428161,16529.927084963107,16705.88878442639,15717.981857708424,17218.2419135548
2024-07-10 04:00:00+00:00,13783.150700853283,14662.600170218719,14319.267351299239,17242.230004355155,15082.338865175961,16770.43285841198,17144.31060575654,16127.903625402265,17618.764942269037
2024-07-11 04:00:00+00:00,13675.03528383788,14546.095139272598,14206.952184221655,16456.72080623091,14690.653254060493,16238.557711640138,16361.429114654957,15405.16233199158,16822.243876592704
2024-07-12 04:00:00+00:00,13819.894849823462,14699.488082342927,14357.703176517858,16799.886745026717,14977.978516081988,16487.482817055694,16724.781132429012,15738.402476072679,17167.579138020905
2024-07-15 04:00:00+00:00,13969.567023383757,14858.436262272477,14513.450922539516,16739.825680358666,14899.744857147447,16419.83590715954,16684.08155752619,15728.305269247614,17131.99168117312
2024-07-16 04:00:00+00:00,13918.188120700454,14803.455180954246,14460.64514587264,16818.14179593636,14944.034127634808,16499.72147585585,16784.06092574381,15752.52578506579,17143.61625666153
2024-07-17 04:00:00+00:00,13519.650829984888,14379.063828712455,14047.603651959816,16150.837033084692,14374.193070540983,15788.258572312834,16075.4049940017,15084.218840849688,16401.944940023986
2024-07-18 04:00:00+00:00,13315.347134115806,14162.147078149765,13834.522288983651,16067.223884108666,14248.150655606372,15727.006373523502,16054.122256953442,15070.404441918126,16326.662058731788
2024-07-19 04:00:00+00:00,13024.503682464461,13852.433159565277,13533.411502900046,15817.049606439392,14328.79687731439,15594.023666854897,15812.556009442424,14944.303130884102,16180.200766962509
2024-07-22 04:00:00+00:00,12914.092990381878,13734.654110427644,13419.966399814988,15977.065050783018,14264.739372813889,15734.5874964896,15993.069997218068,15091.19999168129,16331.1973296436
2024-07-23 04:00:00+00:00,12954.161806169423,13778.775852376559,13460.764469491998,15893.499260085322,14284.602009438686,15659.543667674796,15901.893779501223,15020.373607662703,16251.05696629552
2024-07-24 04:00:00+00:00,12474.86428049002,13268.245271369002,12963.071747218688,15143.273787604467,13914.890506125443,14944.840600686719,15074.571171154044,14265.501971940535,15510.065256633297
2024-07-25 04:00:00+00:00,12474.051203554993,13268.317560053503,12962.590319501465,15409.198949970974,13862.670440731752,15109.766186801633,15317.15473303202,14490.160972431047,15784.982623522974
2024-07-26 04:00:00+00:00,12559.664553916184,13357.751952644805,13051.85538951838,15762.491097557046,14128.344535900575,15787.946161259895,15486.352496646388,14705.810916546729,16176.44690894565
2024-07-29 04:00:00+00:00,12499.700218577105,13354.229591732652,13047.52331643405,16062.148298893702,14217.635530265521,15709.950835916352,15739.295829223958,14938.434522775082,16480.9478898497
2024-07-30 04:00:00+00:00,12511.247128653784,13219.713710381855,13037.501342526448,15845.217271133322,14263.37090063458,15474.53346784733,15471.56673514864,14702.333316634114,16270.77517050907
2024-07-31 04:00:00+00:00,12637.285903720676,13368.861696265258,13169.199409138391,15950.736348040726,14204.43214824082,15437.000324300574,15616.060059308513,14825.198980508576,16366.584720743987
2024-08-01 04:00:00+00:00,12391.035656187374,12972.215263374543,12913.042430258341,15554.170735027323,13943.050125196138,15099.287192660438,15189.88535605677,14456.372970468448,15993.616574403
2024-08-02 04:00:00+00:00,12152.491905635516,12703.932634682418,12664.812832673702,15183.941383101566,13665.29837462855,14759.189498651524,14763.530156645109,14091.135505214155,15652.638905405294
2024-08-05 04:00:00+00:00,11966.190088712097,12401.401107233462,12470.481491699762,14528.86925121753,12601.749806682685,13638.023461747107,14109.2790326108,12860.37926057078,14508.107110800303
2024-08-06 04:00:00+00:00,11960.371633028764,12442.648310741939,12464.204660522695,14619.144018317693,12451.954405685356,13593.675080535564,14225.751657531275,12953.128185636655,14590.309694840103
2024-08-07 04:00:00+00:00,11871.20428466378,12192.19425253464,12371.561562372906,14302.917635269685,12552.941584286802,13636.621333075558,13936.42642020087,12708.606444973097,14284.93525055727
2024-08-08 04:00:00+00:00,12103.927740964516,12563.239194756836,12614.44997741823,14567.686370566074,12297.993031779457,13711.56033614484,14139.52513558108,12997.79033415306,14684.578470908376
2024-08-09 04:00:00+00:00,12069.881347282571,12502.06538610961,12578.751292046862,14404.525211107877,12146.889499790286,13570.95891538895,13970.876081806167,12844.464834146496,14518.287824218765
2024-08-12 04:00:00+00:00,11897.99429547292,12306.889841858281,12399.95669584145,14314.951878107646,12125.510479003955,13460.648882887148,13936.2337379814,12796.615791352717,14419.798648437065
2024-08-13 04:00:00+00:00,12096.609625576526,12535.06049141604,12606.903936097697,14448.164012241139,12233.16408107564,13664.862784781188,14055.69840769809,12911.709380572636,14555.415810371194
2024-08-14 04:00:00+00:00,11987.072013103192,12357.040020235912,12492.641360857506,14414.77810017612,12220.034705084818,13584.74971672864,14036.581155361382,12889.03778735397,14522.701405498206
2024-08-15 04:00:00+00:00,12168.17402253446,12539.95921827529,12681.488013792608,14439.350199617726,12244.40588055567,13576.888126693066,14055.185145597236,12907.424197153297,14551.707358999214
2024-08-16 04:00:00+00:00,12240.381641356917,12618.535603668115,12756.376062816715,14424.284497918783,12225.25896401003,13617.054064313053,14038.604590562163,12891.969761314771,14534.684593898872
2024-08-19 04:00:00+00:00,12284.1773340569,12689.33339787637,12802.508195962659,14487.040721343585,12277.53891629311,13692.643816718348,14099.001904545761,12948.988745193872,14597.523391219855
2024-08-20 04:00:00+00:00,12185.817246883491,12578.206466073865,12699.934815440312,14469.680374774689,12289.508713374471,13670.549139555975,14111.862770933205,12952.24151078119,14575.191061235497
2024-08-21 04:00:00+00:00,12302.998304542736,12764.008910132607,12821.704377639566,14515.041420944357,12346.586442017993,13694.147310324168,14171.508035008725,13003.334080386758,14618.695179045691
2024-08-22 04:00:00+00:00,12160.30524207826,12530.913169025775,12672.852942158506,14501.32712761802,12372.591446528942,13724.684310422064,14177.873067701166,13025.15332982021,14623.792963041155
2024-08-23 04:00:00+00:00,12325.320801046622,12887.490885191433,12844.836236464536,14526.721755337716,12337.235557133596,13752.916408500043,14174.523964059179,13003.568825950893,14629.861825233642
2024-08-26 04:00:00+00:00,12236.128726121686,12810.203871639205,12809.098957388118,14452.81827884771,12292.881910794378,13831.542709033409,14126.075059925774,12954.208661190478,14536.64370657193
2024-08-27 04:00:00+00:00,12282.688905649393,12809.901010617858,12833.319944140665,14500.688658125797,12339.126284844418,13819.746623504077,14177.544238849066,12998.07998465944,14585.192700653894
2024-08-28 04:00:00+00:00,12060.594327193017,12578.579444679548,12601.143977404954,14421.707676465852,12303.43367986999,13735.650880172652,14136.402262161262,12949.153512578643,14495.077366766604
2024-08-29 04:00:00+00:00,12291.38549467322,12817.82801997069,12842.598111077717,14497.105202018722,12375.325130196212,13865.857009635383,14202.990371833637,13031.474435319964,14586.004877130745
2024-08-30 04:00:00+00:00,12393.61305482823,12923.678800648788,12949.350549456947,14561.290670985349,12405.581900882938,13880.501341160645,14251.482734160383,13063.012720576395,14643.50928000023
2024-09-03 04:00:00+00:00,12074.89961418506,12591.383938647421,12616.006849417769,14374.21287732415,12268.586885010236,13849.291375771638,14097.25416679993,12912.987958705755,14445.140184340085
2024-09-04 04:00:00+00:00,12053.356929293488,12568.599038033994,12593.404943981124,14306.376729420781,12224.185089668,13813.411346063005,14042.131813208145,12858.030923276214,14375.38390537735
2024-09-05 04:00:00+00:00,12040.237784454168,12556.088022859829,12579.754805597231,14210.23458570078,12140.907950298217,13742.537339418985,13942.59445330094,12768.295326568323,14281.706165270336
2024-09-06 04:00:00+00:00,11763.416436400363,12258.81895015453,12290.301802069951,14054.824100183429,12074.803631096542,13582.75909435703,13846.88738518161,12681.666243179076,14136.611493526401
2024-09-09 04:00:00+00:00,12113.688935453512,12617.14071824705,12654.418593795353,14078.293502221359,12205.863390356724,13711.544360732216,13873.931430258312,12824.953662761845,14303.400145706924
2024-09-10 04:00:00+00:00,12112.900284480198,12622.16542572289,12653.544393584722,14206.145309901747,12325.913853347873,13835.239208784411,14012.984464010991,12951.030616974844,14426.210737774305
2024-09-11 04:00:00+00:00,12473.985448567575,13006.346982942014,13032.489720977064,14430.952487669534,12539.594347112383,14023.918929410993,14264.035963534501,13174.861648462776,14640.255112395967
2024-09-12 04:00:00+00:00,12716.422321518123,13259.020370797914,13286.770065154165,14268.005606693623,12408.913480251305,13908.847563888934,14118.742807717561,13036.99329732928,14468.51194544644
2024-09-13 04:00:00+00:00,12893.149218597731,13444.234845455836,13472.21733548793,14244.150297014268,12389.923745317466,13903.128264686633,14098.23242765947,13017.198527828647,14441.730762875777
2024-09-16 04:00:00+00:00,13040.870159488877,13593.529744137242,13627.014806426883,14236.161261005913,12359.573881174827,13934.371426876833,14059.210795899293,12985.980845591686,14447.628883993297
2024-09-17 04:00:00+00:00,13196.809250446104,13761.441743243544,13791.016303093618,14126.022086016286,12305.864138705663,13887.01692659007,14005.918648284092,12929.133847740666,14313.769360012848
2024-09-18 04:00:00+00:00,13267.157424401288,13829.601350165478,13864.451373132033,14041.444271429342,12253.012438075057,13821.081475205685,13922.968664848067,12873.505952924443,14254.824777963666
2024-09-19 04:00:00+00:00,13508.54346220731,14085.918530369636,14117.01116246934,14109.204529755345,12300.97644228817,13797.005930497011,13970.40752783378,12923.885151953877,14308.662302097748
2024-09-20 04:00:00+00:00,13553.363129464993,14129.664380189428,14164.037689725474,14150.389517828491,12320.37770092595,13848.152592647566,14017.471452440455,12944.507993373816,14361.974226531187
2024-09-23 04:00:00+00:00,13629.06223322102,14202.658496980113,14242.956925782662,14143.307754402944,12326.19599368205,13797.09681609853,13922.14717169214,12950.729024194246,14376.13346789554
2024-09-24 04:00:00+00:00,13612.618924071736,14251.295392216101,14290.572281632329,13931.916552132563,12159.567823013918,13857.560791379652,13898.04663663451,12775.927398050457,14223.32060675848
2024-09-25 04:00:00+00:00,13808.247073061835,14426.461397214876,14467.25986491395,14147.99411749831,12351.3972779715,14013.074275495885,14141.379238999712,12977.125155077038,14447.126239868652
2024-09-26 04:00:00+00:00,14063.157359434117,14702.638085956953,14740.375164673922,13998.128936938036,12223.05761813268,13839.693293650336,13922.905540407886,12842.49484203282,14287.975056599134
2024-09-27 04:00:00+00:00,14155.876595724974,14802.863414609796,14840.899551003895,14051.398459250991,12286.933703124909,13934.231312915024,14018.160366758788,12909.258223019962,14329.83343238074
2024-09-30 04:00:00+00:00,14080.325833534214,14729.861912473678,14761.898572842578,14174.495690532745,12384.085411145177,14099.950538964607,14178.413304418344,13011.393786983008,14463.669316275562
2024-10-01 04:00:00+00:00,14107.844870278805,14765.542944313207,14796.357480852972,14130.132944787503,12339.01357790942,14102.047956221879,14211.884365258493,12964.304696815992,14429.38430083304
2024-10-02 04:00:00+00:00,14156.96898170631,14823.529579101642,14850.374848300482,14134.304169449195,12314.599508703883,14007.460007088332,14090.201841963873,12939.403427363923,14451.022971330403
2024-10-03 04:00:00+00:00,14176.034880176645,14840.795408455633,14869.04192438247,14440.06593031167,12544.84595212312,14084.158618319881,14270.472941642003,13181.943360800096,14793.822821353995
2024-10-04 04:00:00+00:00,14484.507103108708,15159.979681255456,15192.31596658898,14809.327036785366,12871.037168937135,14365.795807136841,14700.153137596646,13524.25824070571,15170.167564457792
2024-10-07 04:00:00+00:00,14330.975099631505,14998.570118503336,15030.472093857736,14452.14645386826,12533.223418017751,14175.593498689836,14450.157393894742,13169.936876845393,14823.78349054234
2024-10-08 04:00:00+00:00,14370.494253543431,15035.718668128613,15067.94461482362,14833.83693380051,12854.532557085742,14320.759118928734,14643.584042832159,13507.52369776503,15214.029797767409
2024-10-09 04:00:00+00:00,14268.771055985351,14923.41953732455,14960.01515726022,14716.309682671908,12733.755860533085,14074.818904701273,14323.894542610442,13380.98134105286,15089.943747128986
2024-10-10 04:00:00+00:00,14201.684307238014,14852.569856267366,14889.476865226718,14739.352381276327,12741.898328453066,14097.345349840289,14336.470855103822,13389.52445916551,15122.00396927521
2024-10-11 04:00:00+00:00,14208.72656641834,14859.205211487713,14897.059859754881,14526.819021603244,12506.920249567167,14017.091235680911,14109.686559011285,13144.178200343214,14968.437901956964
2024-10-14 04:00:00+00:00,14243.067588049096,14877.72462753612,14926.596798061448,14422.470901431312,12492.81726635745,13555.023217578735,13950.704282587772,13129.716686673506,14965.106003895824
2024-10-15 04:00:00+00:00,13814.632002328775,14437.203622324758,14477.566132945301,14064.872963729029,12149.087204612524,13204.177266665532,13687.699757651753,12769.467121922758,14612.484432036948
2024-10-16 04:00:00+00:00,13947.115564677226,14572.96450263978,14614.672276477626,14213.4533521843,12275.35823975631,13317.759793112333,13925.945308440412,12902.408918394376,14776.211823779919
2024-10-17 04:00:00+00:00,13860.389594424381,14477.712533926671,14522.388925931404,14003.72460400501,12079.301243449523,13102.09578183893,13719.509834279119,12696.839087893695,14560.618760061569
2024-10-18 04:00:00+00:00,13885.160183270065,14507.53013711178,14549.206822621296,14132.247384232856,12184.153392202254,13451.87305476939,14153.018672305157,12806.883150888532,14694.939134712105
2024-10-21 04:00:00+00:00,13913.272965429485,14544.855433364246,14578.480205712794,14251.34525934658,12223.947376282598,13965.172693747,14721.264645683721,12849.117541111236,14866.406908119932
2024-10-22 04:00:00+00:00,13786.691830464459,14479.008397420108,14512.584185002264,14231.802036748817,12218.451766106231,14000.802702893347,14620.012280605482,12843.229173731528,14835.064232112341
2024-10-23 04:00:00+00:00,13511.998028981172,14102.982963794262,14179.670578346391,14063.972784457432,12052.031119407546,13810.63722689713,14537.094794262144,12668.91753163085,14692.11621019011
2024-10-24 04:00:00+00:00,13611.233906660129,14229.916905151533,14283.379934086726,14394.929982973956,12106.829506472137,14049.709174535747,14864.751405285237,12726.808264209838,14761.131993659621
2024-10-25 04:00:00+00:00,13674.993928582202,14291.752511956174,14349.773176586445,14544.474338898963,12230.773752859475,14108.046407125657,14928.835844420508,12857.196806361573,14932.510687944143
2024-10-28 04:00:00+00:00,13702.205302484179,14315.008500147194,14377.501323610526,14860.120229795997,12517.044945742256,14520.286132677458,15470.616484886448,13156.91688204233,15222.796767263844
2024-10-29 04:00:00+00:00,13794.290797174117,14420.24590106541,14474.969101125564,14875.44457776125,12522.537870152988,14782.024253631484,15673.596045735943,13162.648435129364,15273.374945517142
2024-10-30 04:00:00+00:00,13592.26673803143,14204.569843753523,14262.050425712783,13272.873193418125,12095.988986722165,14524.966973811832,14176.510065136836,12715.019816863944,14815.607129750762
2024-10-31 04:00:00+00:00,13213.249904314385,13910.551252523304,13863.506428140114,12952.714686071717,11485.129883124166,14163.97281394443,14022.204791616772,12073.20300889106,14095.667176474
2024-11-01 04:00:00+00:00,13917.44258422768,14625.330999150921,14601.017460104467,13331.643082192428,11969.31012922955,14353.69821962186,14101.08524944785,12582.6229986463,14653.967961329163
2024-11-04 05:00:00+00:00,13902.783939346393,14591.580653849373,14586.246643217059,13088.140871496107,11746.399700127222,14059.85059977138,13760.742475661098,12348.686182676323,14382.555939626523
2024-11-05 05:00:00+00:00,14181.121609648964,14855.724226776574,14880.238814477654,14345.482585110858,12820.0976808005,14401.337962475933,14100.502694332732,13476.776504738207,15667.35787224721
2024-11-06 05:00:00+00:00,14558.085674446274,15268.93972552814,15278.701273501683,15271.663240724401,13667.711367891494,14989.848865015145,14777.857154165797,14365.967838956725,16563.3110573256
2024-11-07 05:00:00+00:00,14863.283205099297,15560.155470556398,15599.910001179818,16111.831872255425,14063.390187786303,17846.366616829964,17756.013077278454,14784.802457500347,17704.90396266491
2024-11-08 05:00:00+00:00,15425.107323248627,16192.713002905293,16192.272643555027,16742.81197721874,14412.244178738078,19301.677167257083,19281.69338631842,15152.78018341475,18516.162810762675
2024-11-11 05:00:00+00:00,15503.32053220992,16349.086861355925,16272.59705317225,17826.140792475424,15512.746838544834,20089.069875090616,20435.06641570272,16305.020573709344,19479.0352550039
2024-11-12 05:00:00+00:00,15386.940336261929,16182.04485835979,16149.280959982352,17969.375829370416,15650.787701457706,20395.60287844055,20789.120673720045,16448.813538106977,19594.00728479824
2024-11-13 05:00:00+00:00,15369.841098465078,16217.35248669432,16129.57647911257,17831.277608619668,15543.72299555211,19985.7871598148,20260.188480926183,16337.474732621067,19531.981215651995
2024-11-14 05:00:00+00:00,15376.185020452212,16172.453474121592,16135.905544475016,17608.389462596115,15336.197812356306,19959.399378736038,20223.17673701301,16119.421715814335,19298.843039859526
2024-11-15 05:00:00+00:00,14981.86333873457,15791.164145134599,15722.207830631614,18402.16139602491,15970.54688419167,20126.657378382028,20527.67339681251,16784.861066196027,20044.024819692553
2024-11-18 05:00:00+00:00,14916.81897954858,15750.884867106228,15655.553460573547,18395.96698291909,15998.206197563468,20825.661451974236,21466.725461204995,16811.693748760168,19963.149671146875
2024-11-19 05:00:00+00:00,15058.342862213489,15876.188411733008,15877.71593655069,19390.989641132106,16858.15002572244,22288.193694904712,23144.881125744178,17713.368940054264,20991.539603651367
2024-11-20 05:00:00+00:00,15349.589255450941,15956.649330660952,15873.259576726865,19764.000535977597,17221.70257749489,22880.564731552848,23964.724494516886,18093.058870649325,21277.82797053868
2024-11-21 05:00:00+00:00,14976.962915086542,15678.819612954994,15515.508598503682,18909.323482845608,16429.231899163155,21873.81846120425,22582.52032627389,17264.51762710934,20598.13144962774
2024-11-22 05:00:00+00:00,15385.56944827138,15956.733211101502,15927.831488334072,19727.523570447498,17130.180726152234,22790.03812731663,23601.72683755537,18000.142048198337,21452.59090712879
2024-11-25 05:00:00+00:00,15267.2924644174,15901.090553458509,15809.988658180537,19472.85429498703,16949.025613248305,22090.452871127163,22837.97369674674,17810.339009041763,21187.948933436168
2024-11-26 05:00:00+00:00,15069.92414243729,15640.313815784892,15621.738388553189,19133.510368609397,16530.019311683234,21857.28247873483,22377.50043124737,17373.306791280964,20996.739177756037
2024-11-27 05:00:00+00:00,15295.743465768608,15876.520743704015,15844.116254128687,19554.423514306654,16957.79631790506,22216.31540392574,22923.321574643644,17820.71665079239,21340.62302149531
2024-11-29 05:00:00+00:00,15553.265641747172,16105.93800068136,16112.01479634336,19729.690400635754,17071.516395257004,22521.540742085566,23195.80194785396,17940.581176712316,21554.625450091524
2024-12-02 05:00:00+00:00,15557.890475629127,16072.771998600034,16118.364716031476,19630.645420250847,16965.399257286426,22632.653824979316,23239.364660489122,17829.638917199856,21495.53271065466
2024-12-03 05:00:00+00:00,15805.169507527798,16139.79948790902,16376.000016936301,20292.927711502303,17409.177299862513,23419.14443411037,24047.87184573771,18297.255914274436,22281.17866068439
2024-12-04 05:00:00+00:00,16086.633881829093,16315.525676809815,16652.11012200172,20861.48869446765,18000.355831501558,24332.237233209384,25107.187429933474,18916.801901557348,22898.318010606326
2024-12-05 05:00:00+00:00,16190.716007004452,16389.497871546846,16766.51413545352,20751.139524846574,17800.45057035494,24156.703970875828,24810.35700846266,18708.082313060313,22798.35350009395
2024-12-06 05:00:00+00:00,16769.83607680504,16770.357976368265,17358.806497202648,21539.430255090705,18392.62218950787,25076.639563196706,25745.778699009697,19330.60087512089,23661.142618089332
2024-12-09 05:00:00+00:00,15973.840463362194,16385.747342459956,16547.906005517336,20288.72770739671,17530.04921584132,22728.985824653188,23172.70445976585,18423.805687575074,22228.292423459734
2024-12-10 05:00:00+00:00,15940.722947410002,16489.260685648227,16510.13355781569,19996.30722216141,17373.756123822117,22104.845954070843,22544.255814860207,18258.11344176554,21799.198122926133
2024-12-11 05:00:00+00:00,16521.11610381638,17023.548021779876,17103.031482673974,20799.03402293656,18073.61193833323,23255.791747433388,23812.507866310723,18992.13144499699,22633.152835347053
2024-12-12 05:00:00+00:00,16667.554548421394,17267.22194770651,17262.457617380256,20654.13369931124,17995.08687908402,22685.56570434835,23154.71616148717,18910.264869096227,22505.8721396827
2024-12-13 05:00:00+00:00,16848.918315707095,17454.618961099804,17444.68963482268,21149.00979469456,18455.280465715656,22870.29873975884,23365.914938144226,19392.768952136357,22958.017752672968
2024-12-16 05:00:00+00:00,17065.497757884106,17517.8279680178,17666.60801734433,21231.478777733257,18428.520106269683,23577.511458529523,24013.999007880117,19365.394435600538,23110.131314151266
2024-12-17 05:00:00+00:00,16985.415225808723,17466.10554605251,17589.836650950536,20664.10837228355,17896.854346503118,23051.11988812116,23319.211357937304,18807.822239129106,22526.907284206965
2024-12-18 05:00:00+00:00,15802.799945598916,16419.981711167795,16447.837832791985,19434.544138644793,16837.56498365082,21402.98633122218,21498.018567487037,17696.03164330599,21217.563923503396
2024-12-19 05:00:00+00:00,15734.457689613833,16556.540247681212,16451.19889744461,19632.965449956006,17122.220924207235,21301.780264426878,21317.546150092072,17994.123238835557,21433.852058662436
2024-12-20 05:00:00+00:00,15971.117882754617,16761.111562389193,16696.295080625856,20516.873619305225,17899.297511504486,21516.57264787545,21308.50682900631,18810.603653851933,22352.16372930771
2024-12-23 05:00:00+00:00,16197.126736275837,16986.07363815599,16932.1184988004,20708.350403976958,18005.839781126288,21858.362630453288,21707.45874275302,18922.76661956409,22555.77272090121
2024-12-24 05:00:00+00:00,16523.053314441095,17175.215437058043,17268.585563689212,21152.635558428225,18317.683686712007,22221.10838780355,22470.747157048587,19250.547831701366,22967.008671835603
2024-12-26 05:00:00+00:00,16529.756892124366,17212.71668521615,17275.415090779014,21255.819426731636,18379.72640143182,22348.935058770014,22508.10572552529,19315.842620785086,23077.8510756925
2024-12-27 05:00:00+00:00,16262.81589036206,17059.608389862617,16999.473185916606,20747.15117085103,17937.227687419683,22098.05921586617,22009.888145405806,18850.862517320405,22540.299802107435
2024-12-30 05:00:00+00:00,15979.75397521268,16802.847973438635,16703.96875909614,20314.15693227625,17571.990566424072,21746.280934015183,21539.009222074095,18467.007888772205,22075.63124965207
2024-12-31 05:00:00+00:00,15850.384073572823,16671.077490016116,16569.32672212707,20003.628611057768,17309.894228023448,21515.97461678412,21179.687090041483,18191.564594628435,21746.75983748507
2025-01-02 05:00:00+00:00,15774.642317817346,16647.12491377239,16490.472667393387,20052.50568757004,17380.052338318674,21410.3184431349,20849.36678775209,18265.543051140725,21829.087526225707
2025-01-03 05:00:00+00:00,16177.760718391353,16867.35612135554,16907.74083710868,20760.985188094506,18028.754792183125,21830.099179864574,21519.1569396703,18947.428597649137,22583.520611146283
2025-01-06 05:00:00+00:00,16610.902156029177,17265.30122147063,17363.830454784747,20424.286475761564,17731.450632825166,22271.09844308539,21783.643492550542,18633.20396184997,22259.989803152654
2025-01-07 05:00:00+00:00,16202.122234541359,16956.17694345557,16939.475255335154,19417.872657505493,16907.71623253839,21841.74162674873,21188.90693323304,17767.47415431858,21251.962512995422
2025-01-08 05:00:00+00:00,16132.85428883383,16971.25307080549,16866.58077374408,19436.86015549738,16637.701774401812,21906.28797289233,21256.71153138816,17676.4064539328,21154.781956592888
2025-01-10 05:00:00+00:00,15928.572229502599,16742.081349342756,16654.14698186905,19106.416190909604,16316.597135571456,21522.710013765132,20926.894903590524,17362.995714465458,20777.569286839927
2025-01-13 05:00:00+00:00,15806.081829139704,16689.50958954996,16526.022301454166,19070.262973960078,16352.032607127761,21437.071684386046,20460.11444045844,17371.637094961017,20793.643978074448
2025-01-14 05:00:00+00:00,15703.68660578769,16655.385513892987,16421.064157522695,19156.366786894378,16387.336090033754,21513.52936666773,20671.01028408681,17406.12861003572,20831.614720299138
2025-01-15 05:00:00+00:00,15786.358427795709,16675.608982617767,16504.407940236677,19402.66575863463,16670.332790711487,21832.553307361723,21062.862671320734,17637.67062780389,21112.389886868245
2025-01-16 05:00:00+00:00,15653.752836912401,16606.54494908439,16368.270948053549,19723.942225941657,17109.20327020846,22316.090134396287,21525.909930560207,18006.107339216695,21542.43049270973
2025-01-17 05:00:00+00:00,15937.651758541602,16946.270390885296,16662.859226900935,19842.907566882364,17165.384858328336,22527.632384910736,21575.248085373696,18179.292406888322,21746.53538617883
2025-01-21 05:00:00+00:00,15918.648962944355,16899.981005533402,16716.770843166578,20148.9709135604,17478.64426484526,22901.429658841513,21942.292191684926,18456.401601929963,22088.47544733069
2025-01-22 05:00:00+00:00,16329.023287272066,16947.183267034216,17118.865763772403,20219.293260556107,17551.777662327517,23090.74154955609,22091.8550151622,18524.024885842133,22193.387014953318
2025-01-23 05:00:00+00:00,16033.181381540404,16958.327163227546,16873.38002202545,20152.959821108274,17816.070135200778,23075.145563261198,22337.05397685321,18452.746061795482,22119.633984472115
2025-01-24 05:00:00+00:00,15814.042133579645,16801.689463444232,16695.09186472344,19969.10353622571,17882.30909976981,22837.489300395126,22381.516518807075,18225.95363293858,21883.35880849095
2025-01-27 05:00:00+00:00,15080.904970964646,15734.01583735688,16097.105068166857,19318.471773577563,16391.498446136953,21911.931132219222,20552.20914895088,17634.773809960723,21199.45092374897
2025-01-28 05:00:00+00:00,15124.324821340455,15753.08437559398,16106.252765094934,19365.481752533135,16445.20962431168,21997.023077125283,20665.140565634567,17669.29474726199,21255.549379858378
2025-01-29 05:00:00+00:00,15088.379989706893,15845.137514919854,16037.154794773562,19306.87994138587,16566.865090236606,21981.51117783092,20794.582948556945,17634.597350475466,21191.261443061165
2025-01-30 05:00:00+00:00,15488.630201002183,16308.29079003779,16406.439161685306,19754.26683798943,17089.54637965087,22486.36550344427,21450.800822682515,18039.323351389434,21662.934021504625
2025-01-31 05:00:00+00:00,15579.531007590958,16238.067407238801,16477.61309687231,19691.45124785096,17027.827107485755,22284.93066650544,21334.972556850356,17974.645180293395,21557.527006202923
2025-02-03 05:00:00+00:00,15600.374085561307,16370.923787871276,16473.459307369525,19825.609137924293,17245.09841773808,22410.56525409323,21575.651932306566,18105.693298511746,21693.705254225293
2025-02-04 05:00:00+00:00,15769.891380708716,16446.101189941535,16602.98291436137,19962.169366457685,17306.696675165527,22538.75193756843,21690.52984987356,18226.624619877843,21834.90098059635
2025-02-05 05:00:00+00:00,16123.138953432375,16701.146875304195,16944.82452811888,20246.038093761024,17585.344747783605,22865.944546689196,22046.327891903362,18489.96712834485,22146.07783117536
2025-02-06 05:00:00+00:00,15953.194435252411,16597.74128631475,16796.49931288158,20130.526091156935,17383.175190152782,22817.47315747548,21837.561593641156,18387.063943908168,22046.59591801466
2025-02-07 05:00:00+00:00,15729.39580883586,16424.62823494114,16583.885229020205,19924.488359972944,17244.20634192512,22607.5148502598,21657.60185861209,18192.815356509174,21826.7805028906
2025-02-10 05:00:00+00:00,15878.582070558045,16705.11662117349,16726.24768497547,20110.4591651347,17570.547433535357,22824.48327098844,22013.34228397876,18382.692442006457,22028.227202788235
2025-02-11 05:00:00+00:00,15763.215330687872,16568.503547281416,16572.62856557574,20004.11145637424,17307.003706897063,22674.530767746422,21720.52829713958,18300.532069360546,21911.666329740518
2025-02-12 05:00:00+00:00,15559.58359828634,16391.48675250329,16357.991191989842,19726.318723285498,17107.478065196174,22386.387278578757,21442.831515775986,18073.706461829945,21617.45011741777
2025-02-13 05:00:00+00:00,15795.340108257851,16467.21791923999,16770.99571316967,19852.10765071113,17205.794865286272,22535.799127156377,21455.904020453505,18189.007464355258,21761.17931677516
2025-02-14 05:00:00+00:00,15651.953900439017,16453.527271237366,16634.155558795832,20105.078748120668,17527.69067259045,22855.319490211758,21898.425428531027,18369.301595275425,22038.744825736285
2025-02-18 05:00:00+00:00,15814.335171289307,16682.846068631796,16803.615116332974,20326.56144106564,17801.45686439565,23120.88973490133,22246.414411046117,18563.0740922165,22277.793015960946
2025-02-19 05:00:00+00:00,15730.53891274498,16732.0879334324,16724.94700142224,20438.360941709765,17687.22654173246,23259.71215973871,22118.074936559635,18699.830271947627,22425.386352851572
2025-02-20 05:00:00+00:00,15226.140026824205,16528.96260200926,16391.56022792495,20371.47228329303,17866.060363732504,23269.136968761602,21718.264939045355,18747.69576669578,22458.82131776224
2025-02-21 05:00:00+00:00,14530.75730400169,15764.448751661059,15697.945900030223,19812.25320674879,17308.78446948508,22574.376375727086,20987.98566941494,18120.99928648328,21777.009874964333
2025-02-24 05:00:00+00:00,14047.16995085796,15213.504676260078,15377.273441353504,18859.904885113017,16504.34808045182,21828.39101867649,20318.827664767705,17397.259520134954,21035.232897526843
2025-02-25 05:00:00+00:00,13463.122773559466,14571.527056358522,14778.399232229585,18308.178805555708,16136.151563890144,21457.84666967819,19240.669910959296,16913.34056483949,20514.098151226506
2025-02-26 05:00:00+00:00,13550.516811200485,14677.75614113963,14877.123863113397,18314.32636099925,16152.22537572135,21719.05810253434,19685.33756488817,17268.60727153764,20894.667872174883
2025-02-27 05:00:00+00:00,12971.303531324898,14033.235144014085,14280.379812713567,18129.04591910807,15637.32766867992,21466.878654322503,18540.350170644706,16634.640531254026,20229.739065573223
2025-02-28 05:00:00+00:00,13060.38160007826,14126.45897244384,14410.08505228567,18014.985420545698,15532.96067988051,21335.778237606486,18600.42755587406,16392.20225926204,19980.09456039874
2025-03-03 05:00:00+00:00,12762.474421468041,13796.15727996817,14100.680325274923,17666.152598563804,15229.654405603513,20584.0648401667,18006.18297903776,15512.123753655203,19200.580893471317
2025-03-04 05:00:00+00:00,12729.153689108713,13770.190961349626,14047.385385040754,17149.203927770126,15103.678813056027,19903.82795432494,17997.696001024528,15616.401675679544,19514.59840439215
2025-03-05 05:00:00+00:00,12736.32428239313,13787.229956348823,13965.666458985408,17046.526585568085,15139.736147000338,19811.29579692723,18047.896970421287,15747.551349438936,19625.233117672407
2025-03-06 05:00:00+00:00,12014.486586527646,12999.558760593927,13219.669778069638,17057.453495639093,15102.260404695802,19699.419011551305,17978.299542673878,15443.051013045468,19215.94284544053
2025-03-07 05:00:00+00:00,12109.144039155639,13111.021121817816,13188.47597308343,17136.99007283491,15294.24401710795,19728.923770944537,18192.227160978066,15537.775469529834,19354.067190887527
2025-03-10 04:00:00+00:00,11459.458721845971,12401.118484873128,12628.986474955229,16985.443696251554,15274.395386354028,19787.394382511437,18064.592230202805,15304.853249225614,19020.949004549482
2025-03-11 04:00:00+00:00,11768.611452332529,12744.835161631458,12994.246205081894,16558.066116352333,15186.77812981867,19403.56153183414,18155.92467067145,15628.78110643067,19539.585757329893
2025-03-12 04:00:00+00:00,12166.057771038606,13186.658849382222,13356.304369258978,16390.520690615405,15128.605024595021,19228.219340388347,17908.65361932984,15930.192379228962,20002.492439981335
2025-03-13 04:00:00+00:00,11788.273935303352,12778.711434114297,12972.419983157492,16264.496271397316,14984.872265310718,19068.033869775365,17812.80905634929,16272.607007388531,20394.541028625557
2025-03-14 04:00:00+00:00,12314.63127748812,13357.879652177744,13458.19547397213,16237.694016179734,14953.663173715511,19078.69274661412,17771.601047948025,16314.954946592079,20476.495131441254
2025-03-17 04:00:00+00:00,12528.796007260633,13592.105358262153,13739.888069266248,16343.821248063547,15057.905599467951,19260.434228668717,17956.511798234467,16472.00632181432,20677.23592846028
2025-03-18 04:00:00+00:00,12106.502384112046,13125.72325590888,13318.18049045341,16126.282677186193,14870.07154425807,19086.339107392298,17814.989862488037,16330.529325865853,20501.11410477222
2025-03-19 04:00:00+00:00,12460.897485183381,13563.161111665862,13777.044311369675,15939.30138118062,14712.3665438034,18911.640721797165,17624.488049466312,16219.322314048168,20376.798634295064
2025-03-20 04:00:00+00:00,12466.862874206232,13417.214561488914,13625.648639697129,15952.009005921664,14690.42125925814,18904.11468468236,17630.745075949344,16247.94578735904,20415.03863315101
2025-03-21 04:00:00+00:00,12450.477308107347,13401.531116584414,13592.796605104475,15941.268289483187,14695.606215546617,18939.130137842574,17710.484300679585,16357.110972790517,20536.48071495828
2025-03-24 04:00:00+00:00,12506.417517895869,13461.44412745884,13652.692134656096,16018.380449732947,14748.118869250775,19071.298302946314,17844.53973083471,16377.556766986838,20576.843703272563
2025-03-25 04:00:00+00:00,12432.444395351871,13383.363560802418,13549.279591026692,15877.596716564334,14706.246915110303,19054.818338022968,17755.940887409946,16379.58642388141,20588.557092739597
2025-03-26 04:00:00+00:00,12437.66542527863,13386.688701915295,13594.037997089034,15657.44430984605,14474.348879329313,18960.217094767388,17400.085086583025,16210.781491220983,20380.768188017177
2025-03-27 04:00:00+00:00,12481.811894740913,13432.744928024029,13595.584304788263,15627.865024880322,14385.265010440156,19040.65925379456,17361.681183107077,16149.834136426769,20312.150166557978
2025-03-28 04:00:00+00:00,12381.893767376712,13314.775458791202,13482.821010195064,15053.203793407645,13947.311219281115,18799.06087172843,16660.62198934296,15767.736675430755,19882.130888345004
2025-03-31 04:00:00+00:00,12496.262661423756,13441.328710008926,13581.505541181901,14932.652202315625,13877.175033858719,18805.695706724437,16665.03240210181,15811.409839352369,19922.027503895704
2025-04-01 04:00:00+00:00,12497.9485398782,13446.534162411008,13511.636857544743,15090.832480914054,13971.920400574198,18893.552865508536,16967.152560478346,15914.480796200885,20017.95467712441
2025-04-02 04:00:00+00:00,12513.132805521396,13461.229142260272,13511.293545379101,15098.660346603774,13961.395753639605,18783.987480577605,17210.58286908774,16063.59340906779,20163.29185271042
2025-04-03 04:00:00+00:00,12527.296582779056,13476.21078108434,13506.908855589643,14229.587314486751,12967.319010075411,18347.41289514942,16104.574250931426,15371.887190506855,19288.84441876803
2025-04-04 04:00:00+00:00,12000.223670008625,12922.341807425924,12911.79580731603,13477.354469530379,11956.610015049524,17337.749733276436,15465.504856809679,14316.047538277084,17945.567110341224
2025-04-07 04:00:00+00:00,11920.01428799819,12823.312071714823,12779.297932365282,13022.579438263585,11874.307297078505,17122.042248781512,15086.623784353642,14273.931148811407,17903.59584770091
2025-04-08 04:00:00+00:00,11710.889464017242,12588.767723175446,12556.192485018704,12485.624651331276,11363.686159996683,16158.383522017699,14554.790684943813,13589.15200496597,17075.916329152402
2025-04-09 04:00:00+00:00,12133.281292110094,13046.261203213362,13001.510396298469,12855.178370563171,11796.818531409852,16856.06428192263,15012.80042532743,14039.511811222821,17649.81470376824
2025-04-10 04:00:00+00:00,12045.401285986736,12946.711334023857,12836.715685743935,12942.846397059955,11865.278015034457,16836.038351551415,15073.810899700364,14126.184595155522,17764.73268541256
2025-04-11 04:00:00+00:00,12234.136896326272,13156.525662041939,13056.362154727358,13144.55506072773,12044.188908897217,17033.68406218352,15288.28267334159,14341.737767546558,18038.944626398817
2025-04-14 04:00:00+00:00,12429.546120473035,13370.771744891408,13306.98104979686,13279.511737239834,12169.685809655917,17225.132149457528,15463.947551309366,14488.93556659793,18221.231721911074
2025-04-15 04:00:00+00:00,12456.736708329001,13396.725697827445,13301.488346408683,13275.217055140678,12155.211433264869,17109.895197712016,15407.144729653875,14478.091308924697,18215.440963644163
2025-04-16 04:00:00+00:00,12190.068789386569,13167.37493429986,13065.749475669994,13160.665371737286,12063.702600467726,17075.941146242574,15354.464143599609,14359.091017052486,18052.69706751972
2025-04-17 04:00:00+00:00,12443.902415233493,13340.894438118836,13221.1570675751,13286.77290420446,12214.831417884337,17546.9666987241,15717.809244987204,14512.010066912251,18210.358338825874
2025-04-21 04:00:00+00:00,12222.633958058848,13105.409458100106,13011.321885843428,13120.95207536524,12073.923842585393,17465.57346258143,15555.717699179544,14340.389254337795,17990.345579464305
2025-04-22 04:00:00+00:00,12498.088618189537,13408.609813373108,13295.010216620023,13361.41203232489,12303.766587288394,17827.274743876693,15921.249966764954,14603.289640460867,18306.639972770317
2025-04-23 04:00:00+00:00,12679.382637004423,13604.653603983134,13458.795506521372,13327.628314900438,12287.9393609893,17922.402288607547,15958.778958334073,14574.735143277994,18258.53849833111
2025-04-24 04:00:00+00:00,12812.243389015213,13747.259623709566,13610.837358062956,13271.40814261889,12229.106951323522,17757.38748106467,15863.723201722018,14508.221076194555,18178.862694870077
2025-04-25 04:00:00+00:00,12857.197974595178,13797.009550891134,13634.850920016637,13180.726110875694,12142.223342815307,17608.192275800964,15736.289585664099,14407.577288284436,18055.76565591686
2025-04-28 04:00:00+00:00,12855.49276725643,13793.532056015834,13624.925029004802,13092.931381680894,12059.480538238935,17444.94744745963,15645.915431436133,14307.638223577085,17927.39771943555
2025-04-29 04:00:00+00:00,12984.398892809057,13931.989536619521,13750.47111647501,13194.720768085652,12154.235452819596,17586.364463300397,15777.490783091807,14418.805397601891,18065.105203838295
2025-04-30 04:00:00+00:00,13067.1584019604,14021.491057198218,13871.933229487795,13255.600161861736,12229.047807730936,17737.25752393774,15869.18348761877,14507.02661984986,18175.49469828793
2025-05-01 04:00:00+00:00,12997.8871290768,13946.928671831021,13795.24432560403,13128.04564338246,12038.648948878292,17462.822026354122,15754.306558445196,14266.750861686762,17855.03754238861
2025-05-02 04:00:00+00:00,13282.935416858001,14254.889649749339,14101.336517231972,13380.549649991848,12292.485053937718,18001.31836820495,15980.157481203145,14577.111298480733,18257.416889358326
2025-05-05 04:00:00+00:00,13294.54394510694,14267.299604664584,14110.593880931578,13296.054654307827,12251.06686321007,17941.968385589502,15879.57353247219,14527.950102648989,18196.026756224062
2025-05-06 04:00:00+00:00,12985.589807005425,13933.475011128718,13713.608028514693,12846.743214316473,11873.386405175946,17402.038573802623,15703.890531145058,14035.481823359994,17518.918176058178
2025-05-07 04:00:00+00:00,13082.828499364696,14036.514514599581,13802.958440031241,13017.045497760904,12027.408070990563,17560.209203322665,15891.01452771063,14220.686273730593,17753.72270786856
2025-05-08 04:00:00+00:00,13283.32790577754,14252.802463742159,14023.739921955685,13359.053795329062,12325.38320209853,17977.85131678041,16121.99719049814,14596.289122646995,18253.668366287093
2025-05-09 04:00:00+00:00,13230.484712528363,14194.612583410231,13967.287631031073,13297.91779041116,12273.998963241485,17900.10020264867,16098.467797269099,14529.309614753867,18161.502270494253
2025-05-12 04:00:00+00:00,13443.168407318903,14425.551882405805,14120.248239185088,13645.201856170886,12606.73483201098,18291.488068699226,16621.846974339474,14911.95823097858,18624.194403582354
2025-05-13 04:00:00+00:00,13520.289647945128,14509.350923338321,14207.610978747822,14138.657762624534,13005.877565388311,18463.44505887217,16834.915093090192,15433.137062943319,19338.38937873843
2025-05-14 04:00:00+00:00,13579.65266272911,14573.604558286948,14259.721079888397,14193.927435312267,13054.410025246714,18558.641482736773,16864.15256842394,15495.169751416055,19422.446307063932
2025-05-15 04:00:00+00:00,13604.659014982528,14662.778310860383,14348.191726239189,14184.376671299618,13054.145719235434,18574.856272801302,16923.51235144066,15486.122123989626,19399.938673604607
2025-05-16 04:00:00+00:00,13838.323675877882,14772.14777358549,14454.8977381134,14204.027105566634,13071.044583204133,18677.55915199683,16909.597980253435,15510.26771883187,19436.346669881015
2025-05-19 04:00:00+00:00,13787.468144321792,14718.798855085704,14411.646761813503,14126.653370363234,13006.866735411988,18548.876670171183,16899.538997869975,15424.279813568312,19314.632420966256
2025-05-20 04:00:00+00:00,13646.57256021219,14570.992291016551,14271.294086491613,14011.53804823801,12930.891987626224,18637.378385582902,16946.77993826749,15311.46020181579,19143.689683102763
2025-05-21 04:00:00+00:00,13377.324309011268,14284.791921681603,13985.260978941458,13791.609930798779,12730.080463715507,18297.699121268273,16740.09418510114,15066.227660749308,18826.897002747348
2025-05-22 04:00:00+00:00,13332.411953650048,14240.33342994363,13938.522916794253,13807.481333573856,12766.613008901279,18391.355472734274,16761.135741785678,15109.462327826535,18881.242495041748
2025-05-23 04:00:00+00:00,13233.725036227388,14135.950754651487,13814.86933677018,13880.868584013477,12506.988072089784,17964.730301459316,16747.406133096887,14812.555650479937,18524.20437261572
2025-05-27 04:00:00+00:00,13820.964131360532,14761.774809220387,14422.180272840955,14188.620850281017,12788.20695460656,18341.48942566242,17191.536430477117,15136.960995778463,18918.237009754863
2025-05-28 04:00:00+00:00,13804.800654725452,14745.921452513205,14397.369926456191,14256.314168772666,12840.973794527168,18284.332350140226,17221.144976095235,15206.392075842316,19013.66612115194
2025-05-29 04:00:00+00:00,13742.301637877114,14681.491795654256,14340.037435266,14201.120636520542,12807.034938002847,18250.629407390337,17244.516854842932,15155.736957597477,18935.941551447308
2025-05-30 04:00:00+00:00,13641.35682149509,14582.406384745205,14235.746324706122,14509.4307711789,13060.805099097857,18596.65590769568,17363.30871333091,15487.141877513419,19392.191188895198
2025-06-02 04:00:00+00:00,13916.25815398334,14876.103772350043,14517.556995030578,14754.42845630697,13278.62677027598,18823.817284985882,17679.945762910313,15742.76921518644,19708.27560519508
2025-06-03 04:00:00+00:00,14207.013902927643,15187.541195996786,14824.54996070991,14952.382908172276,13492.63004197218,19259.315412070002,18109.463746359343,15973.642480646871,19967.238382235344
2025-06-04 04:00:00+00:00,14232.932663532603,15212.071719605327,14839.463332645408,14740.371247035913,13255.983217963198,18396.033014586137,17607.511746093565,15724.471750308767,19693.620972965557
2025-06-05 04:00:00+00:00,13761.368428202659,14702.757058125393,14339.326570496276,14314.20197235232,12958.022254815778,18427.35890633373,17682.39197453129,15299.120820859094,19066.38656648301
2025-06-06 04:00:00+00:00,14016.766556548893,14969.983105779891,14607.0648391656,14400.416406125365,13001.468227581276,18640.8833086581,17503.470823510343,15383.50151389507,19217.995282610238
2025-06-09 04:00:00+00:00,14123.12201625996,15082.977808735977,14728.129883563191,14475.116436539898,13061.348544560848,18747.060839734673,17467.123485099633,15470.551099344098,19348.919519493666
2025-06-10 04:00:00+00:00,14265.607727318587,15236.763567207296,14874.196795711407,14378.894608935903,12974.907589722672,18577.921845951976,17309.68235323366,15373.659507769265,19234.5881044508
2025-06-11 04:00:00+00:00,14328.577234201282,15309.129091142384,14935.710932922999,14661.52950832634,13227.006266169556,18827.974498455034,17599.426834463553,15679.441454718482,19625.967651036775
2025-06-12 04:00:00+00:00,14283.027633585356,15260.347565767059,14888.205092380445,14809.856289872121,13369.234412636048,19066.819655148534,17876.461650371824,15835.8897351347,19805.83786283155
2025-06-13 04:00:00+00:00,13972.767798689123,14993.768748357492,14631.507808390228,14672.452411126302,13242.681015628124,18989.838754009346,17630.34089132933,15695.638298621558,19644.17843048678
2025-06-16 04:00:00+00:00,14118.305707438905,15171.445210509484,14851.669765812867,15018.651452433482,13564.08079064646,19585.645184379937,18091.277049129512,16070.786551316058,20107.168435288986
2025-06-17 04:00:00+00:00,14084.959267182425,15137.19386284703,14787.975574813841,14840.579603246078,13407.684343965086,19382.29387855009,17933.55149736671,15878.291066435559,19856.67187375504
2025-06-18 04:00:00+00:00,13983.934215201065,15030.40951256087,14680.789526170673,14935.660614897446,13482.993215176257,19407.157982520188,17969.30239106312,15977.44308597414,19993.59701979385
2025-06-20 04:00:00+00:00,14007.316759837808,15048.0878351559,14743.826959668875,14816.890202392078,13391.375114968885,19365.516111172023,17942.704268697897,15854.468870796813,19820.78797165278
2025-06-23 04:00:00+00:00,14208.497748825985,15252.956974351602,14952.542280727517,15115.516504144049,13658.31456117373,19766.516613942047,18299.129696312426,16171.00819742482,20217.611273415714
2025-06-24 04:00:00+00:00,14348.084307431593,15406.145116412978,15076.750483137841,15478.475870571605,13958.258974522372,19891.00273812955,18569.013498640248,16547.975897644887,20716.44728054438
2025-06-25 04:00:00+00:00,14363.189838153477,15426.600842742719,15081.169375325075,15410.17504195471,13906.91270626707,19841.658357024542,18529.977930526755,16482.07924055828,20627.135514747
2025-06-26 04:00:00+00:00,14579.676983543037,15661.728624225041,15300.093751663047,15661.43665347102,14122.719498819526,20035.718798406415,18789.049213692357,16743.44253782054,20961.201688771544
2025-06-27 04:00:00+00:00,14536.417883756132,15607.119877028681,15233.599098680224,15230.544835905821,13756.965536042893,19485.74486949618,18578.319437948936,16272.210867277747,20320.03326422385
2025-06-30 04:00:00+00:00,14649.577734019955,15726.756854557989,15371.89909023879,15548.873262689085,14031.537583700278,19768.524236157726,18830.893604287347,16614.231181429997,20769.840131094315
2025-07-01 04:00:00+00:00,14561.8356477403,15638.8075934866,15367.188022349692,14929.991431941458,13554.619374672537,19444.13580863528,18363.117050956826,16016.53806823444,19979.97038027722
2025-07-02 04:00:00+00:00,14805.992182387814,15896.33249053659,15638.631352567932,15139.744861679008,13659.337246858006,19567.13635173354,18775.67016738105,16122.717590657767,20085.196224100215
2025-07-03 04:00:00+00:00,14986.704353846086,16091.919375226324,15768.70074312863,15338.56467844004,13820.441153806958,19629.911124738795,18922.702664126267,16325.334902772387,20353.84398382684
2025-07-07 04:00:00+00:00,14895.074081411387,15984.233576939543,15729.184664962306,14991.209150870493,13555.255647154741,19394.737254524025,18771.967452997247,15978.811785822054,19875.86367262269
2025-07-08 04:00:00+00:00,15171.226046455475,16283.583492887623,16028.919635027052,15213.716684307892,13752.92325121851,19733.94048384683,19034.963967000618,16213.263051987271,20168.0571136559
2025-07-09 04:00:00+00:00,15255.750827711256,16371.930444848815,16103.260961753851,15362.03116087452,13884.279950416001,19815.96075369101,19209.39541960191,16369.98350001576,20365.0087304971
2025-07-10 04:00:00+00:00,15066.356013606763,16172.730436620905,16107.374981051436,15516.040070379464,14041.309829980344,20288.097847309495,19495.739000794296,16543.157933973067,20565.811865467258
2025-07-11 04:00:00+00:00,14962.135474186945,16056.525383273396,16066.18082577449,15485.84060365235,14026.718835953874,20341.231560691573,19532.388985894988,16516.862342884808,20520.6189041983
2025-07-14 04:00:00+00:00,14907.475327840186,15992.210681381432,15985.883032332991,15443.935030817003,13985.252317497352,20217.52901460794,19459.80785937465,16470.661814636296,20466.72362965159
2025-07-15 04:00:00+00:00,14639.011459714493,15774.49244321299,15740.478077917676,15528.078828818,14045.342845573667,20080.801620820414,19477.75406088143,16552.853776043776,20582.6147089723
2025-07-16 04:00:00+00:00,14658.18814549979,15855.896855420566,15860.008830825765,15503.231426150165,14036.388690125774,20072.19677004698,19527.934004301107,16532.786432657376,20542.026556816036
2025-07-17 04:00:00+00:00,14761.51205229651,15963.672018552434,15892.665079337494,15661.763984117597,14179.067485051784,20243.962315756915,19721.017153129556,16701.91462700884,20754.494384618276
2025-07-18 04:00:00+00:00,14650.480575100499,15843.105555154561,15612.903053833406,15818.696903591408,14328.377530023357,20630.103036495802,19884.6530054859,16883.126423667163,20990.163597192943
2025-07-21 04:00:00+00:00,14679.365709503409,15869.981513360859,15655.256772004477,15905.450806897203,14361.103465825377,20693.321214642532,20074.749873566823,16901.357574264082,20983.041717810476
2025-07-22 04:00:00+00:00,14550.284554741616,15733.718210502277,15519.71423815443,15831.646488945538,14323.951091557876,20970.04384336988,20149.424834100933,16836.387356534386,20873.902067083996
2025-07-23 04:00:00+00:00,14711.93516336926,15919.860544756499,15645.682390985441,15779.057198449547,14260.857360666309,20785.359142340476,19990.872725880192,16773.237126908345,20813.381179306154
2025-07-24 04:00:00+00:00,14861.54384375361,16081.215220976097,15781.11906354154,15602.098785568953,14082.187569662623,20391.1299455392,19655.605543995385,16576.570199798163,20590.860236465393
2025-07-25 04:00:00+00:00,14985.588417054845,16212.783877305632,15828.225253382,15847.81036591687,14285.13927856299,20662.38563389431,19859.6894064328,16827.683547144952,20919.74716548552
2025-07-28 04:00:00+00:00,15388.135044991908,16651.024753408507,16240.642896356887,16229.484404068447,14603.475681171556,21089.19008000015,20193.187075675545,17219.458225080904,21430.927844252186
2025-07-29 04:00:00+00:00,15498.754958723965,16764.630510004376,16327.233755893978,16346.265516055819,14689.16986268212,21124.413534420826,20224.807491923115,17334.083009615995,21592.940827491384
2025-07-30 04:00:00+00:00,15688.914582923011,16974.21694182946,16553.808927822993,16462.94918521094,14778.168816266965,21099.74379504328,20278.71207898983,17450.437882145634,21753.14343450521
2025-07-31 04:00:00+00:00,15280.382153321629,16532.0322768511,16266.551250829947,16075.062452938124,14443.469465045202,20770.7094033925,19864.527782551577,17047.01835244813,21239.548135947898
2025-08-01 04:00:00+00:00,14929.496447059764,16160.78024685847,15797.421884673857,15918.248920276183,14331.760961666017,20775.75171602085,19835.624641571834,16895.22288189593,21021.769191694897
2025-08-04 04:00:00+00:00,15305.47431377264,16554.71545598423,16251.912612938479,15448.7029196533,13914.515706853601,20051.650470027264,19166.998056527067,16413.577907958388,20443.69037610037
2025-08-05 04:00:00+00:00,15049.554326046982,16282.466594453868,16001.946315437252,15061.257448810451,13622.075125415264,19730.85768793955,18751.33228468783,16060.45438519811,19996.298591227063
2025-08-06 04:00:00+00:00,14524.588792741804,15693.524253649473,15412.67854352185,14893.315806089879,13518.093067770296,19440.416019619523,18831.950803385556,15905.459574912831,19757.79637694828
2025-08-07 04:00:00+00:00,14697.080781447537,15866.949773279,15699.058545708556,15286.835507945148,13839.567289898956,19901.416466966555,19123.56015762083,16307.32733341906,20290.974441609073
2025-08-08 04:00:00+00:00,14576.763861138115,15730.522798657224,15625.389826313458,15364.154123128963,13899.505553419513,19906.447847031406,19166.47319300884,16384.639318556132,20396.32406218545
2025-08-11 04:00:00+00:00,14539.212014931778,15689.236773743818,15635.442827161127,15292.783695547849,13824.676190417378,19721.931563589984,19016.947297566254,16303.841260259822,20304.646391843035
2025-08-12 04:00:00+00:00,14660.520929389193,15898.442027357662,15812.365992490868,15526.821328736545,14018.868627772023,19804.84364475365,19221.187486853643,16543.970840694372,20619.297979350595
2025-08-13 04:00:00+00:00,14628.288216342067,15857.277988580057,15819.33450905015,15726.023918467143,14170.08306684001,20172.21106511142,19297.797683864672,16741.02470425871,20893.262203672402
2025-08-14 04:00:00+00:00,14426.735932012249,15578.237984144622,15657.026494727179,15633.020076016846,14094.663737575227,19977.72921520957,19232.864315377577,16646.787382138173,20766.85421043195
2025-08-15 04:00:00+00:00,14333.335520665729,15436.589330499199,15614.973855840915,15441.745329949796,13930.964260940233,19780.916149878023,19039.388629107663,16448.42389699527,20510.81128051509
2025-08-18 04:00:00+00:00,14165.7817873694,15286.283987921508,15468.699820904665,15319.651429717074,13817.388098633575,19552.766582777942,18841.51843749196,16317.50405740643,20351.233073714873
2025-08-19 04:00:00+00:00,13917.59030224834,14929.548277292957,15385.596847962332,14878.02817739339,13430.718470937725,19019.24262500395,18271.93193095975,15857.027774423468,19767.385740052658
2025-08-20 04:00:00+00:00,13909.034687516767,14873.119567184725,15377.446180489691,14793.626224488848,13361.8371143324,18994.51995237239,18202.614622164307,15771.286268800512,19653.778403943103
2025-08-21 04:00:00+00:00,13888.567052798655,14863.51442781699,15354.02442958524,14694.25474570161,13291.387100227292,18990.294949683983,18183.987026392337,15675.279913304259,19516.44181616215
2025-08-22 04:00:00+00:00,14084.986137851196,15164.157580375837,15596.638506798157,14952.712323518686,13552.627886936947,19504.14162927789,18638.183094122276,15966.317165574364,19853.463181069157
2025-08-25 04:00:00+00:00,14112.034371796264,15166.924926658266,15672.413051789092,14797.255407355453,13490.234780562549,19430.9267339019,18666.21312131145,15868.910479400904,19693.335632497805
2025-08-26 04:00:00+00:00,14266.049256044218,15322.250237953394,15781.60907611486,14816.447509859721,13547.426823931748,19769.663276569423,18864.150554096028,15924.98369015277,19765.163479500017
2025-08-27 04:00:00+00:00,14235.466282534228,15254.055986699985,15803.877860414055,14812.417793117507,13617.292092628444,19720.6460326587,18798.408400298344,16016.568546373373,19763.17428064745
2025-08-28 04:00:00+00:00,14335.439499961874,15387.987045023856,15934.532783954344,14821.580369206062,13682.427429293737,20010.018496974255,19021.74605146178,16061.085294974298,19763.979519818506
2025-08-29 04:00:00+00:00,14268.206607777905,15321.675066381538,15893.309575051231,14837.236343240937,13593.524481908154,19928.460540701104,18993.280566170473,15966.48305778622,19787.990114702698
2025-09-02 04:00:00+00:00,14303.369077978867,15335.863947966558,15912.135276931,14777.063486131377,13526.797756376907,19889.108636665253,18938.20615545715,15882.060196301518,19732.21935222502
2025-09-03 04:00:00+00:00,14249.72199987918,15279.507294301475,16080.961945418567,14950.88074534843,13442.553875252202,19861.98757599805,19095.21528043706,15763.566321637176,19765.682486681282
2025-09-04 04:00:00+00:00,14402.907341250455,15494.887469105312,16249.715815688012,14968.605558403553,13597.206175068335,20106.274907730527,19261.14939134797,15929.862501946434,19783.265111864905
2025-09-05 04:00:00+00:00,14302.031454066273,15420.872419440848,16207.88504125411,14972.372065291975,13563.98057905407,19981.01031050654,19169.439858084064,15905.317237442636,19793.56825180842
2025-09-08 04:00:00+00:00,14673.327321315126,15767.917074912291,16560.69149349933,14946.688686157002,13665.033117755349,20699.123137454688,19738.08538070695,15949.002489964856,19728.82698874448
2025-09-09 04:00:00+00:00,14757.515299571885,15808.265287364236,16631.339852554414,14796.923670345126,13593.255483005258,20718.18275761619,19691.45221820686,15843.104698074068,19549.982057497313
2025-09-10 04:00:00+00:00,14739.060729009507,15886.136347908572,16623.90812286808,14615.607553320147,13542.19445943692,20683.357011123244,19598.897776200523,15767.870796268759,19308.708597556222
2025-09-11 04:00:00+00:00,14707.978858416154,15761.42085636735,17308.452370040883,14545.30532073009,13425.579455333038,20588.063893300972,19554.844630757045,15627.46278774094,19161.98947476763
2025-09-12 04:00:00+00:00,14609.276929281494,15670.488559090541,17714.264457386045,14473.779303692158,13371.986052575832,20708.453303873695,19654.32654482606,15551.82203339957,19062.123337959034
2025-09-15 04:00:00+00:00,14961.425265236354,16039.453942446542,18020.764544255835,14613.470506739417,13702.604781651302,21166.570966290747,20032.086564881283,15952.395829966808,19276.094803128828
2025-09-16 04:00:00+00:00,14950.524332460205,16032.054918752465,17738.84593357939,14298.793786050603,13769.15055625801,21285.759616430823,20001.231663859176,16015.605581957316,19009.422288912792
2025-09-17 04:00:00+00:00,14827.656120396665,15901.771563097533,17625.766299547955,14059.9887324322,13569.527232629947,21096.92603289843,19806.985921901036,15772.521289273149,18685.25605971554
2025-09-18 04:00:00+00:00,15435.31833758902,16541.857370496644,17838.28090316176,14267.574604390808,14909.799358134605,21888.095886877185,20072.77751305897,17332.964764478314,18981.884825421912
2025-09-19 04:00:00+00:00,15418.353419583591,16532.13070121427,17997.915466305607,14459.868202558722,14847.134356427163,22388.068271238117,20479.547996557434,17231.790838504407,19229.81199892482
2025-09-22 04:00:00+00:00,15281.711691271748,16387.235909128784,17969.297467641078,14414.065158068854,14798.389605646804,22219.124978652526,20310.64772786963,17176.020177110116,19172.48320378406
2025-09-23 04:00:00+00:00,15277.979816605348,16378.7171018179,17876.42856073662,14394.584046700595,14854.94836287481,22302.82631856866,20375.17884760378,17229.925699966607,19141.765434170535
2025-09-24 04:00:00+00:00,15329.108492736746,16443.160550965895,17816.064477685606,14367.908576787922,14644.698273023125,22124.58690225589,20195.05924713143,16985.506577798733,19112.035046704408
2025-09-25 04:00:00+00:00,15517.293475446013,16643.755274547133,17737.709909327856,14294.881821207244,14460.052460183626,22026.94086554821,20098.406167462043,16769.3235863468,19014.58119338966
2025-09-26 04:00:00+00:00,15678.186132375491,16820.028102686378,17734.982548054308,14246.566650420958,14542.426309612008,22397.680168732022,20405.85536136074,16829.207465238676,18932.173608297744
2025-09-29 04:00:00+00:00,15514.27863209475,16638.738458448694,17569.158315877845,14013.41775532988,14732.898757018322,22770.790461996625,20693.774741726622,16989.78139059706,18591.545973396027
2025-09-30 04:00:00+00:00,15400.954843345431,16515.159117368712,17692.445515944706,14172.266947718796,14846.015077908029,22937.730911850325,20816.540531077426,17111.425012479773,18805.59998286859
2025-10-01 04:00:00+00:00,15700.226112169788,16826.738987582532,17957.14634710147,14207.006654210141,15268.080234209236,22798.557459315616,20733.97584595847,17625.45815616628,18858.641410585795
2025-10-02 04:00:00+00:00,15921.639477939474,17055.717356765403,18064.0640742966,14240.105315933186,15314.226449365167,22582.749849076605,20577.44747421703,17707.62030016199,18913.567773919513
2025-10-03 04:00:00+00:00,15845.65308336062,16968.439951645447,18050.087822873924,14183.51751055229,15419.261467624081,22537.91285931034,20546.228264138925,17829.98873746929,18836.280805264
2025-10-06 04:00:00+00:00,15982.861473251462,17120.795373095563,18101.179557038584,14197.002330529325,15313.195497809844,21309.598748574026,19555.55985175948,17839.324020606804,18930.629093786018
2025-10-07 04:00:00+00:00,15872.394967797,17000.495348258377,17851.19770140443,14084.421383685882,15264.645376272172,21832.659481577444,19973.835230878532,17716.29510321168,18743.978945429793
2025-10-08 04:00:00+00:00,15906.58975144715,17103.997392353092,17799.41068170543,13940.262206665893,15562.301667593936,21729.807767117425,19907.4157011252,18063.01349564658,18546.736811080606
2025-10-09 04:00:00+00:00,15781.210569760366,16974.900974117154,17646.440301648043,13855.361981557868,15368.440947701016,21288.48287477908,19538.923063109047,17867.81417729187,18446.95966294007
2025-10-10 04:00:00+00:00,14778.473524055385,15916.847763512384,16512.746835188813,13432.531941917103,14790.725225564223,20550.549699176358,18822.358644784457,17216.484571928875,17945.740915552582
2025-10-13 04:00:00+00:00,15236.414424979881,16437.785386375657,17014.17824081693,13744.345031377703,15176.41925390068,20898.29461241717,19279.59871063454,17652.72266947281,18277.54718173396
2025-10-14 04:00:00+00:00,15066.344274852567,16173.022228120091,16836.063709673916,13461.558486042237,14890.262463011604,20529.978437328315,18923.913519490718,17318.907633078787,17903.22152650351
2025-10-15 04:00:00+00:00,15569.855198859801,16649.84799407939,17381.449554696323,14138.691426951093,15607.477886424404,21568.391909400765,19877.69166343847,18154.582633731326,18804.855945196658
2025-10-16 04:00:00+00:00,15482.056235626618,16733.057662829666,17288.964101108268,14009.716944563503,15778.078387951164,21373.285926696495,19699.798213165795,18352.687827234186,18633.887755670316
2025-10-17 04:00:00+00:00,15375.527207513096,16639.97237260412,17173.692036070046,13982.336945163635,15758.911301458675,21303.40770310864,19642.325244885098,18331.38337582294,18597.24229377539
2025-10-20 04:00:00+00:00,15612.577271101176,16919.275156932355,17439.128480075527,14139.669184737142,16134.97342146281,21526.67338050394,19846.64904710527,18775.500485784458,18813.53957698541
2025-10-21 04:00:00+00:00,15548.914308938418,16781.17392291946,17373.063155510892,14013.787559128943,15958.068440798184,21325.59999913901,19661.10634618568,18572.108571218858,18648.430504201595
2025-10-22 04:00:00+00:00,15139.49359038276,16361.257297056432,16919.624658302273,13587.096444593963,15563.84367022032,20687.659408939155,19069.77587396011,18113.977561303844,18082.410459210438
2025-10-23 04:00:00+00:00,15259.410003150659,16477.451129055105,17042.988130476246,13878.140533363869,16014.644234771786,21163.368607826927,19480.316031366212,18640.082276817728,18497.71284666158
2025-10-24 04:00:00+00:00,15609.253624611107,16928.82727710248,17432.81278883865,14203.070362865988,16734.541155943578,21917.292747890402,19926.37410354963,19476.70797532671,19004.411030152834
2025-10-27 04:00:00+00:00,16057.62392712289,17330.842472964057,17929.366368581053,14492.39515506619,17029.292997041313,22309.543911637327,20309.997608601203,19823.28016364343,19392.15233339822
2025-10-28 04:00:00+00:00,15976.237111376937,17291.39260605478,17824.666120006437,14616.447025270292,17239.415972972754,22502.128902966786,20408.136946531416,20075.38179516816,19560.56421743112
2025-10-29 04:00:00+00:00,16270.756865163292,17568.56569774811,18152.000256858195,14675.547130819377,17479.863611438228,22868.97606681372,20536.42633024064,20355.371244496884,19642.626219668935
2025-10-30 04:00:00+00:00,15943.17322525093,17185.51040319665,17787.661086741908,14321.247770789061,17094.020909947674,22360.32709077383,20057.194921190083,19903.534885923807,19168.909489730206
2025-10-31 04:00:00+00:00,16143.05723953119,17472.31541995942,18019.301637384295,14358.275218282068,17097.840688933098,22376.542974735825,20116.832687232643,19906.813250657622,19217.495968944546
2025-11-03 05:00:00+00:00,16120.812264060707,17520.8306149886,17991.417688462567,14458.817209808063,17420.640608665566,22761.662756452322,20289.03865595014,20279.041658725957,19350.58895625898
2025-11-04 05:00:00+00:00,15498.404286961644,16729.683361411164,17293.80224616593,13953.555988791823,16523.915545559674,21680.715694731723,19624.682458973268,19228.419611223588,18696.006597933294
2025-11-05 05:00:00+00:00,15662.101689259523,17060.1715945571,17538.318402599423,14193.61518424137,17237.991889146164,22597.171952689885,19998.728936932566,20103.32391331629,19057.00129688195
2025-11-06 05:00:00+00:00,15521.42947664838,17024.537453149045,17408.100583223208,13775.56346418445,16818.112875494386,22008.974858613445,19388.67298468467,19672.233774924724,18497.03446806389
2025-11-07 05:00:00+00:00,15574.135822766457,17064.394352938958,17461.452381181938,13818.465094549234,16761.910366961736,21940.716007682826,19419.30017527198,19656.664283558668,18553.075841601632
2025-11-10 05:00:00+00:00,15921.236328253066,17504.044636538805,17845.35809044622,14195.423213109436,17447.82143517589,22829.95342307889,19950.67554404039,20524.212104394035,19055.641316202753
2025-11-11 05:00:00+00:00,15864.946084701418,17395.748756921184,17789.38240490409,14040.096279691053,16993.36993591043,22221.577684798183,19703.2619342993,19951.08429006357,18847.84147095264
2025-11-12 05:00:00+00:00,15719.864989724314,17258.426429786916,17630.339688595155,14308.128681607706,17401.269531531943,22955.25532531945,20126.44687319717,20587.419764698556,19198.35380922535
2025-11-13 05:00:00+00:00,15406.784571041453,16877.368700361712,17288.341723339247,14030.07609138582,16949.17216097194,22299.98237168618,19698.198513824922,20016.33267914683,18828.41915215057
2025-11-14 05:00:00+00:00,15378.978063398648,16840.013876110585,17260.178311623695,14048.842910252672,17332.15973598922,22244.33097855501,19672.1733515334,20169.972648089195,18828.011521183347
2025-11-17 05:00:00+00:00,15450.430738559073,16906.82194208296,17343.981167082056,13832.045593271305,17021.965092979237,21859.382348308653,19354.30213349942,19841.188919065986,18565.664327097693
2025-11-18 05:00:00+00:00,15466.370578826441,16882.594347695427,17369.062682919717,14094.334592001196,16868.72896996337,21595.067716397196,19662.671448506528,19486.70155842499,18812.682036066286
2025-11-19 05:00:00+00:00,15657.70872538415,17084.899959858118,17583.497419507064,13985.583588018762,16545.08925341227,21484.817025528417,19538.238378301285,19363.083100024487,18661.66410047097
2025-11-20 05:00:00+00:00,15373.311111426014,16757.811835117504,17276.480514886836,14021.280872392612,16084.362906444556,20493.404824508845,19506.549008552865,18768.289242809016,18706.75618215336
2025-11-21 05:00:00+00:00,15676.278380258977,17138.86552090525,17612.911213740055,14242.900825439947,16363.681367993453,20736.353930029658,19791.968501115894,19112.803240588517,19006.489974617427
2025-11-24 05:00:00+00:00,16025.305794163127,17558.820641732935,17999.213403879232,14269.701896715156,16306.42607567272,20659.22326076842,19849.343487031827,19157.50236729526,19040.631825596618
2025-11-25 05:00:00+00:00,16303.063497138577,17866.050891082705,18312.46478358151,14526.355031999608,16605.463507105116,20898.334831391454,20198.44285900476,19568.368192572,19373.490063429177
2025-11-26 05:00:00+00:00,16438.206239510193,18038.149473415848,18463.853233651724,14632.991687627004,16784.468640169478,21175.437010271,20300.425381318124,19569.46809850856,19518.685576772616
2025-11-28 05:00:00+00:00,16500.131756833907,18094.237704780648,18534.69204210307,14622.813249000706,16785.698931259616,21234.94504564044,20293.766855725735,19542.85187547038,19508.9522182631
2025-12-01 05:00:00+00:00,16320.503815456526,17918.312116210574,18330.640420590003,14365.438138869953,16435.60018892804,20982.837313371718,19924.487148905515,19111.929169093666,19169.856197176818
2025-12-02 05:00:00+00:00,16440.288669465208,18038.844187344323,18468.20576048794,14431.578508251087,16496.33078298145,21219.47502271502,19988.340370983307,19063.00665108306,19264.527352087895
2025-12-03 05:00:00+00:00,16645.25607205595,18243.916033150417,18701.21757029298,14355.31720459549,16481.28849425816,21369.53139265019,19885.351918358967,19054.529461356873,19161.16221826633
2025-12-04 05:00:00+00:00,16583.665424734507,18227.48153858553,18719.851480260397,14331.375959122508,16370.248414507929,21203.860157821648,19807.992355948518,18923.174312640396,19117.79336548025
2025-12-05 05:00:00+00:00,16644.078145037656,18315.16772779273,18805.65340482281,14586.071936001978,16430.427024680874,21504.523933566896,20084.94853459808,18759.684422059177,19465.972675579687
2025-12-08 05:00:00+00:00,16637.95954964702,18300.9207425638,18788.906175807817,14611.679691062755,16371.477242178786,21590.036816227417,20046.867687039285,18411.220086532343,19506.52215855152
2025-12-09 05:00:00+00:00,16614.36236044556,18265.148209830844,18769.545108502232,14617.641386182282,16346.224089252299,21670.84298438961,20006.344440795285,18121.057247322846,19556.29916305636
2025-12-10 05:00:00+00:00,16804.890828096417,18475.33357244156,18966.651858679095,15103.344972475461,16886.167086721303,22221.616935947597,20648.39640948473,18561.628974756226,20171.034782088256
2025-12-11 05:00:00+00:00,16724.86056019502,18393.5335249031,18879.209279801707,15301.177804178013,17124.672017000645,22417.940809923235,20942.427650609836,18925.266211959406,20441.54097005328
2025-12-12 05:00:00+00:00,16322.796994108827,17952.598408993807,18405.212253695696,15222.481766933617,17018.107705966035,22250.65477960814,20791.125708201194,18583.446136482118,20337.119214308656
2025-12-15 05:00:00+00:00,16443.948627238922,18084.071973433587,18544.785150965836,15167.706149105275,16971.699847779226,22063.62934842785,20729.181610103715,18576.732752064716,20264.14259787064
2025-12-16 05:00:00+00:00,16384.83027033347,18021.396356128364,18484.9779739864,15035.573270123969,16836.852163681648,21820.85466528409,20578.61333590628,18489.97251019672,20086.5102846283
2025-12-17 05:00:00+00:00,16060.953003362018,17665.85345458171,18119.07349130545,14904.210802754164,16689.535059827445,21433.336339859194,20393.70088351179,18322.770541191403,19900.858434629878
2025-12-18 05:00:00+00:00,16271.856884865187,17895.794279650938,18378.19006822827,14808.080792917326,16605.301048063342,21302.10276575137,20306.1531620182,18341.74896648288,19776.21288436124
2025-12-19 05:00:00+00:00,16498.5957301859,18145.04779597046,18642.599773846847,14962.667452283005,16776.161734948724,21406.25094226029,20505.24174921383,18564.531005530884,19975.244727742476
2025-12-22 05:00:00+00:00,16675.278642287474,18331.672018768688,18845.973871219674,15276.560550390139,17112.765718796392,21894.23200982934,20907.155612812134,18861.562755364157,20398.978087197454
2025-12-23 05:00:00+00:00,16665.193648527587,18317.547650244167,18833.392195261495,15328.754239606918,17180.494482362767,21918.538311467324,20980.62445516067,18808.195904780274,20486.683376939953
2025-12-24 05:00:00+00:00,16708.093296183106,18366.276007317047,18878.17126004565,15348.16275825239,17223.83971550369,22000.71707738422,21005.208185442312,18845.834638406905,20540.762298964637
2025-12-26 05:00:00+00:00,16698.68654076465,18359.327546572502,18862.453280177226,15198.301292745844,16931.89479335621,21857.955342599616,20638.85730993205,18574.14064925921,20185.821231931335
2025-12-29 05:00:00+00:00,16646.16698790304,18302.676977442406,18797.56860726011,15093.590372399622,16912.619601249164,21824.585193940577,20612.670047305033,18535.23923673429,20166.35523589037
2025-12-30 05:00:00+00:00,16565.706760942983,18214.602152086933,18702.89396082867,15056.359464963753,16789.633959685707,21818.928683745486,20457.39361057134,18372.8966825883,20026.92833128638
2025-12-31 05:00:00+00:00,16393.889403260036,18024.67141761517,18501.934666894962,14862.461628668016,16568.675044181648,21645.256467791303,20174.524562781073,18084.606794961863,19767.153758969198
2026-01-02 05:00:00+00:00,16429.595453667203,18073.237186496168,18514.388983813995,14452.992303815081,16819.606505064374,21766.840785136246,20523.64186328035,18529.145307887775,19966.13422976763
2026-01-05 05:00:00+00:00,16600.196910951337,18339.638631227135,18793.2243316383,14696.89169581844,17096.193511188143,21967.90516327421,20864.652180518075,18960.7496842839,20313.00751497904
2026-01-06 05:00:00+00:00,17430.264281663534,19106.685602437246,19565.478416125803,15278.225712885189,17898.80619067516,22727.162416601743,21860.57175408803,20410.6987599553,21144.14275369724
2026-01-07 05:00:00+00:00,17258.27996184533,18915.235502168238,19372.01928765608,15339.15873366823,17955.90327778417,22719.428534966217,21928.80786318204,20388.790386206718,21228.42130158381
2026-01-08 05:00:00+00:00,16878.75539640006,18585.282894716387,18939.671851766332,14931.198841779405,17434.191233844856,22378.321062601808,21285.26517886777,19807.332692439577,20653.663898624887
2026-01-09 05:00:00+00:00,17565.512366542498,19040.840136011444,19728.450735570495,14969.040383448408,17583.78137466696,22618.191512860663,21402.012797372143,20000.1469969756,20778.17171191413
2026-01-12 05:00:00+00:00,17610.541858406345,19123.116136309156,19782.180710869747,14886.13933326504,17437.998669225555,22378.507891269735,21306.71029508915,19832.259703826137,20577.49552251519
2026-01-13 05:00:00+00:00,17950.186106481073,19556.193096199375,20163.848841097515,15488.508875626103,18172.380694649313,22216.073544068204,22197.306736957722,20682.432252596536,21471.038407347976
2026-01-14 05:00:00+00:00,17759.43930753167,19233.513000785788,19945.718755428068,15445.017014294639,18137.490080443746,21985.022451411576,22153.013031863757,20726.181122580907,21419.657377857173
2026-01-15 05:00:00+00:00,18115.338745868048,19457.308620805103,20365.74336222351,15551.825130755748,18237.84444213177,22378.416910445594,22277.385560183415,20734.861545345448,21546.251323630622
2026-01-16 05:00:00+00:00,18633.358190622093,19921.296770016517,20955.087874956964,15977.807726910567,18848.166889152646,22719.773140221936,23027.28364335857,21451.324892898636,22161.727764140203
2026-01-20 05:00:00+00:00,18531.22602243368,19739.661779100614,20827.168765574082,15950.089619258692,18882.545388717597,22402.869274950353,23069.975676720464,21554.244292599007,22148.809959037597
2026-01-21 05:00:00+00:00,19512.344088085123,20740.82322443807,21919.693591223895,17029.99291426498,20263.342166857146,23047.296877277106,24755.651223573448,23201.740802116947,23706.327868384422
2026-01-22 05:00:00+00:00,19668.9811689095,20923.986030136355,22105.73940401424,17149.787723842266,20444.970862935428,22857.79865167228,24978.032302209158,23362.87243100628,23893.319114702044
2026-01-23 05:00:00+00:00,19373.285903118962,20567.34284126562,21789.729022531705,16665.67361976673,19862.67673774642,22684.002800404967,24270.40536817129,22708.4500726802,23193.499274077538
2026-01-26 05:00:00+00:00,19412.984282639933,20574.97379347334,21845.277203033762,16635.046487207102,19796.48205129975,22717.01261096482,24187.937845886994,22657.95534287848,23149.978366543608
2026-01-27 05:00:00+00:00,19771.1963534043,20758.115908594144,22250.92473946194,16577.312413557855,19808.128437654028,23255.577657094596,24187.75736108002,22741.891290050105,23082.630429557157
2026-01-28 05:00:00+00:00,19931.126350970695,20870.31427198982,22413.10746163395,16438.569081506754,19726.140024704946,23325.38910288702,24207.437826638317,23199.898453314992,22844.620840464348
2026-01-29 05:00:00+00:00,20331.04932974904,21097.154245222282,22868.63278334898,16696.290884079917,20256.63397706593,23713.20090426026,24856.22656664468,23629.58195902713,23235.06958241739
2026-01-30 05:00:00+00:00,19184.23132811089,20075.36511435599,21587.645377454093,15838.527837374448,19315.971287532568,22814.06767986965,23702.12715489876,22449.84489652251,22040.43946745268
2026-02-02 05:00:00+00:00,19342.74657373639,20273.310852148836,21761.256216341382,15728.972245467907,19293.275559686084,23237.55030810478,23681.376804900483,22544.039682661085,21876.00726723065
2026-02-03 05:00:00+00:00,18645.854500853115,19605.137176549535,21059.75298033233,15398.437223922261,18891.295792053228,22628.765790734404,23184.131952531912,22112.368504352606,21427.336725111836
2026-02-04 05:00:00+00:00,19116.29415522705,19820.11263004788,21311.973977571226,15085.399105127406,18225.57499776635,21597.536243649018,22357.25823238879,21594.67330870898,20988.114189429605
2026-02-05 05:00:00+00:00,19013.634654611575,19716.327595339284,21195.813819733536,14906.150578268614,18048.052965532283,21754.396978218167,22137.352180954716,21360.000578123552,20723.22724354708
2026-02-06 05:00:00+00:00,19228.09686674474,20027.246760969807,21523.881856844117,15461.622386013856,18683.017075300206,22565.57809815144,22919.02058931382,21759.75387895437,21477.789022454243
2026-02-09 05:00:00+00:00,19062.813854092874,19833.516472823572,21299.62268201632,15599.459414107801,18791.025160860798,22460.97653178686,23042.737504190816,21719.34170655588,21671.67013115149
2026-02-10 05:00:00+00:00,19001.399524993067,19550.819617165253,20997.141782698858,15405.627922906737,18658.12737431871,22123.858520678972,22880.8316404254,21466.11503179613,21420.41966489509
2026-02-11 05:00:00+00:00,19370.58004465195,20021.387848356164,21491.845407386616,15999.483597826424,18811.66085765924,22908.192822682024,23069.933175303035,21871.603824683338,22154.102203724324
2026-02-12 05:00:00+00:00,19059.174124418078,19633.794634415823,21063.180221748444,15841.292469506205,18597.053666199856,22564.512557100556,22767.61981172804,21605.27714104158,21963.50533381455
2026-02-13 05:00:00+00:00,19263.654767467095,19836.22924465897,21288.604421123917,15939.20949064458,18942.378290315064,22779.103039087047,22867.44825054854,22203.46528345663,22408.77928016216
2026-02-17 05:00:00+00:00,19141.69942643872,19663.259723377447,21102.66122284135,15768.381353192226,18810.995679739615,22780.006981685856,22707.40395706031,22045.67328839946,22178.62339707698
2026-02-18 05:00:00+00:00,19182.968972301558,19691.703977876732,21113.661282194542,15846.019269511797,19258.81732492512,23201.176746182602,23261.335490279263,21962.570029463335,22312.635810317373
2026-02-19 05:00:00+00:00,19155.474439298243,19620.886646040304,21031.400416334483,15749.748128676836,19251.91445273018,23013.853354777897,23252.432603027275,21674.950663858108,22221.982324867564
2026-02-20 05:00:00+00:00,19299.061483612793,19695.331820435487,21118.705179954875,15852.170463839544,19462.07065864047,23360.790266085063,23518.337547035324,21816.644192866937,22302.316592687457
2026-02-23 05:00:00+00:00,19280.467670325022,19667.37880628109,21075.969717589123,15860.575966864468,19546.9038362084,23281.34015243572,23612.561237194204,21591.66260771818,22316.617843097927
2026-02-24 05:00:00+00:00,19277.38860486362,19796.94930286166,21220.36107592868,16064.746025728282,19707.88234384511,23328.1337544236,23811.68841223581,21682.81540473122,22603.35227668708
2026-02-25 05:00:00+00:00,19183.333175560554,19776.604132306307,21180.999961595353,16064.949134798586,19945.840166642152,23669.38738999943,24102.0053422248,21682.976281766925,22604.843632625627
2026-02-26 05:00:00+00:00,19161.80722163433,19669.126096491353,21083.228892112165,15880.612180869068,19508.15838584029,22892.65708076944,23525.350783674236,21326.149859692538,22379.165440723962
2026-02-27 05:00:00+00:00,19414.54911065445,19901.694023356475,21335.755143712337,16115.7219720904,19484.04049013577,22899.677636145574,23749.85577358472,21511.83288580545,22478.930965581276
2026-03-02 05:00:00+00:00,19459.190059628654,19881.69502952514,21327.25263567819,15943.926992775498,19347.08451430066,22796.811214871188,23496.48604372805,21314.74125217282,22241.152245050762
2026-03-03 05:00:00+00:00,19123.094947773603,19422.065000392442,20859.565427488596,15572.451315039649,18997.653877387784,22564.025596579646,22984.780445053733,20945.34388077276,21724.14337003741
2026-03-04 05:00:00+00:00,19102.517096097574,19619.15691494877,21048.462277572497,15466.105954487728,19032.99103646897,22894.136832061024,22950.807225907265,21021.460096333052,21574.781346150223
2026-03-05 05:00:00+00:00,19278.053740309813,19603.331786480274,20748.26023656456,15244.159827605556,18771.760645846167,22501.28204407507,22626.040393028587,20654.964013370685,21266.923244346646
2026-03-06 05:00:00+00:00,18991.6247510192,19288.436540999417,20311.28737275916,15185.319794918372,18485.554018696337,21835.644371747265,22399.569938017128,20371.716476357295,21186.051945261323
2026-03-09 04:00:00+00:00,19046.888902312665,19347.507487059116,20536.559387598623,15068.276330114582,18196.642183849282,21430.828594119397,22217.213206695727,20284.18901024316,21046.965084056494
2026-03-10 04:00:00+00:00,18623.301185834418,18930.99111120395,20255.15667321156,14926.894590087948,17897.30588905226,20963.26660654898,21683.76688017391,20034.48115115505,20888.77549707594
2026-03-11 04:00:00+00:00,18176.173004102075,18475.277227239818,19839.362303577454,14875.62480122639,17710.118154482792,20717.216691957285,21501.15981283087,19845.547199927914,20717.991493157308
2026-03-12 04:00:00+00:00,17704.07334851687,17995.659263169884,19298.33028485557,14648.820008082686,17328.536638923855,20227.61150211442,21052.91043084928,19520.449537125998,20403.224084268266
2026-03-13 04:00:00+00:00,17676.866328361033,17974.699507980964,19303.848662653916,14595.863968082609,17271.020681052723,20085.59170186999,21060.0456572316,19377.104664195474,20330.08713799708
2026-03-16 04:00:00+00:00,17923.63317245396,18229.130007987435,19618.56952446408,14655.846468290725,17306.538503610966,20148.63759162363,21206.78296010606,19497.276911127996,20412.072425121474
2026-03-17 04:00:00+00:00,18088.411512275543,18403.018277269526,19850.76068828923,14654.507421506456,17419.365485930874,20431.15670976099,21208.53065135076,19658.570349061923,20442.91781952485
2026-03-18 04:00:00+00:00,18122.196260048906,18436.33528273455,19856.959247649633,14396.579268230227,17227.678534553612,20300.188901912243,20977.840374856005,19408.841251578622,20081.806823126048
2026-03-19 04:00:00+00:00,18068.85544177376,18384.08565364406,19812.28137976968,14230.92164675691,17014.109737121642,20189.82680623158,20709.63136696889,19339.36741775256,19850.375611114916
2026-03-20 04:00:00+00:00,17778.68009846646,18083.133538716014,19434.031639520348,14167.468618541601,16879.47048792124,19615.675421146825,20607.00600355175,18780.93261601485,19759.70983572815
2026-03-23 04:00:00+00:00,18053.730160047122,18373.497515282666,19784.573141732108,14392.683154320439,17102.94533551117,19912.52733883031,20753.653950970976,19124.723729525984,20080.73841977142
2026-03-24 04:00:00+00:00,17751.85564622179,18073.25606409765,19565.584895344873,14043.260740226187,16677.795694615445,19039.08063359447,20358.637919391105,18451.791537020592,19585.354290148833
2026-03-25 04:00:00+00:00,18430.72973820455,18779.147516690824,20434.732739699786,14282.818146952639,16983.379264265757,19230.379167017592,20521.92605034057,18666.235642242453,19917.257682992353
2026-03-26 04:00:00+00:00,18218.53866598562,18547.081523262194,20135.77360889429,13877.057974228455,16844.85600404969,18800.753390156427,20328.44160231448,18080.407568961607,19372.11869830368
2026-03-27 04:00:00+00:00,17796.322815922034,18105.880902025896,19492.273241056457,13412.399516349848,16157.883915193464,17980.413243161252,19554.807201112035,17200.519551716927,18668.881900892702
2026-03-30 04:00:00+00:00,17461.674658585165,17753.29917751191,19009.0929248151,12887.428580715065,15551.241781842571,17446.2790365828,18868.833876271026,16730.076321992332,18026.254606830862
2026-03-31 04:00:00+00:00,17933.61045041791,18248.32202976997,19678.926809693832,13871.79782737925,16478.572658297428,18382.136138149355,19918.88788019135,17550.38792768059,18877.806389206635
2026-04-01 04:00:00+00:00,17851.27680303147,18248.385185381463,19696.500441843404,14337.561691129129,16848.914442918605,18740.612213398716,20362.63628702094,17852.842619353596,19142.470795359237
2026-04-02 04:00:00+00:00,18118.534213818642,18574.17991319992,19956.518088208995,14192.66883771025,16702.957703174437,18705.398548572262,20400.494909062894,17858.320830277375,19025.936422849612
2026-04-06 04:00:00+00:00,18277.049619264795,18736.973486006227,20131.326563845832,14301.415157495274,16684.363645184545,18636.415598564105,20447.768518042994,17772.81852722624,18873.219249645143
2026-04-07 04:00:00+00:00,18481.67949066727,18925.224221777666,20361.09917351875,14078.712557563109,16514.66315191301,18640.837305758483,20294.94117038819,17822.11086815499,18801.830970347255
2026-04-08 04:00:00+00:00,19445.14339817798,19935.432278282038,21452.051497203895,14603.088193855947,17286.41783380628,19671.82688663868,21291.91428432341,18849.48297141529,19860.78763457959
2026-04-09 04:00:00+00:00,19793.450471072676,20330.015419651365,21856.078985089232,14861.993010734526,17579.75090524174,20145.527489308835,21752.1056600565,19318.35605338711,20215.69341197065
2026-04-10 04:00:00+00:00,19955.434805022116,20541.676788654753,22044.85681740883,15100.728011513915,17675.863767863215,20467.308891985893,22002.671916923162,19631.866945888672,20186.41896127671
2026-04-13 04:00:00+00:00,20361.42332348297,20951.21064964268,22495.22976150485,15460.755840865162,18157.68266745332,21127.33794323307,22353.849847292637,20266.854067797714,20789.467368265286
2026-04-14 04:00:00+00:00,20518.11258261898,21122.311391478208,22668.634670312134,15699.35472720844,18321.309302110345,21331.336828618114,22653.875661594782,20451.10910107332,20851.16118161343
2026-04-15 04:00:00+00:00,20600.950509293143,21197.15526064111,22760.890039369435,15699.720215436291,18353.93272938626,21429.450571558256,22508.106316556034,20563.878960738133,20934.582213669157
2026-04-16 04:00:00+00:00,21017.502106286483,21632.60695023116,23227.167700438084,15720.706145749678,18575.734514295855,22134.654842817312,22415.006671019,21337.283507206026,21392.294111427327
2026-04-17 04:00:00+00:00,21364.016012859865,21998.812476809755,23612.709221101995,16196.242224176627,18983.844757784496,22460.497430463867,23087.246316494635,21602.133426748198,21711.511824273704
2026-04-20 04:00:00+00:00,21425.778546662663,22063.185537166693,23678.198474372064,16733.73655751726,19290.216963366554,22644.087859181716,23544.9129921888,21688.762708258535,21726.86555861413
2026-04-21 04:00:00+00:00,21677.15215929183,22307.82397081276,23958.472123527456,16833.333847708545,19347.515238407843,22917.948942901967,23534.64420396943,21975.305827405566,21752.432048011
2026-04-22 04:00:00+00:00,22171.042447618114,22816.061184069626,24500.118202014477,17667.229630575996,20151.901136246757,24039.31248870438,24144.75671547091,23026.880208990795,22447.698005057133
2026-04-23 04:00:00+00:00,22382.142085205473,23078.136912599206,24737.97767997204,18226.26027349378,20675.101200741483,24681.007389880026,24597.23447514019,23609.2032482612,22922.77597610993
2026-04-24 04:00:00+00:00,24063.886967458428,24845.838970623725,26616.123870358493,19108.190275260844,22474.63696596312,27845.50103261954,25492.8654576392,26861.8214977633,25710.77882811064
2026-04-27 04:00:00+00:00,23872.096851363298,24618.017933458836,26408.39889551263,18351.006473521145,21831.489481764922,27024.846910999317,24900.887481463247,26124.37228586724,25270.080664638688
2026-04-28 04:00:00+00:00,23372.017172498294,24083.317585653556,25853.839714638987,17660.95602217921,21110.69636607628,26055.05616914515,24124.366130262595,25214.386283309883,24571.607476886715
2026-04-29 04:00:00+00:00,24218.779573002656,24976.701634046236,26805.063429577433,17923.678000704465,21797.54577869241,27368.02439162833,24379.51318781686,26591.636271907777,25783.4795502186
2026-04-30 04:00:00+00:00,24418.30836582868,25311.386578061363,27144.633411349925,18549.026821446038,22320.011090354546,28127.73325308018,24633.21307244031,27309.75203206414,26172.73738901584
2026-05-01 04:00:00+00:00,24526.339484531072,25293.33884452134,27000.310032974103,18614.338601236428,22634.039787710284,28713.747040561997,24611.295432553037,27934.962637455246,26786.752286270697
2026-05-04 04:00:00+00:00,24472.80275219063,25494.313878948335,26940.302440654756,18263.54228772324,22069.085796461666,27741.795171781727,24306.158993899426,26937.911967663356,25992.72225942394
2026-05-05 04:00:00+00:00,25370.330652515353,26836.617050168887,27927.7078994518,18710.063146530152,23025.955729048936,29383.630282865175,24773.35775413992,28633.55982708129,27572.193299580318
2026-05-06 04:00:00+00:00,25935.005948239403,27482.428576584934,28545.126065737037,19711.921594405136,24377.397265008778,31978.843284876886,25659.661117770404,31288.54496969989,29242.242279777656
2026-05-07 04:00:00+00:00,25590.253891319673,27192.870613889056,28175.251216135326,18451.733001330576,23052.418922371016,30303.447331140298,24517.011657693794,29722.181864639024,27882.050269923137
2026-05-08 04:00:00+00:00,26196.69354475141,28403.04563945165,28840.00408186598,19165.747186113073,24423.446700756092,32609.96089740248,25764.904811174943,32173.88993207285,30002.87813555037
2026-05-11 04:00:00+00:00,27029.085717780297,29444.10893354803,29763.877570672543,19244.16454692818,24700.664516821427,33062.22067666384,25791.205949807918,32659.145107324406,30527.25621861912
2026-05-12 04:00:00+00:00,25975.711612260562,28263.71688704741,28594.617537810816,18771.67868155784,23903.983418558466,31798.329162420567,25225.174868455237,31369.38705156698,29329.762976545113
2026-05-13 04:00:00+00:00,26772.96277081244,28897.594947793787,29473.818509318175,19762.63985241764,24724.962282472992,32508.417799609582,26209.214047146954,31954.371826728457,29924.972146222848
2026-05-14 04:00:00+00:00,26525.6607433659,28349.990687175676,29196.69322014696,20071.982793642437,24783.49825907881,32553.053014054974,26534.053700347024,31933.94991472645,29665.44847172746
2026-05-15 04:00:00+00:00,25968.85822630318,27629.307376592646,28589.53551263888,19371.941489834102,23766.60148114694,30674.540651387906,25839.20456229667,30053.32231246266,28312.250358567304
2026-05-18 04:00:00+00:00,25628.37594944015,27131.893475594803,28215.95057675088,19246.337527675038,23792.765689235737,30626.300699110667,25420.329367619233,30013.052020546085,28460.403721279632
2026-05-19 04:00:00+00:00,25298.582241923727,27030.66858891223,27846.744832934808,19890.111899136584,24485.50820098944,31210.573394474806,26071.20589618572,30529.464849106575,29193.077670307935
2026-05-20 04:00:00+00:00,26144.380514809356,27975.289445072813,28777.02712279644,21225.648269177353,26183.415863554364,33935.17491123025,26988.99967652418,33204.2216349865,31233.277367988056
2026-05-21 04:00:00+00:00,26603.419412123105,28676.55015804333,29290.86963864963,22647.375583346973,27758.193147652662,35556.65911775716,27809.55513966067,34657.04094520274,32804.0866310225
2026-05-22 04:00:00+00:00,28022.942989871237,29834.731684227467,30868.00534860503,23194.128996095813,28332.38188018749,36381.63754765168,28501.116372105913,35473.22238349508,33392.081611440706
2026-05-26 04:00:00+00:00,29461.80388323383,31879.24928158978,32456.336450478233,24120.27582012208,29309.292252811607,38074.23301140476,29206.628709559922,37158.647305038656,34416.83147580769
2026-05-27 04:00:00+00:00,28389.925988943894,31057.74839975626,31266.466004530343,23188.936814917713,28363.191405068,36894.862052262535,28227.593524369862,36065.47112795426,33502.003320643664
2026-05-28 04:00:00+00:00,28479.245291707775,31164.357462018124,31371.024400718696,24404.545979493505,29625.29158590252,38509.05456559822,29063.526887774435,37578.26248080902,34689.91870721696
2026-05-29 04:00:00+00:00,28049.93553214514,31284.00345735706,31046.5734962236,25327.106162698266,30443.909627565154,38598.41909358726,30361.345819420138,37560.98113149958,35253.46251975273
2026-06-01 04:00:00+00:00,30140.58733471377,32130.520262589725,31414.696023322158,28007.382525293327,33028.108982817634,40407.63163025166,32972.57926810529,39050.01787556854,37457.884678150906
2026-06-02 04:00:00+00:00,30323.989781308363,32165.928685208513,31613.760501112894,30394.086325761786,33987.890980736236,41744.38277922794,35403.480024339915,40065.57067455897,37014.71600335737
2026-06-03 04:00:00+00:00,29734.911976251053,31204.852336986543,30959.577524802386,30716.817685511793,34315.388459533395,43066.84713374909,35264.156020701645,41376.56073668432,37390.289925312965
2026-06-04 04:00:00+00:00,28924.390828358926,30712.149779459127,30132.89357568407,30619.952382111205,33773.81804596398,42313.319176595774,35537.850810418866,40563.93184110702,36459.74889288005
2026-06-05 04:00:00+00:00,26684.10052972024,28775.87548673129,27831.220231636693,26972.56146942622,30346.03645286263,37795.8780876222,32351.014120749256,36323.81382441162,33360.960965633516
2026-06-08 04:00:00+00:00,27168.416015585564,28825.26616836679,28304.47428579256,27999.742177752327,30878.385828452105,38743.77412721466,33187.58517327532,37186.824290550394,33386.4767471541
2026-06-09 04:00:00+00:00,26237.88430062292,27807.504604072565,27347.75696404971,26465.665912611265,29458.850086996456,37087.550701584594,31708.72361491553,35683.57291389174,32123.714850765376
2026-06-10 04:00:00+00:00,24825.076342794397,26503.667529105318,25875.122777814395,25430.20696771529,28596.577283512568,35791.41635756155,30984.787225438322,34465.599552274696,31491.394974023853
2026-06-11 04:00:00+00:00,26508.10454876807,28055.818843324603,27610.242604810897,27623.34117910115,30701.685219063984,38494.10754981899,33018.19235183938,36975.76432547419,33434.62251727699
2026-06-12 04:00:00+00:00,26683.395488669576,28271.704795429192,27753.73373667537,28581.546596129785,31918.542942464508,40120.204914070906,33403.243896648026,38511.02597229561,34793.2136599734
2026-06-15 04:00:00+00:00,27787.297976146903,29013.282324276763,28866.00180141629,30660.67210465263,33765.501971723,42591.36307034937,35171.65500215408,40803.202189328316,36327.560815701036
2026-06-16 04:00:00+00:00,26943.436301725764,28362.565402751716,28005.660119413307,28998.127129570872,32462.268810907,40654.01860201096,33636.87483804311,38985.93326275188,35411.31610611798
2026-06-17 04:00:00+00:00,27038.454788663035,28363.44108753052,28078.419862628627,29954.0106209602,33233.59115692108,41655.81276929519,34046.65411188243,39848.666679497626,35904.789119938854
2026-06-18 04:00:00+00:00,27925.5558552997,28969.37444018724,28986.083556170495,31268.735877584662,34290.89727115702,43138.20658196482,35022.78741778864,41191.23499513472,36648.55011459088
2026-06-22 04:00:00+00:00,28249.734433189085,29003.96060534103,29359.944528300908,30251.812599160134,33176.06224901878,42057.385830896324,34500.29566792595,40271.713501927385,35559.04727850117
2026-06-23 04:00:00+00:00,26951.83968047782,28428.094768218514,28065.286372504375,27947.417694192398,31262.89968035571,39392.17197743732,32969.9134344708,37819.90709886765,34169.55308974571
2026-06-24 04:00:00+00:00,26678.3910046703,28067.575749606367,27778.836342904866,27641.30490121059,30641.845974125234,38713.84058588625,32623.66308727236,37162.70601218686,33436.03779350312
2026-06-25 04:00:00+00:00,27331.67750469857,28142.99763366689,28468.032947792293,28145.74905361588,31305.89037709113,39708.89957995745,33940.379056407,38278.57601560226,34314.95020016527
2026-06-26 04:00:00+00:00,27210.903126112687,28537.650482104415,28378.108779884555,26852.86113884988,30215.661281872104,38198.746541490356,32768.39314426153,36807.50686876598,33447.73322153306
2026-06-29 04:00:00+00:00,27556.71871502065,29352.833398067065,28886.159762140258,27623.714986438998,30894.18177453204,39146.07889387785,33642.529689009716,37697.20112461233,34130.29063920088
2026-06-30 04:00:00+00:00,28654.864079370425,29959.050804830866,29536.574079688064,28485.283293844386,31363.297103474924,40341.74795561277,34388.6457384799,38878.1931588934,34207.91442893288
2026-07-01 04:00:00+00:00,27246.845418642904,28367.437526063648,28023.66308401825,27226.668561678372,30730.912742022076,38785.6091184302,33002.15324389357,37272.41742271092,34157.090594332105
2026-07-02 04:00:00+00:00,26316.30487666854,27490.512181211536,27184.595362647022,27181.917339811265,30446.85563149775,38389.718213298394,31810.690519610158,37030.86397513291,34358.60582016101
2026-07-06 04:00:00+00:00,26565.324133633116,27582.889140623156,27251.39593092739,27670.030602761748,30749.66615881089,38628.42446524448,32049.642342808183,37279.01986803366,34975.163048944654
2026-07-07 04:00:00+00:00,25307.40176526429,26630.974006923232,26371.601138397313,27110.33062899812,28916.973467386342,37751.0477763787,30709.750045777684,36601.05750421146,33986.10009014577
2026-07-08 04:00:00+00:00,25011.308355731926,26402.63941035682,26132.929443432084,25559.085287845537,27536.23045195902,35710.84307673937,30585.031310366652,35591.04076291915,33131.90338246117
2026-07-09 04:00:00+00:00,25905.480569536343,27175.385865634962,26908.848961094234,26017.47667255714,28533.56571016731,36007.79299890339,31622.027669888415,36526.64827942433,34267.25777133128
2026-07-10 04:00:00+00:00,25331.555728617634,26699.037596898106,26452.511709970364,24580.588828626947,26873.292026434046,34278.61000235415,31028.577037122737,35377.39333421038,32770.796505852915
2026-07-13 04:00:00+00:00,24652.3632173236,25856.89993191351,25648.643469140658,24277.121131936,26861.24601450866,33642.409119636344,30436.74961178196,34569.74518820147,32466.26538571857
2026-07-14 04:00:00+00:00,25460.439376084996,26400.557343452267,26186.47152720012,24773.552814663017,27667.0006785217,33670.09511297334,31051.802650281577,34964.4249684236,33212.70309576698
2026-07-15 04:00:00+00:00,25312.208841248383,26273.98386140738,26075.87213636137,24820.02717666376,27713.06488173962,33811.026238177175,30766.98326967381,34928.20909181703,32984.8889845823
2026-07-16 04:00:00+00:00,24601.144131016154,25448.73884304008,25260.162148079362,24215.862241051025,26871.89099312799,32791.93186059289,30320.266795948293,33788.831313236195,31870.760192471564
2026-07-17 04:00:00+00:00,24135.74213076542,24841.7415112107,24670.921664216366,23751.484763544384,26823.799713830263,31915.53797733435,30186.07570495377,33385.48975311681,31690.484003530517
2026-07-20 04:00:00+00:00,23703.004800850147,24603.03111598402,24441.529015815868,23462.857117273707,26205.604214958035,31574.01493628657,30142.086084598122,33311.62291098585,31318.926792834485
2026-07-21 04:00:00+00:00,24296.345798926646,25312.99324200476,25122.431742168097,22836.576136202304,25861.153408903592,31434.12563401093,29681.85574342394,33174.46411222248,31127.873198858728
2026-07-22 04:00:00+00:00,23963.809583132934,24852.93221069888,24653.20750399089,21994.023993557315,25505.982471681993,30304.73481977179,28920.056885076243,31961.401010995985,30258.349400160823
2026-07-23 04:00:00+00:00,23880.64571649759,24750.187942368753,24522.653606170883,21641.469023725767,25173.8419811032,29723.952278386852,28418.206938721436,31336.392842117028,29743.77346083874
2026-07-24 04:00:00+00:00,23169.314257220045,24059.60506430932,23866.23130154595,22053.401772787474,25191.068705034562,30418.326048499035,28748.201372291216,32075.70340025895,30319.58843132731
2026-07-27 04:00:00+00:00,22640.527895653155,23775.260756784555,23612.92233060924,22674.696177091348,25077.13142247527,31443.655188617216,29183.58731148881,33168.2339370094,31121.85431372106
2026-07-28 04:00:00+00:00,21798.51122766519,23156.759152076032,23034.588234390303,23399.47663333975,25382.69620545914,32825.45549286198,29791.952821963652,34621.345613049656,32028.417243728472
2026-07-29 04:00:00+00:00,22579.538895976577,23279.68049190198,23135.463569002986,24535.355551090295,26058.580171489168,33444.23465352634,30932.18978587487,35258.75915531153,33061.712372516035
2026-07-30 04:00:00+00:00,21760.779901391576,22340.52197731403,22294.60955692911,23486.88066004978,25300.188601366746,32265.83763748548,29985.360796974324,34004.62219535812,31916.405376034043
2026-07-31 04:00:00+00:00,21922.75625143372,22502.731159223753,22463.93463985633,23697.80678693573,25418.198521891543,32286.843033765064,30141.821932753028,34008.17338229109,32282.41670537011
2026-08-03 04:00:00+00:00,22142.72318305261,22799.4948306586,22695.585308811023,23885.76902082796,25603.088290152005,32711.86847656329,30322.9554461867,34430.23518602447,32647.8441786177
2026-08-04 04:00:00+00:00,22626.869605707852,23448.130953060394,23207.76326003172,24291.96579633939,26040.36561811439,33280.78999048626,30728.52336338786,34983.77254420957,33349.75468110249
2026-08-05 04:00:00+00:00,22628.888316262277,23177.419575548993,23214.142177704725,24143.365847462825,25863.558561266706,33069.60938727798,30501.854022330408,34732.16413000136,33182.704433502426
2026-08-06 04:00:00+00:00,22743.733943182917,23292.885939742857,23329.85938795139,24294.175890702627,26299.5071600617,33364.47092846271,30974.315229156477,35075.451124583786,33564.67034085387
2026-08-07 04:00:00+00:00,24303.025789231837,24912.33570515823,24933.626789823713,24861.910976821946,26602.9845018723,34175.40487269838,31250.651877575376,35658.64676554466,34514.75895800408
2026-08-10 04:00:00+00:00,24607.011608268167,25219.18429830502,25244.76838378709,25147.244844388093,26845.3889857568,34492.28793603709,31458.4332311086,35972.15716580076,34941.404624489915
2026-08-11 04:00:00+00:00,24621.60086820888,25292.761608979814,25258.215421070978,25125.036648287907,26795.97568582793,34393.034240972906,31485.265823780905,35864.03005782755,34827.498333559844
2026-08-12 04:00:00+00:00,24463.820292106717,25101.563813033634,25097.431342200198,24733.972442545662,26551.228097924963,33961.16793194445,31252.94656693093,35399.156992494834,34397.38687017095
2026-08-13 04:00:00+00:00,25656.959915839147,26345.359104112096,26323.726709530285,26246.748261717577,27841.270324254103,36281.13586604339,32345.303595521,37739.76275423979,36822.49771240773
2026-08-14 04:00:00+00:00,25312.7230367816,25988.900334020982,25969.499042957,25675.809250310158,27655.6554896921,35986.41990494581,32120.302047479574,37134.14156211789,36341.74424053792
2026-08-17 04:00:00+00:00,24675.337361505146,25324.85114485258,25315.533266825092,24900.627122105536,26897.405026328204,34960.78614348473,31282.296741360646,36183.197614035176,35270.16296896437
2026-08-18 04:00:00+00:00,24972.57501054987,25631.204348917392,25622.631784950176,25189.474767671425,27068.42624018475,34793.230377157925,31584.804084671585,36373.70474614988,35466.60100892032
2026-08-19 04:00:00+00:00,25856.339691915055,26606.77051576747,26526.298443832,26362.351975126134,27929.535507056036,35392.85971657465,32745.072987965676,37642.070790892074,36710.18319747219
2026-08-20 04:00:00+00:00,25914.895352033032,26694.704189116364,26587.02696372217,26339.431177703198,28036.002932443225,35484.58377513425,32900.77485192277,37783.5575866497,36769.620776963515
2026-08-21 04:00:00+00:00,25928.171606636774,26671.547364390444,26598.91338249921,26467.134795532118,28142.06896538612,35658.379785926925,32905.566402222,37700.72606300784,37010.70281297534
2026-08-24 04:00:00+00:00,25986.07832122769,26800.075363921835,26660.143389786717,26451.56884391408,28188.81730764903,35243.30196157322,32939.01390024743,37642.137653213664,36999.70692347922
2026-08-25 04:00:00+00:00,25633.46502161387,26467.991322784535,26410.49905259857,26151.56043136274,28240.186351543132,35590.39321246776,32896.99581130081,37189.90258945717,36935.333132047526
2026-08-26 04:00:00+00:00,25295.571837305455,25934.190979926254,25724.99412071637,25930.45705413849,27944.346911251614,35079.15031603672,32639.254184225178,36934.20014960364,36468.127317018494
2026-08-27 04:00:00+00:00,25326.038401228427,26414.836061814327,25944.875144280417,26899.47678263973,28320.333102368513,35526.26291248279,33441.19958177378,37917.60596496186,37053.89895529244
2026-08-28 04:00:00+00:00,24625.45068704839,25535.488951290685,24977.49867329077,27605.517284932448,27658.122405771956,34751.94494572383,32649.102046205255,37551.0825421237,36885.05720615242
2026-08-31 04:00:00+00:00,24594.053262938272,25618.02786932247,25100.507286703214,27464.428356168548,27787.808249064903,34653.31587481852,32801.35786209969,37568.13338888224,36784.95910821814
2026-09-01 04:00:00+00:00,24666.901303534276,25455.915960897924,25138.57679856298,27111.141477765417,28363.373730376086,35506.161716585295,33264.42007439498,38257.10166669523,37236.59319073676
2026-09-02 04:00:00+00:00,24624.250287355437,25052.27528392515,25108.138051054873,27203.396113124636,28237.92813753182,35489.66685555597,33103.52952860997,38161.31262193767,37230.58554551334
2026-09-03 04:00:00+00:00,25225.33883806532,26168.026732537575,25779.94637722653,27945.37169388905,28560.441440383882,35985.47683733111,33586.756390564056,38862.482410531054,37823.14596756562
2026-09-04 04:00:00+00:00,25003.184331313878,26165.174224784696,25801.882823140757,26936.918443063398,27657.76554003739,35276.30067989473,32582.825931823325,37574.427110297045,36513.19912136906
2026-09-08 04:00:00+00:00,24543.623453627926,25985.99607692413,25573.673706335936,25644.757437788,26816.080511674954,34635.05929563573,31434.000780167742,36145.44306259774,35229.90155793065
