진입일,종목,국면,반기,수익,초과,대조군대비,BPR,BPR_대조,SPR,SPR_대조,mom20,ret5,vol20,dist200,지수60일
2015-02-02,AAPL,평상(모멘텀),2015~2020,0.09275296575484715,0.02824678312887019,0.01993915361211561,0.00825021263591208,-0.01051153953270207,-0.012994431920727134,-0.0015738454354630952,0.06142448378895282,0.03699763585257321,0.02392470279979114,0.17795555799394158,-0.857077685009697
2015-02-02,AMZN,평상(모멘텀),2015~2020,0.053258320754436594,-0.011247861871540366,-0.019555491388294946,0.06587387971647685,0.047112127547862696,-0.016200664699621226,-0.004780078214357187,0.14235538228773414,0.13489544323859604,0.03540342793069814,0.1141909561036829,-0.857077685009697
2015-02-02,BIIB,평상(모멘텀),2015~2020,0.0564359193459536,-0.00807026328002336,-0.01637789279677794,0.030778620143258495,0.012016867974644345,-0.002362567918507308,0.009058018566756731,0.14644274463822948,0.088468114538097,0.030955027596601747,0.20477583683703848,-0.857077685009697
2015-02-02,GILD,평상(모멘텀),2015~2020,-0.034018199146279016,-0.09852438177225598,-0.10683201128901056,0.03562959180821412,0.016867839639599973,-0.004053567720033624,0.007367018765230415,0.11213654348505497,-0.006727046863608033,0.019701804188951053,0.10073123533561112,-0.857077685009697
2015-02-02,MNST,평상(모멘텀),2015~2020,0.19485250944952992,0.13034632682355296,0.12203869730679838,-0.007701948050095941,-0.02646370021871009,-0.061489476900403406,-0.050068890415139365,0.0793723504842958,-0.019780408877607125,0.020371403812735427,0.33133661768770084,-0.857077685009697
2015-02-02,NFLX,평상(모멘텀),2015~2020,0.07426897066062876,0.009762788034651804,0.0014551585178972232,0.009557735884706986,-0.009204016283907164,-0.029442460957119443,-0.018021874471855402,0.29328767816624746,0.009920873663770813,0.045047983812032275,0.09533580774772843,-0.857077685009697
2015-02-02,SBUX,평상(모멘텀),2015~2020,0.07020231031014368,0.0056961276841667186,-0.002611501832587862,-0.00013110664688098517,-0.018892858815495135,-0.00712759539377783,0.004292991091486209,0.0667887987128919,-0.007821260452298584,0.02053870310832415,0.14160482394911056,-0.857077685009697
2015-02-02,ILMN,평상(모멘텀),2015~2020,0.004469150569427207,-0.060037032056549755,-0.06834466157330434,-0.003462150015338561,-0.02222390218395271,-0.0006971634793698778,0.010723423005894161,0.057481778730712696,-0.009991931032364842,0.02514250485416656,0.1300716896466143,-0.857077685009697
2015-02-02,SBAC,평상(모멘텀),2015~2020,0.056220188807183824,-0.008285993818793136,-0.016593623335547716,0.003893344159533463,-0.014868408009080687,-0.027094823142861046,-0.015674236657597006,0.053629202713685986,-0.014191797522603466,0.014601661393990507,0.0884942921447911,-0.857077685009697
2015-02-03,TSCO,평상(모멘텀),2015~2020,0.024239561598287773,-0.02688417861666159,-0.02646929384193701,0.01574859033617315,0.009611596650864621,0.02129516240105178,0.02643964027816428,0.04214179220742564,-0.005135732669990567,0.022928247227126136,0.20492979862181038,-0.8535082143158188
2015-03-03,AVGO,평상(모멘텀),2015~2020,-0.008747154177463854,0.019307571504759147,0.024045003350949286,0.04710061807107846,0.0585212045563425,0.006952886895315258,-0.006201254324858307,0.25408312354917606,0.14328813171822952,0.034968064285500054,0.500470301199325,-0.8509847328462331
2015-03-03,BKNG,평상(모멘텀),2015~2020,-0.06470373082352376,-0.03664900514130076,-0.03191157329511062,0.033293448461569675,0.044714034946833715,0.00776849931093726,-0.005385641909236304,0.23766696951304644,0.03463122148261144,0.021846003095114693,0.07061910788246184,-0.8509847328462331
2015-03-03,CHTR,평상(모멘텀),2015~2020,0.030894703014728853,0.058949428696951855,0.06368686054314199,0.022698532702780883,0.03411911918804492,-0.02364554857807477,-0.03679968979824834,0.2304791090288576,0.05725489985140286,0.01941943249720809,0.1767814138932675,-0.8509847328462331
2015-03-03,NXPI,평상(모멘텀),2015~2020,0.014509635437176984,0.042564361119399985,0.047301792965590124,0.05504387390598775,0.06646446039125178,0.01357024764831749,0.000416106428143926,0.2548522655984311,0.17822423411316546,0.04179880838634816,0.4172005165554993,-0.8509847328462331
2015-03-03,AKAM,평상(모멘텀),2015~2020,0.015034102934575745,0.04308882861679875,0.047826260462988886,-0.009365717737540025,0.0020548687477240143,0.007821406121205632,-0.005332735098967933,0.22300545804734861,0.012670834520447816,0.01740252625202528,0.1782517434024351,-0.8509847328462331
2015-03-03,TRIP,평상(모멘텀),2015~2020,-0.08268976844609588,-0.054635042763872876,-0.04989761091768274,0.041498311892955275,0.052918898378219316,0.006681712054871447,-0.0064724291653021175,0.3611401491839259,0.026330559795184838,0.052917181315319826,0.041294463027264916,-0.8509847328462331
2015-03-04,MNST,평상(모멘텀),2015~2020,-0.0227109033230104,0.007455405318033348,0.009277483555988383,0.04999245219414372,0.055136930071256224,0.006788294874320977,-0.011342152508223208,0.19685250944952992,0.12723343637081164,0.030574838569069958,0.501925335999394,-0.8516022459987321
2015-03-06,VRTX,평상(모멘텀),2015~2020,-0.0660335331042301,-0.05506570459464655,-0.050805359974381105,0.020077488169058633,0.01521128972500497,0.04399878969368198,0.035914379010912156,0.16189258703092269,0.058264547742317374,0.02364864795617103,0.23720742835312736,-0.8490364533041507
2015-03-10,EBAY,평상(모멘텀),2015~2020,-0.03746686029385349,-0.04829592373608116,-0.0444089943868478,0.005417704190256334,-0.015526484977170567,0.0011671194890434666,1.93324155678019e-05,0.11577983993989394,0.041623599969226044,0.009923971785352665,0.1367819099130343,-0.8489382795024021
2015-03-31,ADI,평상(모멘텀),2015~2020,-0.004856978511378894,-0.04049865177962808,-0.03029788901795428,0.021692384199420767,0.008523779653720472,0.002380261471913281,0.004286158966572839,0.08414178451599863,0.0730130192837064,0.027960708741074255,0.23721168330740205,0.034591681025405885
2015-03-31,BIIB,평상(모멘텀),2015~2020,-0.09308562036895163,-0.1287272936372008,-0.118526530875527,-0.018883140309152502,-0.03205174485485279,0.04314103231634925,0.04504692981100881,0.03807207062926654,-0.0692429109792666,0.028297495971637308,0.2477144711170236,0.034591681025405885
2015-03-31,COST,평상(모멘텀),2015~2020,-0.045859246193237335,-0.08150091946148652,-0.07130015669981271,0.0034282618457575076,-0.009740342699942787,0.007461736991083878,0.009367634485743436,0.029944490514970612,-0.00366202687463435,0.010047453759414507,0.17863780208675606,0.034591681025405885
2015-03-31,META,평상(모멘텀),2015~2020,-0.02328424366133397,-0.058925916929583155,-0.04872515416790935,-0.004789931069392961,-0.017958535615093255,-0.001568135336924903,0.00033776215773465576,0.04326019395682135,-0.014568449662518246,0.014051427137198114,0.10403978260259694,0.034591681025405885
2015-03-31,ORLY,평상(모멘텀),2015~2020,0.019827604054756254,-0.01581406921349293,-0.005613306451819129,0.002401712372288811,-0.010766892173411483,-0.002930955195016627,-0.0010250577003570681,0.034811294616944766,0.018997582834978877,0.014219984864669351,0.2562089312699247,0.034591681025405885
2015-03-31,REGN,평상(모멘텀),2015~2020,0.0383561895043012,0.0027145162360520114,0.012915278997725814,-0.015656336264729953,-0.028824940810430248,-0.0024615842724896586,-0.0005556867778300999,0.09879564993970513,-0.03876057709554248,0.02237756470739741,0.21789699033536158,0.034591681025405885
2015-03-31,AAL,평상(모멘텀),2015~2020,-0.07589135561348215,-0.11153302888173133,-0.10133226612005752,0.03400392183449186,0.020835317288791563,0.012757847615076923,0.014663745109736481,0.11032911603802575,-0.01397065861824065,0.023311702556356204,0.2178923848568579,0.034591681025405885
2015-04-01,CHTR,평상(모멘텀),2015~2020,-0.020727415583991493,-0.04461607921687494,-0.037017417700098684,0.010620655126000189,-0.00761595646694067,-0.017091517356788377,-0.028959909132787134,0.032894703014728854,0.02893226847014363,0.02082466072176464,0.18844639605018831,0.024454806653914307
2015-04-06,FISV,평상(모멘텀),2015~2020,-0.017157197253150458,-0.04741012496216712,-0.03994104385932094,0.008482087739170252,0.00034729218272316204,0.009315423762131125,0.012202480275114785,0.02142121842684741,0.0153002287845585,0.010949882671663894,0.15564484714199822,0.04991198458720647
2015-04-08,TSLA,평상(모멘텀),2015~2020,0.10759692877118199,0.10673082416868751,0.11185813146372053,0.029270424594767475,0.027970443415923717,0.0189893051531127,0.0012712362322929473,0.06480513815025302,0.0665372097738377,0.024809720691963057,-0.1091553052412827,0.024414351488822872
2015-04-29,AMZN,평상(모멘텀),2015~2020,-0.008521153725360107,-0.019106863859827627,-0.016245479675307112,0.035558099516556085,0.037463997011215645,0.004341346834561888,0.010042700221278636,0.14607971850733614,0.09747430140516178,0.034407069090538166,0.2730693915647313,0.08842859303541606
2015-04-29,MSFT,평상(모멘텀),2015~2020,-0.028531374364678008,-0.03911708449914553,-0.036255700314625015,0.06403245093667698,0.06593834843133653,-0.0091464485683177,-0.0034450951816009517,0.20019500736599882,0.15290812912806473,0.0255607397908701,0.10298945434894313,0.08842859303541606
2015-04-29,NFLX,평상(모멘텀),2015~2020,0.11117400638098518,0.10058829624651766,0.10344968043103818,0.002354981362712172,0.00426087885737173,-0.0032391948466993226,0.0024621585400174256,0.33246555444680603,0.004674814736374877,0.04290877600361445,0.326841412828093,0.08842859303541606
2015-04-29,MAT,평상(모멘텀),2015~2020,-0.07891118041388068,-0.0894968905483482,-0.08663550636382768,0.032155942674372495,0.034061840169032055,0.0037185934899346407,0.009419946876651389,0.26357625304055454,0.051432780350119556,0.025776504516015014,-0.032059423915995366,0.08842859303541606
2015-04-29,STX,평상(모멘텀),2015~2020,-0.03294396872947247,-0.04352967886393999,-0.04066829467941948,0.011700032142066163,0.013605929636725722,-0.02063727521235459,-0.01493592182563784,0.11152983170214203,0.010100844223704941,0.014735609991558185,-0.00444354548295256,0.08842859303541606
2015-04-29,VIP,평상(모멘텀),2015~2020,-0.14992901547741044,-0.16051472561187796,-0.15765334142735746,0.0450529952999148,0.04695889279457436,0.00033072964731228893,0.006032083034029037,0.09493665541874319,0.017647013012376256,0.03341722456321463,-0.15613874934110505,0.08842859303541606
2015-04-30,VOD,평상(모멘텀),2015~2020,0.10680662256796603,0.08551195189910943,0.09017601173670267,0.0004875314086743021,-0.011380860367324453,-0.029774703599681374,-0.02906950035799713,0.08996297818087595,0.04152015258286035,0.00631398980731995,0.059809297881302514,0.07151811701991728
2015-05-01,BKNG,평상(모멘텀),2015~2020,-0.0763951045530642,-0.08594845693118214,-0.08358296670908087,0.03265403770810904,0.03324386025641081,0.019342452682781675,0.02447508540444046,0.07673114223978161,0.013684664730659213,0.008983769723438693,0.06605304726746253,0.043767684269992335
2015-05-04,LRCX,평상(모멘텀),2015~2020,0.08110563431722628,0.0752429172307425,0.08018195711946606,0.0012773701236878932,0.004164426636671553,-0.014246920145165265,-0.01146847961063772,0.09159020741459556,0.00690997839547669,0.02212435243658493,0.019292353839561738,0.06108685950682813
2015-05-06,TSLA,평상(모멘텀),2015~2020,0.06522211789318821,0.040727618171457536,0.04878935815591858,-0.018635431262214674,-0.03635350018303443,0.019994884714872097,0.01814647353619219,0.14612542541439955,0.010716795644214017,0.019940148633499938,0.025563570354318443,0.04273436472506775
2015-05-28,AVGO,평상(모멘텀),2015~2020,-0.02136102013580521,-0.016587648701623436,-0.01785062352046439,0.0400977409278398,0.045799094314556546,-0.015157889714673356,-0.0019724813680057508,0.20468349096543692,0.09284078638489057,0.025865089854582128,0.3826340097163716,0.014055220586745687
2015-05-28,NFLX,평상(모멘텀),2015~2020,0.05815489418575703,0.0629282656199388,0.06166529080109785,0.0032497213272757453,0.008951074713992493,-0.0020474860791850347,0.01113792226748257,0.11711013587734587,0.02030881703374221,0.014503256121276538,0.42989718809950306,0.014055220586745687
2015-05-28,NXPI,평상(모멘텀),2015~2020,-0.07565323095608978,-0.070879859521908,-0.07214283434074896,0.04204779170603912,0.047749145092755865,-0.025328908193987587,-0.012143499847319982,0.15059251793122685,0.07705040472992497,0.019502864781504443,0.3583516731940337,0.014055220586745687
2015-05-28,REGN,평상(모멘텀),2015~2020,0.01190286694711218,0.01667623838129395,0.015413263562453,0.004281538620929393,0.00998289200764614,-0.01298494882833523,0.00020045951833237534,0.10513805762016704,0.02225534872065693,0.015561005928491922,0.25545459135059323,0.014055220586745687
2015-05-28,ILMN,평상(모멘텀),2015~2020,0.04775552883487544,0.05252890026905721,0.05126592545021626,0.010455092015268397,0.016156445401985145,-0.00408784080115665,0.009097567545510955,0.13607767777932422,0.03626194669169314,0.012272444780500902,0.1283332804136852,0.014055220586745687
2015-05-28,LBTYA,평상(모멘텀),2015~2020,-0.027654374734868536,-0.022881003300686764,-0.024143978119527718,0.043794049843635996,0.049495403230352744,-0.019722808184735152,-0.006537399838067547,0.112421495885066,0.10111082947811179,0.015845174391955447,0.21054545591050378,0.014055220586745687
2015-05-29,GILD,평상(모멘텀),2015~2020,0.06625455149986537,0.07157151813741869,0.07184410302372192,-0.006856252388779294,-0.006151049147095049,-0.016063202674828414,-0.01017626380976512,0.10291237791304875,0.024326163475660856,0.016179087123278868,0.09259309947159755,0.017242468746649697
2015-06-02,VOD,평상(모멘텀),2015~2020,-0.027873978411396383,-0.0030052484814738767,0.0004253234772469694,0.019412147910026878,0.022190588444554425,0.005238825453936835,-0.011693157418471,0.11107909365140878,-0.010201458102146899,0.013974882031719366,0.13926947038896165,0.015675897931292537
2015-06-04,LRCX,평상(모멘텀),2015~2020,0.004753232742860327,0.016707610361423875,0.02047049320911977,0.006892308175712181,0.005043896997032277,-0.027348075146792383,-0.0366278728532787,0.10476183533945282,0.01040386764343637,0.010910972470905526,0.08589117404895741,0.024217055382037556
2015-06-25,DLTR,평상(모멘텀),2015~2020,-0.025987078388473916,-0.03559280673507548,-0.010622444448855342,0.00905343730900321,0.022238845655670816,0.010205396166979686,-0.0005502110162735815,0.05541005449110914,0.010662298809653636,0.011455769611180618,0.13294250873754598,0.03234909923835905
2015-06-25,META,평상(모멘텀),2015~2020,0.09995479424049569,0.09034906589389413,0.11531942818011427,0.03226577037861644,0.04545117872528405,-0.028085133874218515,-0.03884074105747178,0.10316576346727668,0.08644095914795602,0.014204934970481585,0.1314398850588463,0.03234909923835905
2015-06-25,NFLX,평상(모멘텀),2015~2020,0.15026418098010796,0.1406584526335064,0.16562881491972653,0.00205168687950974,0.015237095226177345,0.016953297686529645,0.006197690503276378,0.07887135536441359,0.028352842203742235,0.014640443506581922,0.4820440877494312,0.03234909923835905
2015-06-25,TSLA,평상(모멘텀),2015~2020,-0.0145748132681901,-0.024180541614791662,0.0007898206714284754,0.022941230088462605,0.03612663843513021,-0.005926155640516795,-0.016681762823770062,0.07169705508767321,0.01827886190589778,0.014083460702385486,0.1686254354976655,0.03234909923835905
2015-06-25,FISV,평상(모멘텀),2015~2020,0.011077293193560546,0.0014715648469589854,0.02644192713317912,0.016173415267196622,0.02935882361386423,0.014259712600064312,0.0035041054168110444,0.0522406695280202,0.05029037043712847,0.011706884492186738,0.14833906103487782,0.03234909923835905
2015-06-25,SBAC,평상(모멘텀),2015~2020,-0.018474203794486388,-0.02807993214108795,-0.0031095698548678132,0.01916421796037615,0.03234962630704376,0.0031175804206551305,-0.0076380267625981366,0.05588074223911366,0.011814393787778599,0.01246621909908531,0.030132007739884337,0.03234909923835905
2015-06-25,TRIP,평상(모멘텀),2015~2020,-0.08480402609885529,-0.09440975444545685,-0.06943939215923671,0.027825331475743953,0.04101073982241156,0.04588764403473644,0.035132036851483174,0.13350322971060535,0.015174023509439305,0.035232465372379326,0.10638615792759709,0.03234909923835905
2015-06-26,GILD,평상(모멘텀),2015~2020,-0.07697918213022237,-0.08474186872907774,-0.060527542179555034,0.01632544155122173,0.022212380416285024,0.05492934273343475,0.034595658461467144,0.06925593376446204,-0.008084939058429663,0.010641880975392443,0.15256608657537352,0.041608842962179704
2015-06-30,MNST,평상(모멘텀),2015~2020,0.12708520870311157,0.08504508327338511,0.10549024873187761,-0.008818600024665946,-0.02575058289707378,-0.026666893263810443,-0.03124783636195385,0.05677446688727539,0.006666719243767494,0.016357434379389746,0.13090249914220764,0.01479615548396529
2015-07-02,ILMN,평상(모멘텀),2015~2020,-0.0054989401395342235,-0.040578194329952355,-0.023700422929069966,-0.00638546346811264,-0.01566526117459896,-0.005936615895724917,-0.0050641390344759365,0.05634005335249115,0.002316392102280629,0.01050665838054417,0.15720180988652532,0.019601365723557862
2015-07-24,AMZN,평상(모멘텀),2015~2020,-0.06801568996142793,0.01099919985368314,-0.006539204470801557,0.05126392067536756,0.04089556519566241,0.03672044494799276,0.006954052614637669,0.09377549462823742,0.014090985198432326,0.014020456187226131,0.3069117290766932,0.01939198723775104
2015-07-24,GOOG,평상(모멘텀),2015~2020,-0.019768801539640002,0.059246088275471065,0.04170768395098637,0.0046885321598593155,-0.005679823319845827,0.029830329747564166,6.393741420907678e-05,0.19790253575158068,0.11111485225130524,0.038941714942459335,0.1961823755537737,0.01939198723775104
2015-07-24,GOOGL,평상(모멘텀),2015~2020,-0.01840289150866936,0.060611998306441706,0.04307359398195701,0.007676607784599554,-0.002691747695105589,0.02715130992159054,-0.0026150824117645508,0.20795967777574997,0.12122377965167597,0.03902655183960342,0.22771777922932146,0.01939198723775104
2015-07-24,ISRG,평상(모멘텀),2015~2020,-0.073857612597923,0.005157277217188061,-0.012381127107296636,0.04800505732596916,0.03763670184626401,0.020677131558784367,-0.009089260774570722,0.13148539778519353,0.13711960615939267,0.022457020459015743,0.10416163979061643,0.01939198723775104
2015-07-24,NFLX,평상(모멘텀),2015~2020,-0.05120432651003526,0.02781056330507581,0.010272158980591112,-0.016670674774443173,-0.027039030254148316,0.09692831213378517,0.06716191980043007,0.13570379207948258,-0.049304903117776244,0.04451583897543019,0.5971370755469503,0.01939198723775104
2015-07-24,EBAY,평상(모멘텀),2015~2020,-0.08914141862923408,-0.010126528814123015,-0.02766493313860771,0.00857141425238761,-0.0017969412273175327,0.053365884024010324,0.023599491690655235,0.09640791944627058,0.029877945301581166,0.014292289482332488,0.1801213714241332,0.01939198723775104
2015-07-24,LILAK,평상(모멘텀),2015~2020,-0.20129609566592488,-0.12228120585081381,-0.1398196101752985,0.017652710884134892,0.007284355404429749,-0.0037938214931629854,-0.033560213826518075,0.22184217885555224,0.01931944950484321,0.20609065933616208,,0.01939198723775104
2015-07-27,META,평상(모멘텀),2015~2020,-0.13027853735995476,-0.023954086484458736,-0.04094444515618022,-0.0037281191786547874,-0.023858476513069545,0.10004119172117476,0.03272052092472866,0.1019547942404957,0.02084865838267813,0.017437088634619295,0.21335976779767774,0.015422883894230521
2015-07-29,AMGN,평상(모멘텀),2015~2020,-0.09982339758874492,-0.02081170030307744,-0.02588183434677352,0.017669356870750663,0.0126977236309656,0.017921513270176215,-0.009506291950016475,0.13944579700788928,0.05522258931793922,0.018228534703036984,0.0952830090656005,0.018122088298249794
2015-07-31,MNST,평상(모멘텀),2015~2020,-0.08744440380899343,-0.030831824739718905,-0.03269101726403724,0.035953351560307656,0.0371185420501693,-0.010698467397172506,-0.004234015803473454,0.13144990520973354,0.02457424825767096,0.011060484249877062,0.2242389963334539,0.042908361738215994
2015-08-21,COST,하락(저변동성),2015~2020,0.028361697566932076,-0.004721678683604624,0.015920268365892644,-0.019016440584206817,-0.049975972567512614,-0.0007879223637254906,0.012872515922999156,-0.010267634611982879,-0.010739226927010015,0.006056839195290793,0.0129709831388658,-0.03539992294581151
2015-08-21,DLTR,하락(저변동성),2015~2020,-0.11332940628520227,-0.14641278253573897,-0.1257708354862417,0.010105122954009893,-0.020854409029295903,-0.0023511075981857976,0.011309330688538849,0.027351731187091444,0.03944129510079031,0.00835983391882738,0.06315083278968503,-0.03539992294581151
2015-08-21,ISRG,하락(저변동성),2015~2020,-0.005748750659174349,-0.03883212690971105,-0.01819017986021378,-0.0202582490774591,-0.0512177810607649,-0.023051276373012852,-0.009390838086288206,-0.07713566535667549,-0.02585863534098265,0.009426852870173575,0.008588056144524625,-0.03539992294581151
2015-08-21,PAYX,하락(저변동성),2015~2020,0.019011695138827056,-0.014071681111709644,0.006570265937787626,-0.009824647685637955,-0.04078417966894375,-0.006676123448558502,0.006984314838166144,0.023133190685386218,-0.017245040229337816,0.009288949213083469,-0.003443261141292564,-0.03539992294581151
2015-08-21,QCOM,하락(저변동성),2015~2020,-0.0499389656121485,-0.0830223418626852,-0.06238039481318793,-0.02264124014921165,-0.053600772132517446,-0.002643760183583921,0.011016678103140725,-0.02638373522593107,-0.03030761609414334,0.009956518918211046,-0.11891554724048503,-0.03539992294581151
2015-08-24,ILMN,하락(저변동성),2015~2020,0.004883222346952156,-0.05342906267890846,-0.026535762080507695,-0.046191558299080615,-0.11415340510319172,-0.031426240702846275,-0.0378102978776194,-0.09565806855315306,-0.03902533535524644,0.010551332690217538,0.004915768606863047,-0.07460658979320989
2015-08-26,KHC,하락(저변동성),2015~2020,-0.015394661747888947,-0.025229716975764815,-0.007690529598220072,0.006406301372812173,-0.02029436972740706,0.004029293322888705,-0.008442101506141747,-0.10354956336024623,-0.06623253687263031,0.0108324620479083,,-0.11179716673025042
2015-08-28,SIRI,하락(저변동성),2015~2020,-0.030720066246575528,0.021403667037671603,0.038233990518090094,0.005500398438867515,0.012265351683680325,0.02931351790571357,-0.022191116051299843,-0.045339942590061466,-0.00263158993003465,0.01441966058131427,0.005945477573567004,-0.0431517889850922
2015-09-01,GRMN,하락(저변동성),2015~2020,-0.013398742866582046,-0.022675501077759508,-0.0045116946187036995,-0.018656808607724673,-0.04939836160990113,0.009967125731765725,-0.01892599047726883,-0.09264149079109196,0.01621195714622914,0.01452156081847581,-0.2080245499728841,-0.04525380114152844
2015-09-21,CHTR,하락(저변동성),2015~2020,-0.04410798170388819,-0.0731523011338594,-0.062382984657737756,0.05184681223744514,0.06550725052416978,-0.005620410996671099,-0.00965452101565659,0.04733497666884956,0.03762538658839687,0.017798998240495308,0.08030792892284921,-0.04436640366935052
2015-09-21,ISRG,하락(저변동성),2015~2020,-0.05448145445812713,-0.08352577388809834,-0.0727564574119767,0.02359517527944921,0.03725561356617386,0.002908267577934831,-0.0011258424410506606,-0.005367364094843952,-0.007451962796151679,0.0151990369932926,0.0035305677703361127,-0.04436640366935052
2015-09-21,MNST,하락(저변동성),2015~2020,-0.020781459827380777,-0.04982577925735199,-0.039056462781230344,0.006767253536661411,0.02042769182338606,0.027878849732890787,0.023844739713905296,-0.06915626574700284,0.013783247511985453,0.017506414630501663,0.027814020907732218,-0.04436640366935052
2015-09-21,VRSK,하락(저변동성),2015~2020,0.06932240267208334,0.04027808324211213,0.05104739971823377,-0.0015290422291202033,0.012131396057604443,-0.011807344843016265,-0.015841454862001756,-0.031316260023392495,-0.011777813336774856,0.017088119820954498,0.027601456347919662,-0.04436640366935052
2015-09-21,CHKP,하락(저변동성),2015~2020,-0.002,-0.031044319429971212,-0.020275002953849562,0.014658748442556213,0.02831918672928086,0.008981434061704041,0.0049473240427185495,0.00012519885225792393,0.009093220736651864,0.016606098857166005,-0.01896080498603281,-0.04436640366935052
2015-09-22,ESRX,하락(저변동성),2015~2020,0.049684565939861036,0.01129518001626617,0.016738842268249933,-0.0003794194831036046,-0.006763476657876729,-0.02440273763657086,-0.036515070112581566,-0.014149239273508196,-0.006299010971493768,0.01599799224542957,-0.02847809654971789,-0.039406180324882634
2015-09-24,TSLA,평상(모멘텀),2015~2020,-0.19734806468835053,-0.2541690995475585,-0.25618904851959445,0.0477163318766376,0.035244937047607144,0.026094646253993048,0.02647431472420755,0.18647451189152053,-0.004537707790993606,0.024958293612265602,0.13483497462834482,-0.024279334588929724
2015-09-28,SIRI,하락(저변동성),2015~2020,0.09477386433052226,-0.03374659645039779,-0.01714645890919636,-0.02847870682331677,-0.07998334078033018,-0.010737561737157453,-0.0014725581806634205,0.002638533468139359,-0.005235874122636597,0.00950179320029806,0.0012120647693727449,-0.04616823849641438
2015-09-30,COST,하락(저변동성),2015~2020,0.08923607092408381,-0.029757680076609727,-0.0040562233188553565,-0.01383410329121848,-0.04272721950025303,-0.01088823334963307,-0.0013313702542272158,0.026204672902192527,0.00750103387162504,0.010797157512696689,0.006617774591994863,-0.07588047670700515
2015-10-19,ADP,하락(저변동성),2015~2020,-0.010934721760941788,-0.03410791149091297,-0.021559631978618744,0.006826481987357802,0.002793325389494108,0.002256511036820452,-0.01680826076145752,0.09720299703064517,0.01701047583994386,0.009471030236691848,0.044969880571545495,-0.035675868574403746
2015-10-19,MSFT,하락(저변동성),2015~2020,0.1271470477009662,0.10397385797099501,0.11652213748328923,-0.03331127056847083,-0.03734442716633452,0.006548065052368823,-0.01251670674590915,0.0926865639824137,0.008490977042778569,0.010081696848601118,0.06978948887754588,-0.035675868574403746
2015-10-19,CHKP,하락(저변동성),2015~2020,0.00842317912217361,-0.014750010607797568,-0.0022017310955033485,-0.008901485952569899,-0.012934642550433592,0.02681238964982735,0.007747617851549378,0.012515644316678953,0.01786610605145933,0.011396366980291502,-0.008873564795707334,-0.035675868574403746
2015-10-19,CHRW,하락(저변동성),2015~2020,-0.06444812393935151,-0.08762131366932269,-0.07507303415702847,0.011794125112798426,0.007760968514934732,0.014128243807433716,-0.004936527990844257,0.06186221370578937,0.0005580341834856561,0.011238907261173634,0.05317533605678437,-0.035675868574403746
2015-10-19,EXPD,하락(저변동성),2015~2020,-0.033006264724029566,-0.05617945445400074,-0.04363117494170653,-0.0026127350534022042,-0.006645891651265898,0.016499410555980587,-0.0025653612422973857,0.07000670369849615,0.000200344487304438,0.011632021541704134,0.06833879751290173,-0.035675868574403746
2015-10-20,TRIP,평상(모멘텀),2015~2020,-0.07475960157660211,-0.10351905779111492,-0.09217770855724977,0.07199332399997393,0.0596151753118396,0.04183427612583679,0.02409319069165446,0.2304768476769261,0.2468879562540287,0.059763776064000164,0.07705888811592398,-0.02091124717067372
2015-10-22,ESRX,하락(저변동성),2015~2020,0.008521164487859114,-0.025261301293192817,-0.004322596694328183,-0.03387168140841634,-0.033803714658536335,0.026938190441616605,0.02375897823948252,0.03541412773309549,0.035662839388050704,0.011102140993580326,0.0029932827927001693,-0.03217161449441186
2015-10-26,KLAC,평상(모멘텀),2015~2020,0.026981154078835612,0.01749262811067931,0.026619751156039807,0.05928031556978475,0.0685080660434111,0.0023368500075831022,0.0007605060530416388,0.3443739997041779,0.23371758981359414,0.04272748873005824,0.1548085683710403,0.005545178166880271
2015-10-28,BIDU,평상(모멘텀),2015~2020,0.16758392780913978,0.16880228791355512,0.16683845989212484,-0.00982435928006431,0.0004844368378419412,0.01462314278804655,0.01912280458434277,0.2720223143614373,0.13478227916959762,0.028035393591972668,-0.08042888495694833,0.012830593440930516
2015-11-12,AMZN,평상(모멘텀),2015~2020,-0.04023615177727302,-0.029041795964536266,-0.03343316635945028,0.017177061535633253,0.0009597870865179492,0.04163831711065069,0.020349211154112076,0.23570645589338257,0.050393878867666775,0.01764781535101118,0.45689499301872205,0.020886979033577058
2015-11-16,ADSK,평상(모멘텀),2015~2020,0.0006259617037702742,-0.006352479022370792,-0.00562938409649574,-0.013872508650526472,-0.03286535258077937,0.02086695806732508,0.011482865382651686,0.16160645079663682,-0.053694430930243287,0.026337054638027373,0.09831710977785035,0.026683418059034292
2015-11-16,LRCX,평상(모멘텀),2015~2020,0.034557093800872574,0.027578653074731507,0.028301748000606558,0.0021948752936900018,-0.0167979686365629,-0.010525010397667844,-0.01990910308234124,0.10676603382135208,-0.01729513289114093,0.012636754191681131,0.0008125243613310573,0.026683418059034292
2015-11-16,MNST,평상(모멘텀),2015~2020,0.03265106580519239,0.025672625079051326,0.026395720004926376,-0.0010966213349931087,-0.02008946526524601,-0.0071656383206440966,-0.01654973100531749,0.10948963156599922,-0.02336265856358377,0.03548525748858405,0.07890419482295985,0.026683418059034292
2015-11-16,MSFT,평상(모멘텀),2015~2020,0.031514301812672674,0.024535861086531607,0.025258956012406658,-0.006505466832354534,-0.025498310762607435,0.0034767642151489753,-0.005907328469524419,0.11218708881873085,-0.037872970338860834,0.02526123330777223,0.1690302645485955,0.026683418059034292
2015-11-16,EBAY,평상(모멘텀),2015~2020,-0.007969128215658981,-0.014947568941800047,-0.014224474015924995,-0.015522243479255349,-0.03451508740950825,-0.001984929781474687,-0.011369022466148081,0.14826905101090593,-0.04115635919133165,0.03269761380801939,0.09627174216129264,0.026683418059034292
2015-11-17,ILMN,평상(모멘텀),2015~2020,0.07547289913783772,0.05384693968774146,0.05566432534897468,0.027841105405728817,0.010392754712071246,-0.01837303946342206,-0.011296291311989021,0.153444594140838,0.10025223866635535,0.025909563856643735,-0.12070541740923457,0.08772373318827387
2015-11-19,NFLX,평상(모멘텀),2015~2020,-0.020299805465358034,0.009884824387076718,0.0033789512205052753,0.009040786717727345,0.006059532640448638,0.01073667613953444,-0.009449677370170467,0.23142101958264583,0.06884631013984932,0.030562879845285593,0.31381703439821496,0.15863274395537208
2015-11-23,VRTX,평상(모멘텀),2015~2020,-0.0741898549175023,-0.05589378755986485,-0.06751045085491818,0.04572346218686185,0.044145583095348294,-0.011107474415425478,-0.006797018918525196,0.14147066465519798,0.06095083148307867,0.026231315132959857,0.05010249983704451,0.083596555176217
2015-11-25,BIDU,평상(모멘텀),2015~2020,-0.040999059747080624,-0.030275509273300805,-0.03732659492090947,-0.014412388374923313,-0.010008678064950762,-0.017421576468756972,0.003033226774458466,0.18100771373648206,0.043184473509764176,0.030951326295254333,0.1003120480155959,0.09236698597495652
2015-12-11,AVGO,평상(모멘텀),2015~2020,-0.0996303858296772,-0.05470759888739862,-0.04974569940866334,0.012317747621350073,-0.008971358335188542,0.007121749841878966,0.0043430848328043885,0.2282615308210525,0.017612995394231667,0.025182383779557043,0.1555064945250073,0.05916957422322455
2015-12-15,DLTR,평상(모멘텀),2015~2020,-0.023205061640854563,0.047348902892738076,0.05444769939941248,0.0013687112859683825,-0.008015381398705012,0.0270051397750537,0.01701853003556708,0.24915608789759225,-0.009432732856035075,0.02099396777457015,0.03313378652849441,0.05696306095865
2015-12-15,NVDA,평상(모멘텀),2015~2020,-0.13242162071570973,-0.06186765618211709,-0.05476885967544269,0.00043324766176011664,-0.008950845022913278,0.03282034922070953,0.022833739481222914,0.09710322152483775,-0.016309164569569434,0.016802224558810266,0.37946842309121,0.05696306095865
2015-12-15,ROST,평상(모멘텀),2015~2020,-0.0252987674882863,0.04525519704530634,0.05235399355198074,0.0016886297953606633,-0.007695462889312731,0.013883644529532946,0.0038970347900463293,0.21688976652358183,0.010962225453633456,0.025091074110107317,0.07544794983426395,0.05696306095865
2015-12-15,JD,평상(모멘텀),2015~2020,-0.11156306450911335,-0.04100909997552071,-0.03391030346884631,-0.012882616195018959,-0.022266708879692353,-0.008992026655882834,-0.018978636395369453,0.15289726757198818,-0.05195194288856486,0.02406265356204526,0.011644333256462636,0.05696306095865
2015-12-15,MAT,평상(모멘텀),2015~2020,-0.03116197793843345,0.03939198659515919,0.04649078310183359,0.02724802468686205,0.017863932002188655,0.013525263534996723,0.0035386537955101067,0.1851621907888148,0.05126213079583586,0.01990583122225247,0.13323576657924718,0.05696306095865
2015-12-16,INTC,평상(모멘텀),2015~2020,-0.15894043577496175,-0.046715494109923705,-0.0409014491199538,0.015632323351010946,0.022709071502443983,0.05285152246718261,0.017226178184434573,0.0959502306193023,0.012374206883782435,0.013744379371666546,0.13044222230037894,0.06023809303956562
2015-12-18,ISRG,평상(모멘텀),2015~2020,0.03615196489261607,0.11999793172155182,0.13243879184645346,-0.005415456294859178,-0.025601809804564085,-0.013908083023825735,-0.04586569613387109,0.0625000211463973,0.024769961883630787,0.012901453373901944,0.06959151767300731,0.07595836881493301
2015-12-22,ULTA,평상(모멘텀),2015~2020,-0.03633268620937302,0.03546315079286688,0.053985155450539835,0.007742680089976917,0.010802864269231166,-0.017078505772798125,-0.012656523096899566,0.09371891092101037,0.005120255693694009,0.030254924503196973,0.1521223068867501,0.07948644216753342
2015-12-24,BMRN,평상(모멘텀),2015~2020,-0.18907479315430498,-0.1049434346329402,-0.08827607015645901,0.04482225277724283,0.06382149960122215,-0.08566337072553243,-0.07437960797639326,0.07893653732529038,0.03745941984946288,0.023953199885945776,-0.12917393870784932,0.1325424125245045
2016-01-12,TMUS,평상(모멘텀),2015~2020,-0.139044642977861,-0.05425832375763817,-0.04115465627599425,0.026027161855223024,0.02557359919277613,0.06545731060818949,0.012496060847645638,0.09190974862324008,0.018741748615271225,0.019294717546879562,0.04164062773895849,-0.014578165304725887
2016-01-14,CMCSA,하락(저변동성),2015~2020,0.02942617799669245,0.08881818418384069,0.09186199546535483,0.004379795650135243,-0.0044007085399639,0.011699143426495251,-0.024466910260597927,-0.06243135846202297,-0.030242455494395526,0.010626775642842114,-0.08873020040017898,-0.05756293470816232
2016-01-14,COST,하락(저변동성),2015~2020,-0.028942473306100558,0.03044953288104768,0.03349334416256182,-0.003046658413019876,-0.011827162603119019,0.0014099293953844239,-0.034756124291708754,-0.06005932632868338,-0.039949375295282086,0.012373418590048693,0.027825646454298747,-0.05756293470816232
2016-01-14,FISV,하락(저변동성),2015~2020,0.04337797339009741,0.10276997957724565,0.10581379085875979,-0.008658729328210546,-0.01743923351830969,0.02273762328770701,-0.013428430399386168,-0.07064110513286037,-0.026896799681588424,0.01166839623774082,-0.002027415071936156,-0.05756293470816232
2016-01-14,HSIC,하락(저변동성),2015~2020,0.0824416881450567,0.14183369433220494,0.1448775056137191,-0.019680830489774426,-0.02846133467987357,-0.0021774081927083966,-0.038343461879801574,-0.059362789461257726,-0.06186369419599913,0.012109688022345364,-0.0014250036915199882,-0.05756293470816232
2016-01-14,SIRI,하락(저변동성),2015~2020,-0.0718926839149504,-0.012500677727802167,-0.009456866446288029,-0.013760589218174801,-0.022541093408273944,0.02725016455852325,-0.008915889128569929,-0.0725000088605996,-0.04627256439502392,0.011300788845058321,-0.05206008019619923,-0.05756293470816232
2016-01-15,GEN,하락(저변동성),2015~2020,-0.011123422399079595,-0.002248926058347254,-0.006860652968573092,-0.010413428533706526,-0.04795083875553024,-0.0006020861015878509,-0.01010033135362417,0.014866630374936296,-0.0009755355037642799,0.011260997829854067,-0.05846470384022662,-0.04237934788662989
2016-01-20,ISRG,하락(저변동성),2015~2020,-0.023530600614843356,-0.02720792662004612,-0.04156617094916297,0.014104246048861846,-0.01756323332514402,0.005333918635084478,0.00853969726487544,0.03231489473142535,0.03133916040733742,0.010168624107230366,0.09435484100112035,-0.06037135758609269
2016-01-22,VRSK,하락(저변동성),2015~2020,-0.039390660400184796,-0.03270015836150053,-0.05255694980614417,-0.0041198701281395245,0.0003021125477590345,0.031138471863933592,0.049676194065803224,-0.07279163760534035,-0.02016951721794591,0.011535922388956687,-0.05603536035346757,-0.10412638213432202
2016-01-26,PCAR,하락(저변동성),2015~2020,0.07933713905475681,0.08717632576205736,0.06908000139952136,0.009921972395304346,0.021205735144443523,0.007882315161020115,0.01229796099812042,-0.0604316503667115,0.008828438961492546,0.013590112560853641,-0.18271108083646426,-0.09542536092762732
2016-02-10,ADP,하락(저변동성),2015~2020,0.05863983578452725,-0.022214310462863596,-0.05343180551339849,-0.025826329842594697,-0.07878757960313855,0.017311281292232472,0.0031690111352421207,0.027512185709931636,-0.018254965695978842,0.014895139569796816,-0.022182096899468706,-0.14861954247549058
2016-02-12,COST,하락(저변동성),2015~2020,0.025043992839885343,-0.06157548566053639,-0.08986014406520414,-0.0014079442933381259,-0.0375739979804313,-0.001728185533377835,0.002454820448098004,-0.0333454145931561,0.026294550012458062,0.013669928148621982,-0.007310001974388136,-0.11992522436432418
2016-02-12,DLTR,하락(저변동성),2015~2020,0.07416636277886002,-0.012453115721561714,-0.04073777412622946,-0.04803134461290015,-0.08419739829999333,-0.01809829934854379,-0.013915293367067951,-0.02715955167706674,-0.04225900536256788,0.016216769778270964,-0.014016326921785005,-0.11992522436432418
2016-02-12,KHC,하락(저변동성),2015~2020,0.07655951820693674,-0.010059960293484993,-0.03834461869815274,-0.027820232298205516,-0.0639862859852987,-0.001777093158251697,0.002405912823224142,0.00889725924165008,-0.036547581521492845,0.01603517162012398,,-0.11992522436432418
2016-02-12,KLAC,하락(저변동성),2015~2020,0.08845296748259424,0.0018334889821725042,-0.026451169422495244,-0.026271111028113747,-0.062437164715206925,0.002115240921723327,0.006298246903199166,-0.021395121538843376,-0.052122932035336356,0.015213977493233957,0.08566293025425908,-0.11992522436432418
2016-02-12,PAYX,하락(저변동성),2015~2020,0.08116267292129775,-0.00545680557912398,-0.03374146398379173,-0.009540769538117666,-0.045706823225210844,0.0019406893582634144,0.006123695339739253,0.038602044974154204,-0.004171912395464994,0.01446022060007629,-0.010973774279990578,-0.11992522436432418
2016-02-16,ESRX,하락(저변동성),2015~2020,0.01169256796967977,-0.05232518766853955,-0.0656413157483386,-0.00298070116075011,-0.01247894641278643,-0.0017722358916048009,-0.006907092717505959,-0.13120894746545342,-0.007370283416727408,0.017004481382207188,-0.2077237360795242,-0.1196547667010015
2016-02-18,INTC,하락(저변동성),2015~2020,0.08501554026378777,0.025092592790577184,0.01549406207062877,0.004438507498976785,0.007644286128767747,-0.0077876834511674264,-0.006983428150963128,-0.002369591865559406,0.022908671064735486,0.01613866444975151,-0.04784814369326473,-0.09763526541028067
2016-02-22,CHKP,하락(저변동성),2015~2020,0.009420270553854639,-0.03683297257034135,-0.05173687644732915,0.011723830478845843,0.030261552680715474,0.006680966855527437,0.01835088446665061,0.12163274071310504,0.047490652988399606,0.01605417194926387,0.0028613753438795353,-0.11144471077079687
2016-02-24,FISV,하락(저변동성),2015~2020,0.018551395098698187,-0.029512455542337612,-0.03402772222203904,0.022768499633485595,0.027109545180603163,-0.0004889344928828976,-0.006214263034797155,0.07797247663878815,0.03010073145962089,0.015936761312229524,0.09355040064406928,-0.10855120887357794
2016-03-10,ISRG,하락(저변동성),2015~2020,0.07830329216412668,0.0344588165746571,0.03955651262954142,-0.004594597671924494,-0.018734854769833185,-0.0036726639342067324,-0.008822312465025475,0.12593842416600243,-0.0015859104427888848,0.010071320433820034,0.1119408463255962,-0.07534268184364101
2016-03-14,CMCSA,하락(저변동성),2015~2020,0.044691936579957625,0.015220850439209954,0.026577311030320305,-0.003660727756910509,0.0008027768495856378,-0.004410774440941734,-0.008212997386187821,0.05567449947715586,-0.009708755176440986,0.010675947043044712,0.008331333757394033,-0.04558485282842761
2016-03-14,FAST,하락(저변동성),2015~2020,-0.036086586966993184,-0.06555767310774085,-0.0542012125166305,-0.013164438203303486,-0.008700933596807339,0.03215148464403339,0.028349261698787303,0.11544816187956086,0.013846619670617955,0.012068656961221178,0.17125391894236608,-0.04558485282842761
2016-03-14,PAYX,하락(저변동성),2015~2020,-0.0004903606625534778,-0.02996144680330115,-0.018604986212190797,-0.0019369303780910618,0.002526574228405085,0.0017579365336271024,-0.002044286411618985,0.10913304334833107,0.007036790312076269,0.011430501913349258,0.08875651402756124,-0.04558485282842761
2016-03-14,TXN,하락(저변동성),2015~2020,0.0488901955347012,0.019419109393953526,0.030775569985063877,-0.001923250504050067,0.00254025410244608,-0.0010673333085413628,-0.00486955625378745,0.11274352109807184,0.02131537832694108,0.012701293241482135,0.08080341209815867,-0.04558485282842761
2016-03-14,HSIC,하락(저변동성),2015~2020,-0.0015841318202727255,-0.031055217961020398,-0.019698757369910044,0.0012775469511372428,0.00574105155763339,0.013803000917601782,0.010000777972355695,0.07497938200977794,0.010597084246894983,0.01043983286875613,0.14353540183635016,-0.04558485282842761
2016-03-15,ADP,하락(저변동성),2015~2020,0.03143978761943278,-0.011527168186725278,-0.009532550781661847,0.0007358152030318976,-0.004258801989575767,-0.002622376714708663,0.008834106724233825,0.07431451984639903,0.02003006021868803,0.012533831908661466,0.06396167167962474,-0.05002903774396905
2016-03-17,CSCO,하락(저변동성),2015~2020,-0.0032362429378243168,-0.0357116871698544,-0.024849021109439623,0.013074231933508651,0.014821870840701166,0.005632609743134287,0.01009536410948519,0.05366600600757221,0.009778853966709633,0.010907230859996788,0.04666642999526793,-0.042177910120122286
2016-03-21,CHKP,하락(저변동성),2015~2020,0.06562759463565127,0.04075513897354299,0.061089518091424294,-0.0066366277653943095,0.005559207049784173,-0.040487945756151,-0.036624371540807846,0.01678719196588574,-0.000240923410438576,0.009326722451469203,0.022945427031877186,-0.03282931509894105
2016-03-23,SIRI,하락(저변동성),2015~2020,0.01872560341412388,-0.012674251273583792,0.0018196064767402424,-0.013868782274883973,-0.019420695667140313,-0.007372595321632369,-0.0009737989526182851,0.08587274802059053,0.005128226613471565,0.010384739125867687,0.014072919458658406,-0.04042947220826176
2016-04-08,TSLA,평상(모멘텀),2015~2020,-0.14252065194758246,-0.11017148710704339,-0.11378385721901556,0.0158682463699793,0.011031242465412613,0.04651128096986823,0.0361325832792843,0.23227291899036828,0.11938031465026921,0.024994913042977636,0.12871850106235505,0.044761994868176336
2016-04-12,ADBE,평상(모멘텀),2015~2020,0.031183456806698873,0.0520907439267666,0.045801288355390324,-0.014601536441840701,-0.01857191513047733,-0.00983754999751596,-0.003446273158834545,0.08081391800281623,-0.016402148695849883,0.012743134566098364,0.07988910913477132,0.06588140814261179
2016-04-12,AMGN,평상(모멘텀),2015~2020,-0.01057547744463183,0.0103318096754359,0.004042354104059618,0.0032292021281252747,-0.000741176560511354,-0.014312470597087734,-0.00792119375840632,0.08175964837154703,0.011185802316638016,0.014428043491911138,0.02046761687556753,0.06588140814261179
2016-04-12,NVDA,평상(모멘텀),2015~2020,0.0013486506461093412,0.02225593776617707,0.01596648219480079,-0.008562462750429156,-0.012532841439065785,0.074722624506536,0.08111390134521741,0.11359393476132862,0.0022347917899214753,0.011692882978752412,0.3100236071641851,0.06588140814261179
2016-04-12,NCLH,평상(모멘텀),2015~2020,-0.13253960459280212,-0.11163231747273439,-0.11792177304411067,0.022305070156604767,0.018334691467968137,0.02557151192459295,0.031962788763274366,0.09535502249360062,-0.020314799098659075,0.023089890571486086,-0.03368389363828994,0.06588140814261179
2016-04-12,TCOM,평상(모멘텀),2015~2020,-0.06259310396944007,-0.04168581684937234,-0.047975272420748616,0.01803832187994603,0.0140679431913094,-0.0018818481376479124,0.004509428701033502,0.12929548717685324,0.02906066366369142,0.0200994169444503,0.11994620833108272,0.06588140814261179
2016-04-13,INCY,평상(모멘텀),2015~2020,-0.11055842390309878,-0.06803321476813007,-0.0672497794175417,0.03971702860003745,0.05133288759327145,0.054004630717476854,0.0462918654865016,0.12162944304648415,0.05480578535907199,0.038787814189058904,-0.21774127988938574,0.05220486289462878
2016-04-15,ILMN,평상(모멘텀),2015~2020,-0.21347203465598363,-0.16578928440212504,-0.16973186226131637,0.10324671392066609,0.107709468287017,0.018401452495071302,0.0010274232006944467,0.15710458075338174,0.02633614555477015,0.024043772470028372,-0.02514359846609915,0.09827663286825139
2016-04-19,REGN,평상(모멘텀),2015~2020,-0.06821878561693284,-0.0209352200398103,-0.03096359657542881,0.02709769460634659,0.03277280508476078,-0.006199143570532195,-0.021321723683289842,0.1587609117992963,0.06623911318800624,0.036287615649005206,-0.14316445424407032,0.10300534709563647
2016-04-21,AMZN,평상(모멘텀),2015~2020,0.10500473953476175,0.15460387102036566,0.14176259444536524,0.004569095052807448,0.013139778026687997,0.008533713701489587,-0.012765601694853815,0.1293712426358573,0.029553387800823394,0.013144931036226742,0.10525531691608303,0.0819510819311855
2016-05-06,MNST,평상(모멘텀),2015~2020,0.04005759716410884,-0.004619624383291887,-0.015833899170843338,0.037546366662515096,0.02682133683265786,-0.012703734700071911,0.0035094154844982073,0.10601698523117253,0.14166155439314299,0.03213756258510687,0.049886359258387136,0.09161556491392897
2016-05-10,CHTR,평상(모멘텀),2015~2020,0.028440187402086314,0.0015004406715555252,-0.008636672423433453,0.0037688792989845066,0.010382887596486406,-0.0010374307504542601,0.01182131910570904,0.06537573872396996,-0.014085822144517701,0.016750218690560287,0.14864198971622344,0.09565597381469138
2016-05-10,KHC,평상(모멘텀),2015~2020,-0.006347331921391584,-0.033287078651922375,-0.04342419174691135,0.04677390082131949,0.053387909118821394,-0.004855255134879277,0.008003494721284024,0.081504005046237,0.05960737658005422,0.012675768788531416,0.13731791374363622,0.09565597381469138
2016-05-10,META,평상(모멘텀),2015~2020,-0.019510473320441313,-0.0464502200509721,-0.05658733314596108,0.02691787533313139,0.033531883630633294,-0.013707713856278558,-0.0008489640001152574,0.09404541811102018,0.005650685298293379,0.018890811238104134,0.16375478613346095,0.09565597381469138
2016-05-10,EXPE,평상(모멘텀),2015~2020,-0.04329569094443575,-0.07023543767496654,-0.08037255076995552,0.027144594594330718,0.03375860289183262,-0.011403916985786133,0.0014548328703771676,0.10435469294462085,-0.03364218247862938,0.022807281993552597,-0.02586302514144656,0.09565597381469138
2016-05-10,TSCO,평상(모멘텀),2015~2020,-0.006044841141575106,-0.0329845878721059,-0.043121700967094875,0.010789820455976207,0.017403828753478106,-0.0027797248542021924,0.010079025001961108,0.08139811580148537,-0.01600604570067754,0.014282051399889901,0.07207736233293494,0.09565597381469138
2016-05-11,TRIP,평상(모멘텀),2015~2020,0.05586512725461534,0.02108890151861842,0.008458469474607475,0.01744844219921271,0.010264670355458238,-0.03911247408676355,-0.03055638963652442,0.07584635250756055,0.004101412892789202,0.02127213427842457,-0.0768446721930528,0.09525553736888015
2016-05-13,MDLZ,평상(모멘텀),2015~2020,-0.006283294483991673,-0.028525133844234274,-0.0351471424509173,0.008487454847843301,-0.007871844560441248,0.004592856546516755,-0.007220605588598227,0.06380441971342155,0.021174773170456573,0.015150850827863029,0.04998654158664895,0.034223990282516104
2016-05-17,NTES,평상(모멘텀),2015~2020,0.00737125532915295,-0.012744071202489769,-0.015790904207687383,0.03269507867508881,0.01757249856233116,0.034017546707878266,0.02562373970081253,0.16256644033726975,0.16306891996406536,0.02169820879322223,0.12642120670668455,0.05196577039362782
2016-05-19,NVDA,평상(모멘텀),2015~2020,0.07357602302511879,0.059951016971923954,0.05436818799440988,0.03403374849267249,0.012734433096329087,0.000743898377304264,-0.009784643316560282,0.18957489520744808,0.202440519031575,0.037171703864413014,0.4588322967624794,0.04220738773862198
2016-06-06,MU,평상(모멘텀),2015~2020,-0.06934537284739761,-0.04439198679753831,-0.03964158265182903,0.04537469047141807,0.061587840655988185,0.08080458718664985,0.06281175568651519,0.2783302114130457,0.07615062549201279,0.026024930065224702,-0.03433145186636455,0.050442221725588876
2016-06-08,AMAT,평상(모멘텀),2015~2020,0.0004767848111388879,0.013981496824748365,0.016769381519668017,0.009543102677394666,0.02240185253355797,0.019839296680772334,0.009608024615562179,0.22051335649694614,-0.010237360300443976,0.032333026611737974,0.3310643411932579,0.03467805093636778
2016-06-08,STX,평상(모멘텀),2015~2020,-0.02344332505476776,-0.009938613041158284,-0.0071507283462386335,0.0525391518861964,0.0653979017423597,0.09343205269957355,0.0832007806343634,0.3069992422925265,0.09264204418736632,0.016374572121537773,-0.24879751945970519,0.03467805093636778
2016-06-08,WDC,평상(모멘텀),2015~2020,-0.023388093855616132,-0.009883381842006655,-0.007095497147087005,0.05027720302908323,0.06313595288524652,0.019868707931923524,0.00963743586671337,0.3457789981569739,0.06875790987730657,0.024885987762742718,-0.11339613879933785,0.03467805093636778
2016-06-09,ULTA,평상(모멘텀),2015~2020,0.043039844443123476,0.03956743174061983,0.03838934187956153,0.01826331075424692,0.02681939520448605,-0.008959208678148145,-0.004044193210163577,0.14927735967786493,0.01132333960412768,0.023394936473373627,0.32310236260220426,0.035101492661465006
2016-06-10,DLTR,평상(모멘텀),2015~2020,0.03664688581366904,0.015651792651609764,0.007057620658849528,0.0024091164871062887,-0.004492495186953281,-0.0034082035839040348,0.007102063599895134,0.1637353238172652,0.010104317826572062,0.033334615680454066,0.21631398993697393,0.03334261352582457
2016-06-13,AVGO,평상(모멘텀),2015~2020,-0.007747634744531216,-0.04275973258891119,-0.05554393309068748,0.01470577594450062,0.0038487457188603486,-0.012223694812668273,0.0042432099668849275,0.14024392725787482,-0.01070362169537975,0.0157883829298713,0.1827447781155902,0.012908043879455544
2016-06-15,LRCX,평상(모멘텀),2015~2020,0.06347021623381388,0.021066303171270118,0.009589355765460876,-0.00655449377803996,-0.014670844361623551,-0.00496329589218325,0.005358927036203923,0.11988780164794588,-0.012052766660643255,0.01459318260331016,0.10218465371629759,0.0031921606309044392
2016-06-15,GEN,평상(모멘텀),2015~2020,0.10068611832696672,0.05828220526442296,0.04680525785861372,0.0012946579803150282,-0.006821692603268563,-0.01660107662884347,-0.006278853700456296,0.11483790435089491,0.08685541085875625,0.013996908185312198,0.1364371571308094,0.0031921606309044392
2016-06-17,COST,평상(모멘텀),2015~2020,0.07253993367990552,0.016463346931560707,0.009446787502345663,0.0037899548536755034,-0.006634741777976728,-0.013378340513231834,-0.0057871638579096865,0.10708456038531411,0.01538429343057568,0.010387873692630669,0.031278769790908934,-0.0030174139212341133
2016-07-05,PAYX,평상(모멘텀),2015~2020,-0.014597575650180604,-0.0845312515414689,-0.08133680061292982,0.024594091616607194,0.006597749726121746,0.012356539299424707,0.004754737492063538,0.0864560177377538,0.08784787551153972,0.017176129150131236,0.15952710883573973,-0.008455282991653212
2016-07-07,ADP,평상(모멘텀),2015~2020,-0.05643898759826871,-0.12017368357624791,-0.11216343371505676,0.010504251464548364,0.0007237505515844365,0.028164477534645682,0.02079399728158347,0.08200135118849161,0.06255692777937405,0.014070658117552403,0.09857495210996037,-0.003142111899571587
2016-07-07,ORLY,평상(모멘텀),2015~2020,0.046786741432130796,-0.01694795454584841,-0.008937704684657252,0.007771520481900218,-0.0020089804310637095,-0.012525341286217517,-0.01989582153927973,0.06569855602314711,0.021920982514693987,0.006258539062899219,0.06577548855029658,-0.003142111899571587
2016-07-07,ROST,평상(모멘텀),2015~2020,0.08516378064840846,0.021429084670429255,0.029439334531620412,-0.007412210943315567,-0.017192711856279495,0.0009293019775842293,-0.006441178275477982,0.06788277758374917,0.02620179966250702,0.0076928781624642385,0.05892486897626137,-0.003142111899571587
2016-07-08,NTES,평상(모멘텀),2015~2020,0.08691108259249125,0.028865762522502614,0.03932781150502655,-0.01810161719378467,-0.012732144087099665,0.011258018241972811,0.012743799637662506,0.07790834862747387,0.03835096923837056,0.029097851792968244,0.2395480677667221,-0.008109349699008117
2016-07-11,BMRN,평상(모멘텀),2015~2020,0.11573338679679779,0.06522956209438968,0.07827047532819353,0.027811337873259623,0.038007991751166925,-0.032537892739673446,-0.035173840125850606,0.10308651037722738,0.17596393669681754,0.039789383648301785,0.008535988263648875,-0.005787479871231627
2016-07-12,NVDA,평상(모멘텀),2015~2020,0.11334082778785004,0.06568710821936197,0.08814466497791035,0.03555519306432453,0.052022097843877735,0.00742794141313019,0.002997477399427936,0.12597369084055976,0.1148737140439624,0.020430458373298602,0.5272204569846455,1.7581697538515684e-05
2016-07-14,AAL,평상(모멘텀),2015~2020,-0.02472477349016866,-0.0697199358146835,-0.04845903447627778,0.07906678261053446,0.08938900553892164,0.012285470738148119,0.010061106286228336,0.1347167482830105,0.21516760579077676,0.04614724965502961,-0.10799857754083064,-0.0007747425797559604
2016-07-14,STX,평상(모멘텀),2015~2020,0.0857011264816554,0.04070596415714056,0.06196686549554628,0.03879019241578674,0.04911241534417391,0.0046793643773686,0.002454999925448817,0.3106324206811697,0.268282352730004,0.06076437086697731,-0.012286676641043992,-0.0007747425797559604
2016-07-18,SBAC,평상(모멘텀),2015~2020,0.01575660510386978,-0.029146923606571562,-0.014146289724469435,0.010126628864087772,0.01771780551940992,-0.011100444463071013,-0.004458052267759225,0.1350784665953666,-0.0033215888697504248,0.01996843806313114,0.11420843293157201,0.010877830641110364
2016-08-02,EBAY,평상(모멘텀),2015~2020,0.029828531220029264,0.01779679838604009,0.007529912422280422,0.006491104937927261,-0.0014597129253657356,-0.005905602384776998,-0.005419936716668506,0.3141294494266922,0.01857873763872564,0.025019619334859078,0.2204672239841019,0.10362272492681979
2016-08-04,BIIB,평상(모멘텀),2015~2020,-0.029117239463062883,-0.0375766597005579,-0.050140583072792864,0.02971888749993612,0.02202013592946565,0.0056203775250791566,0.008089444936713253,0.29844836708202904,0.11440953541208465,0.02827692782518748,0.1827879069713101,0.0905503968748056
2016-08-04,REGN,평상(모멘텀),2015~2020,-0.0942933770307045,-0.10275279726819952,-0.1153167206404345,0.04020036295294327,0.0325016113824728,0.01871223688374446,0.021181304295378556,0.1878514302447185,0.06331152747412827,0.016051382966825043,0.009048930254800469,0.0905503968748056
2016-08-05,ILMN,평상(모멘텀),2015~2020,0.0062267620745881675,0.004655076947262417,-0.006927215014829662,0.007652877126250512,0.008802273223058,0.01591937981830971,0.021698687838954303,0.18277882499430786,-0.004566783326956925,0.026299509893961577,0.06024772999641104,0.07763900748254815
2016-08-08,MU,평상(모멘텀),2015~2020,0.1776116063683566,0.16825487453820154,0.15819014645866342,-0.012200003668738413,-0.015183143494650657,-0.014221198862166218,-0.004566694015253087,0.15055456753434715,0.05676854465413883,0.027826958330807713,0.15515877261019395,0.09864187977928185
2016-08-08,VRTX,평상(모멘텀),2015~2020,-0.06728742423840817,-0.07664415606856323,-0.08670888414810135,0.030273300455604835,0.02729016062969259,-0.003858037440437334,0.005796467406475797,0.1514163821867014,0.05597938458944096,0.015612126781191412,0.04889448242820582,0.09864187977928185
2016-08-09,QCOM,평상(모멘텀),2015~2020,0.01364658072507541,0.006117025748012319,-0.005812641591524224,-0.0005759466554460246,-0.004573918103470605,0.0019028442462645234,0.011977886233196785,0.13784153123758447,-0.004365519346730684,0.018889072613568633,0.1986710581797868,0.10176134111754176
2016-08-11,AAPL,평상(모멘텀),2015~2020,-0.046473182826468395,-0.021121910881533812,-0.03030464341333578,0.004595194731133345,0.0027228338771726627,0.060280071087034814,0.03688622567843057,0.12093578366354563,0.026420910151070398,0.01722335665098072,0.056764142635592485,0.09197854071847278
2016-08-11,MCHP,평상(모멘텀),2015~2020,-0.033303069616200554,-0.00795179767126597,-0.01713453020306794,0.027369039903825554,0.02549667904986487,0.04014092767156563,0.016747082262961382,0.1333331012139265,0.09072808131498089,0.021428111944385708,0.26288350911633307,0.09197854071847278
2016-08-15,NVDA,평상(모멘텀),2015~2020,-0.0496289378729694,-0.028028062609893767,-0.029035191301482705,0.043166035592302254,0.05002775167650529,0.04761097779475376,0.030028494877402587,0.1962051707446848,0.08316173605754362,0.016595861551520732,0.6733958512201528,0.10807405318922036
2016-08-30,NTAP,평상(모멘텀),2015~2020,0.004874907071525715,-0.015912360130506675,-0.006702547644875212,0.01861850702176171,0.019104172689870202,-0.001469403680709691,0.004651358525359832,0.3181988335795045,0.012100411997131522,0.03909731893310027,0.36542000974741673,0.06237536609264782
2016-09-01,ADSK,평상(모멘텀),2015~2020,0.0716232578634457,0.05244236198470764,0.05893713654871888,0.014586646420827964,0.01705571383246206,-0.017802030625488907,-0.009251850516956617,0.16307162447844137,0.06696222066716917,0.019746214083260674,0.17676126058142683,0.05715817098007436
2016-09-01,JD,평상(모멘텀),2015~2020,0.012780358921575809,-0.006400536957162249,9.423760684898475e-05,-0.01002980584487001,-0.007560738433235912,0.018635120527863647,0.02718530063639594,0.16935128311499192,-0.005868482923407914,0.02017873968169344,-0.011234890308827628,0.05715817098007436
2016-09-02,AMAT,평상(모멘텀),2015~2020,-0.005331215022242318,-0.01947860477907548,-0.01589348165867873,0.007884467069089185,0.013663775089733777,-0.014562533574418168,-0.0049143121226582626,0.15260810227771637,0.021585248066956053,0.019120452351891873,0.4223537587026165,0.05824632084897252
2016-09-06,CHTR,평상(모멘텀),2015~2020,-0.028431752323539006,-0.03463537353412216,-0.033960602124034435,0.04655750293567529,0.05621200778258842,-0.0008066960258978906,0.007069516968360376,0.1575877009958344,0.08313081926437227,0.02112899987738931,0.3180592320583977,0.06338797849683653
2016-09-06,MU,평상(모멘텀),2015~2020,0.04444343347775703,0.03823981226717388,0.038914583677261604,0.014426358982107645,0.024080863829020777,-0.021241287661024733,-0.013365074666766466,0.15013776052959105,0.011508055591525013,0.021455703318767918,0.3344253384020195,0.06338797849683653
2016-09-07,GEN,평상(모멘텀),2015~2020,0.016860342024836994,0.007362935639465107,0.007421160026418837,0.01862766895783552,0.02870271094476778,-0.018698685579020102,-0.006827727447004812,0.14285835916260425,0.028180670259307483,0.0098307804703553,0.37266697217968603,0.0825948996467909
2016-09-09,STX,평상(모멘텀),2015~2020,0.06636605582474875,0.027280631169191993,0.02915045314117129,0.019206074806335183,-0.004187770602269065,-0.03189686494607891,-0.02444741280903021,0.15710632031783822,0.07617040131228237,0.018438120923294443,0.2489431628801977,0.08567176063779547
2016-09-09,WDC,평상(모멘텀),2015~2020,0.14497942863104085,0.1058940039754841,0.10776382594746339,0.007345278045719272,-0.016048567362884975,-0.035176109410567924,-0.027726657273519226,0.23859178718561425,0.14570428347927566,0.029865357619236223,0.12537135914430975,0.08567176063779547
2016-09-13,NTES,평상(모멘텀),2015~2020,0.09714818202267606,0.07617354667633935,0.08498614600551704,0.002922068433738323,-0.014660414483612851,0.007208376284823181,-0.0036911034370714878,0.12156822727685879,0.07054158386625775,0.026410982991678593,0.3733405842254791,0.07694444533349776
2016-09-28,PYPL,평상(모멘텀),2015~2020,0.031194935974745874,0.03420608730019825,0.040701596155338346,0.016721521541086526,0.02284228374715605,-0.026380050514534292,-0.019657952518571303,0.10109946285192128,0.034517671187932475,0.01656549049843944,0.09577783092490755,0.09673568079219197
2016-09-30,NVDA,평상(모멘텀),2015~2020,0.02777191828141401,0.04215146352701871,0.04643280590390313,0.036551670676117975,0.04510185078465027,-0.008908179974167041,-0.009947014186790977,0.09879331941015668,0.03660408385574532,0.020376941659211698,0.5708431825152465,0.08855481631586781
2016-09-30,INCY,평상(모멘텀),2015~2020,-0.07793598040712602,-0.06355643516152132,-0.0592750927846369,0.0388937963951026,0.04744397650363489,0.03633872394587412,0.035299889733250184,0.1379778378784675,0.03383000320405527,0.019249084363169376,0.14275526548393813,0.08855481631586781
2016-10-03,NXPI,평상(모멘텀),2015~2020,-0.02885864057878007,-0.01542843017546136,-0.00981169350073716,0.08474542983890054,0.09439365129066045,-0.0038810711024912514,-0.005019145606861062,0.159863634806245,0.2158519826589267,0.043535433139220446,0.24400231349155965,0.09330926004191298
2016-10-04,AMZN,평상(모멘텀),2015~2020,-0.06029525938916913,-0.041254032805485785,-0.034605953654284954,0.01377642303426918,0.021652636028527447,0.0007705944656319907,-0.009411074697368757,0.08324271180695275,0.047024415857180424,0.01292707534930319,0.2445326179796492,0.07470033958081679
2016-10-04,ILMN,평상(모멘텀),2015~2020,-0.23221737043634993,-0.2131761438526666,-0.20652806470146576,0.07151663783821105,0.07939285083246932,-0.005844045176186752,-0.0160257143391875,0.08534847663275835,0.02106799690199268,0.015722239904642422,0.15639327513712864,0.07470033958081679
2016-10-05,WBD,평상(모멘텀),2015~2020,-0.09192415034646029,-0.06100008827890868,-0.05579829676170586,0.050341408066414406,0.062212366198429694,0.04172332937223322,0.0239752343919047,0.09206853136284732,0.039059489818613846,0.016975818616740766,0.03026689840040042,0.06691101223128615
2016-10-07,NCLH,평상(모멘텀),2015~2020,-0.03996149555973594,0.00198715667613536,-0.0012674222390624476,0.015273194057985773,0.02272264619503447,0.03402832207992712,0.005395405020166229,0.12325574638651715,0.03982775964245322,0.013445593428006782,-0.14457540508172517,0.06749133246430716
2016-10-07,SWKS,평상(모멘텀),2015~2020,-0.056176509888813064,-0.014227857652941767,-0.017482436568139574,0.03217072782383612,0.03962017996088482,0.020095426536270278,-0.008537490523490614,0.11073710177813978,0.08299147035324839,0.028324323274042794,0.1556304303833651,0.06749133246430716
2016-10-11,WDC,평상(모멘텀),2015~2020,0.009303503602803078,0.012827052118732587,0.00015631846391007086,0.004324564506644091,-0.006574915215250578,0.013697004688665748,0.013441897419091282,0.1425677068247908,0.006795686660158395,0.014534785763530301,0.26804360230995794,0.06622030363494691
2016-10-26,NFLX,평상(모멘텀),2015~2020,-0.07508809398751026,-0.07370349238871376,-0.10697063288720082,0.06138961207509497,0.06804200569562559,0.002520743310541862,0.013732161635516006,0.30328632030941205,0.06498866332574238,0.04557084292584176,0.30152045066339705,0.028471197706041895
2016-10-28,AAL,평상(모멘텀),2015~2020,0.16168889347717963,0.1509867367277562,0.1215200347866682,-0.007130664490229921,-0.008515161805138925,-0.00592923554113034,0.0037960866811069943,0.11418209845170968,-0.016753013561220498,0.01984702588577051,0.09850476282959009,0.021570130409653165
2016-10-28,AKAM,평상(모멘텀),2015~2020,-0.05549742951295411,-0.06619958626237754,-0.09566628820346554,0.10453147452471878,0.10314697720980978,-0.006260905655281479,0.003464416566955855,0.312917339418604,0.21293844727362776,0.033193834737522486,0.299967272594039,0.021570130409653165
2016-10-31,EXPE,평상(모멘텀),2015~2020,-0.03184177198686711,-0.04682529532831703,-0.0739368665163039,0.03117660209229678,0.029338487358106183,-0.008792881750441905,0.001508928985277446,0.12782725417692964,0.03182314125569996,0.013065082901294003,0.19377712119224744,0.013023241738848945
2016-11-01,TMUS,평상(모멘텀),2015~2020,0.09781765409824072,0.0886146606209286,0.05857054497558252,-0.013824438955155727,-0.02490021516839735,0.016645950652332875,0.014577700038979043,0.06079339611370571,-0.028521169425787862,0.024388195324532926,0.17502362118593173,0.0020996906158923245
2016-11-01,CHKP,평상(모멘텀),2015~2020,-0.011265904418833348,-0.020468897896145477,-0.050513013541491555,0.020472585599610182,0.009396809386368558,0.013586409840176117,0.011518159226822285,0.09011212957676373,0.07884665120865741,0.012572567971535891,0.05125747492411459,0.0020996906158923245
2016-11-02,MSFT,평상(모멘텀),2015~2020,0.0008592932778308544,-0.0006617725280726443,-0.023339650158679726,-0.0018318963443847425,-0.020176857287798125,0.02870804224899781,0.004165834049384299,0.04472375537186113,-0.019511423744441148,0.012096137856807033,0.1116539361026736,-0.0037202213906759596
2016-11-04,MAR,평상(모멘텀),2015~2020,0.16616936503087687,0.14091860077850527,0.12323413280430844,-0.02493367181785311,-0.05398776301105354,0.00240434592592198,-0.01327830394841674,0.02562551272610669,0.03466755455109194,0.008002903051310406,0.023533771029573325,-0.02180253671176391
2016-11-04,VRSK,평상(모멘텀),2015~2020,0.012065854554327295,-0.01318490969804431,-0.03086937767224114,-0.006400458649444829,-0.03545454984264526,0.0014127325726323026,-0.014269917301706417,0.033354376934978225,0.014277109010857103,0.007097221977257679,0.045968153448884275,-0.02180253671176391
2016-11-08,CTSH,평상(모멘텀),2015~2020,0.038262417617393574,0.028476610508062716,0.007803234803840483,0.03245078661569645,0.0315985849947507,-0.028779998019800246,-0.027906597626192884,0.08523293467436877,0.06621238744931524,0.014459626309884963,-0.04780944460145353,-0.006937703785716454
2016-11-23,NVDA,평상(모멘텀),2015~2020,0.13783187629842852,0.12124090010509003,0.13319079950247248,0.05198439146035194,0.06319580978532609,-0.04219079503048084,-0.04469571432440194,0.30304695162179507,0.08655267298965952,0.07163870057024987,0.8321258198543895,0.017271644385451923
2016-11-28,INCY,평상(모멘텀),2015~2020,-0.02710221009424696,-0.04950072577362008,-0.03981243686259253,0.010930593850733583,0.020655916072970917,0.0202960436001125,0.023669037920320612,0.23813355605097075,0.02065372091090123,0.03937066906589868,0.31569711308166193,0.02074390729405362
2016-11-28,TSCO,평상(모멘텀),2015~2020,0.019489473210203778,-0.002909042469169343,0.006779246441858202,0.002919455711135166,0.0126447779333725,-0.003359793939489597,1.320038071851411e-05,0.20643537650429233,0.01982005006919385,0.012439097315812976,-0.10613753063997822,0.02074390729405362
2016-11-29,FAST,평상(모멘텀),2015~2020,0.005870996182911094,-0.005021224458201743,0.005629457675736915,0.0006079577812041492,0.0109097685169235,0.004562809285652225,-0.0035973745454638065,0.1960777059638943,0.03482099353098289,0.01952554673809786,0.06644856796669041,0.015276127840250009
2016-11-30,DLTR,평상(모멘텀),2015~2020,-0.12473147543968544,-0.1470706917574286,-0.13420132026767556,0.023110883518404846,0.021042632905051015,0.031918453421213355,0.02080990555325522,0.18689602312145737,0.09366996591384824,0.01954883391980341,0.06271271189002814,0.015518599241744369
2016-12-01,STX,평상(모멘텀),2015~2020,0.01597666886426574,-0.011382283599661314,-0.004694747236577972,-0.03274124812066348,-0.057283456320276996,0.0065069868499987304,-0.016017012465796263,0.18955771342022643,0.029260417070091194,0.019171319348130267,0.32599009162263104,-0.003871967950939692
2016-12-05,CSX,평상(모멘텀),2015~2020,0.0007374302025449104,-0.03255372904921927,-0.03041494887136338,0.01617242786377915,0.0004897779894404292,0.020981921791756175,0.01630126006951024,0.17788517484758293,0.04198801988728551,0.017766202169229885,0.31177117977422664,-0.013453347796107407
2016-12-05,AAL,평상(모멘텀),2015~2020,0.019434987327874298,-0.013856171923889882,-0.011717391746033992,-0.02979967706674247,-0.04548232694108119,0.021066505432953297,0.01638584371070736,0.17064490841727076,-0.015378188032919682,0.014739573309591381,0.24809480104828374,-0.013453347796107407
2016-12-07,PCAR,평상(모멘텀),2015~2020,-0.01909632687659013,-0.051071194371299033,-0.04039296150009995,0.045234103777065826,0.046107504170673184,-0.0026885994451458783,-0.002014923448887651,0.1600800775811435,0.05157540875533595,0.017742721487791126,0.15246943883548703,0.005041297896710928
2016-12-12,MU,평상(모멘텀),2015~2020,0.13636175236275938,0.10027243424555388,0.10084116410480048,-0.016653557185616008,-0.0190854063102736,-0.015900822210835663,-0.010851020075231841,0.20659235477769688,0.09100593882915398,0.026787191263406108,0.4431083076572466,0.01576796231038813
2016-12-22,NVDA,평상(모멘텀),2015~2020,5.3917904345947634e-05,-0.03372329007009922,-0.043035291105766205,0.04404926869733261,0.041365312210455245,0.01156652571159933,0.014129750586949699,0.13175108499904642,0.0972526483013545,0.02419527395369962,0.8400610355416516,0.0168903008340906
2016-12-27,TSLA,평상(모멘텀),2015~2020,0.1482300332608748,0.10974489971241819,0.10684918178491835,0.02707294771921509,0.029758220042324313,-0.014811268120066057,-0.009297694695995007,0.0848716333240731,0.053582894674469195,0.02028449653277279,-0.0057062113021211225,0.021023958611494198
2016-12-27,WDC,평상(모멘텀),2015~2020,0.12430980030019079,0.08582466675173417,0.08292894882423434,0.009752130467844289,0.01243740279095351,-0.029887074727961038,-0.02437350130388999,0.14223083366325096,0.04718683273885449,0.024678008751563684,0.3971727613104872,0.021023958611494198
2016-12-28,NFLX,평상(모멘텀),2015~2020,0.12954342445371303,0.08046592036561417,0.07517473047235482,-0.009241686154233375,-0.017763495985427393,-0.022113021525552834,-0.01561525077659218,0.09766528812211805,0.02311677641206522,0.014782171100747435,0.24881783568245308,0.018481420036425167
2016-12-29,ADP,평상(모멘텀),2015~2020,-0.016306668930296864,-0.05921807336192675,-0.06662857016443674,0.01041369849216478,-0.0008656375346835915,-0.018086341755974344,-0.01883843602570698,0.06827594215618249,0.007035837654883359,0.008475956489299507,0.15099843814775515,0.012259028873492506
2016-12-30,MDLZ,평상(모멘텀),2015~2020,-0.00312840361755151,-0.055178090115299505,-0.062824404719489,-0.007854847989463232,-0.030328896159936655,0.00711951926028731,0.003848247795685921,0.09190029934658206,0.0035649132472344025,0.014389772206979732,0.04374442482526608,0.01210205386851837
2017-01-04,AVGO,평상(모멘텀),2015~2020,0.15036918704265134,0.10773574912115946,0.11255844448236126,-0.01594998096996547,-0.020500996291429957,-0.007992780605110883,-0.01623919740295353,0.09219096661924775,-0.019786629361702723,0.014737420650465148,0.09694266140193375,0.00767557876404501
2017-01-04,SBAC,평상(모멘텀),2015~2020,-0.014206607574665185,-0.056840045496157066,-0.05201735013495527,0.009805427874444828,0.005254412552980343,0.013776312871716545,0.0055298960738738995,0.09165239471236619,0.006581528169965933,0.01449479125781441,-0.0070810309528931414,0.00767557876404501
2017-01-06,KHC,평상(모멘텀),2015~2020,0.025691002579667943,-0.0064394767221021,-0.00983551058183496,-0.011749882033579295,-0.010755851140789615,0.013472413292668906,0.007602578763146099,0.0821662766788549,-0.008933431972344086,0.010926036400422112,0.026736988620603475,0.01454505943212836
2017-01-11,ILMN,평상(모멘텀),2015~2020,0.0028661010611625865,-0.029201911272018988,-0.031849336030831135,0.08753967730014867,0.09253841387191451,-0.006593840434080622,-0.0077979191784070655,0.3396104210274353,0.2585984007732367,0.04046234268587929,0.10296566923027473,0.048316674543591676
2017-01-24,CSX,평상(모멘텀),2015~2020,0.03441024927496028,-0.014808897595457893,-0.006890835368986603,0.06507860979089397,0.06764183466624434,0.0001920976012712572,0.007168043449944723,0.25999978355882414,0.18530905315464374,0.054616366339540305,0.537594676425412,0.03562338223682304
2017-01-26,TSLA,평상(모멘텀),2015~2020,0.015781488588539228,-0.02036220562088742,-0.017004967357789565,0.015033939833846155,0.020547513257917205,0.01322773322464732,0.015791544849066197,0.19279082300139594,0.06758680472618517,0.016559915386447577,0.18795303800269614,0.06513455257671596
2017-01-26,SWKS,평상(모멘텀),2015~2020,0.0416879039631759,0.005544209753749252,0.008901448016847106,0.0371254265468175,0.04263899997088855,0.0020011279869491805,0.004564939611368059,0.1773679013994025,0.15895038543708062,0.032740015015735924,0.2815969524263846,0.06513455257671596
2017-01-27,INCY,평상(모멘텀),2015~2020,0.09905161788041239,0.06432103347180362,0.06678864731779734,0.019190677718807336,0.02568844846776799,-0.027590072717012082,-0.024226912262571485,0.17663123793978208,0.02646133449036836,0.027021171928989427,0.35229125940513617,0.07310862756669279
2017-01-30,LBTYA,평상(모멘텀),2015~2020,-0.02712285026567729,-0.06630535117858738,-0.06098825919164256,0.029629537874266143,0.02887744360453351,0.005095331575237783,0.0032336147883219603,0.18052869570697005,0.05018634505798336,0.012876865530363933,0.14199913476144888,0.07639437848119823
2017-01-31,LBTYK,평상(모멘텀),2015~2020,-0.017940797191263846,-0.07153324199472821,-0.062277016420580096,0.021772524431326046,0.018501252966724658,0.017480084340069757,0.02344817644191673,0.18297574243639736,0.045925892983685435,0.01087720660174013,0.13321191096328877,0.07602154446524123
2017-02-02,CHKP,평상(모멘텀),2015~2020,0.007448341992201348,-0.0364119794309159,-0.036134756954806314,-0.00728555517624363,-0.015531971974086276,0.006110528651411817,0.008299522257131346,0.15773919847964213,0.013246470506819152,0.01928400133606306,0.19429752233866937,0.1012138731520662
2017-02-02,NTES,평상(모멘텀),2015~2020,0.14822028738900128,0.10435996596588404,0.10463718844199363,-0.001647367308310943,-0.009893784106153589,0.001823172941004536,0.004012166546724065,0.16345821508775438,0.008863550246919205,0.01877037555301838,0.21457382516656187,0.1012138731520662
2017-02-06,STX,평상(모멘텀),2015~2020,0.060500488370145655,0.025028111338514236,0.03289585780416247,0.007240701200516897,0.0013708666709940903,-0.014405985246047415,-0.02163526162465124,0.18540358700891835,0.040224662867794025,0.034109969855970555,0.46298428884840304,0.08125095444745156
2017-02-09,HAS,평상(모멘텀),2015~2020,-0.00476259063703721,-0.03809613006893953,-0.031015248549407348,0.05807211338003038,0.056733179007878776,0.008706098329105183,0.010368445085974039,0.17330895821038306,0.1764279098070316,0.03570641372663103,0.1771386646907509,0.09470138451089438
2017-02-22,AAPL,평상(모멘텀),2015~2020,0.02943395630878265,0.026552874905186874,0.030763065378532743,0.007043598030832099,0.013943062501478776,-0.00017146624426001011,-0.006876141837916549,0.14334330166023923,0.02558318356068101,0.013862792057172852,0.25862586986123026,0.09784690346981617
2017-02-24,AMGN,평상(모멘텀),2015~2020,-0.052526862021258114,-0.05639898270663257,-0.056216123472766374,0.000361935393585755,0.003050896198990476,0.018951152312395747,0.014700422813546544,0.13698999854815175,0.01292302678999957,0.014650421433828002,0.110019412278334,0.09493802813992369
2017-02-24,EBAY,평상(모멘텀),2015~2020,-0.021378163403687478,-0.025250284089061936,-0.025067424855195742,0.01065426047609841,0.01334322128150313,0.0031367859067275017,-0.0011139435921217015,0.11147894917478984,-0.012055161384258328,0.015256732356081841,0.15436368302256498,0.09493802813992369
2017-02-27,TCOM,평상(모멘텀),2015~2020,0.018919721088381802,0.013923000006826225,0.01638205965621478,0.025778998818406063,0.02933751973635069,-0.0018259689771807919,-0.005163693966230834,0.11894881322111206,0.06657887816810559,0.009469075535432293,0.1093209554144412,0.10012106952555477
2017-02-28,SHPG,평상(모멘텀),2015~2020,-0.016022356830049822,-0.030449266615488857,-0.026802939964154546,0.0028146583331742914,0.0009615898815043746,-0.013080464565791927,-0.012358174691719426,0.10923761735523252,0.009940463583830494,0.013540864746012498,0.0022681314678063558,0.09733622141303089
2017-03-01,XRAY,평상(모멘텀),2015~2020,-0.024819945930796505,-0.032106137047557715,-0.03087133928928839,0.02912241439265828,0.03532417585954154,-0.005612160601319083,-6.426223368772785e-05,0.12744057994553004,0.01631977912351945,0.010461834693725063,0.05558817000019656,0.1079859719408367
2017-03-03,CTSH,평상(모멘텀),2015~2020,-0.008011908371949648,-0.019689629369902706,-0.015114110130653674,0.016194738917860274,0.018349755005810146,-0.013416914401149338,-0.0074116504725748504,0.14718747523035303,0.01724441073807803,0.014419502138887296,0.06681260435500391,0.13163978187205538
2017-03-03,NTES,평상(모멘텀),2015~2020,-0.03426937783429662,-0.04594709883224968,-0.04137157959300065,-0.001819855030556261,0.0003351610573936129,-0.013470598180777449,-0.007465334252202961,0.14388642955822517,-0.028926482013776234,0.036751978847452835,0.30188161600132535,0.13163978187205538
2017-03-07,BIIB,평상(모멘텀),2015~2020,-0.05991829445426111,-0.0765741926080048,-0.07148952091691817,0.008980504848218773,0.0016828932981396332,-0.007268533161626345,-0.004476558349004711,0.11708916258787472,0.01556005462618093,0.011462831949446719,0.028664563782813346,0.11937346821660344
2017-03-10,INCY,평상(모멘텀),2015~2020,-0.06317665871588762,-0.06920540329571534,-0.0654177423033265,0.06149408466888184,0.0631564314257507,-0.040740096928945646,-0.04060467538170284,0.12458242073912196,0.039307237204419865,0.021392450274985243,0.42904701018117675,0.09560654577535832
2017-03-22,MU,평상(모멘텀),2015~2020,0.07090857851693366,0.05675314759715033,0.058580788313835695,-0.034729574420796605,-0.04132746311147329,-0.015668622266724275,-0.018634760570554763,0.07362210406799341,-0.00234557011079195,0.018236196097227226,0.38337026714192923,0.07751598165947216
2017-03-24,AMAT,평상(모멘텀),2015~2020,0.03572132892890134,0.008870138556744456,0.016368076465252086,0.00414725921519743,-7.498320206719093e-05,-0.010750799561123459,-0.0062398040239735365,0.07439138920874466,-0.005121518859619423,0.010022780612460255,0.2802472013079689,0.08403207184307937
2017-03-24,GEN,평상(모멘텀),2015~2020,0.014409605437948782,-0.012441584934208104,-0.004943647025700474,-0.0024632692029579184,-0.006685511620222539,0.005150989325396038,0.00966198486254596,0.07417781441262128,-0.0009763037204161273,0.011068990432359682,0.2560962623883434,0.08403207184307937
2017-03-27,MNST,평상(모멘텀),2015~2020,-0.03462265552699184,-0.06698424533229341,-0.05965704117378129,0.009180926521462629,0.005941622128178564,0.006192504153528677,0.016029195622938926,0.07784154877237248,0.010113995990093994,0.03189442374880167,-0.019301308863462374,0.08018630126964865
2017-03-28,TSLA,평상(모멘텀),2015~2020,0.11593105930231462,0.0911715467663361,0.09772547467055688,0.0004791314095462518,0.0012325882744532032,-0.0036523541108400837,0.0020395350255472,0.09742932030978935,0.03168917352019984,0.0193106049230615,0.22674938163399938,0.09093658248226144
2017-03-29,ADBE,평상(모멘텀),2015~2020,0.02732553633323942,0.0013581783348664,0.009823966487415785,0.011865689145721614,0.017414567586424165,-0.0020457436577573374,0.006362409800260833,0.08745991569886269,0.028943813507755545,0.00999414942372141,0.2074645547977747,0.09941080970157068
2017-03-31,NVDA,평상(모멘텀),2015~2020,-0.02302272054936949,-0.058598828079513665,-0.04118304010644138,0.04746604087506623,0.05346787549614815,0.009435580204820715,0.013481024371430169,0.10505028315570808,0.021570720827077894,0.014867767689501607,0.3617620930256751,0.10759003118188537
2017-03-31,VRTX,평상(모멘텀),2015~2020,0.10106359789413366,0.06548749036398949,0.08290327833706176,0.05208298178662285,0.05808481640770477,-0.03370682583391327,-0.029661381667303813,0.19356993707892567,0.20482871688581583,0.04723834796987747,0.22245865522334562,0.10759003118188537
2017-04-04,LRCX,평상(모멘텀),2015~2020,0.16240384738607005,0.1284450107002446,0.14226558960013347,0.00826228399956408,0.011229150961886033,-0.019542075868812625,-0.02031773780449326,0.08499488079900575,0.004851306976564551,0.010061703600933359,0.26287992880343625,0.09410970535840213
2017-04-07,WDC,평상(모멘텀),2015~2020,0.05353598691186878,0.009113088175636053,0.030239543274686226,0.02658209096759312,0.026750956762597446,-0.021272286433186682,-0.023424133717930645,0.13944471491599675,0.004059778324899899,0.016599368411191598,0.37302174948262556,0.07660316670978773
2017-04-20,JD,평상(모멘텀),2015~2020,0.18021965375260907,0.14664212581551284,0.1645616206773791,0.005681389332880427,0.0027152510290499397,-0.008335769770610901,-0.024284438431847605,0.1002639227147788,0.032817495583145506,0.01240503894747247,0.2410899758714089,0.06592177360106266
2017-04-24,CSX,평상(모멘텀),2015~2020,0.02453082991090172,-0.010213012198164062,0.0026371819254851388,0.011491784320943665,0.016002779858093587,0.02013226440175475,0.01693110997591279,0.1010624337746604,0.09370951338575217,0.016996244642949774,0.38830986995841754,0.05640711830313161
2017-04-24,AAL,평상(모멘텀),2015~2020,-0.004809942940262156,-0.03955378504932794,-0.026703590925678734,0.05151703881633507,0.056028034353484996,0.020723827733607925,0.017522673307765965,0.09031641024421555,0.04152282555581266,0.01606169314710628,0.08741409212864082,0.05640711830313161
2017-04-25,STX,평상(모멘텀),2015~2020,-0.15800861612713757,-0.18597452174475826,-0.17287440910879917,0.10383668868347584,0.11359121442440795,0.0035969361010912415,-0.0027462471902016568,0.09239631766273981,0.019179100767553026,0.01482563403351564,0.29669624590648236,0.06808518817441511
2017-04-26,TSLA,평상(모멘텀),2015~2020,-0.0018387636381012023,-0.03598546875801856,-0.02375233265254796,0.0036657427012642962,0.009750942342039735,0.0574016597755469,0.053726938935748446,0.16123889000530878,0.045095725398203834,0.02351698722262332,0.3704253238550719,0.07355368910243176
2017-04-27,BIDU,평상(모멘텀),2015~2020,0.01977151242735209,-0.017399539829439536,-0.0063788762318150345,0.04594394895463605,0.054550231607940446,-0.02202704533765809,-0.017912690654240716,0.0994169594810339,0.04982847270683943,0.01113201318950474,0.07507032953548265,0.08027554463321196
2017-05-01,PYPL,평상(모멘텀),2015~2020,0.07204282442970444,0.04273361522151964,0.04298264903628046,0.012422878213995903,0.01685299055371238,0.01070635277366927,0.015519265228383988,0.09600359465546604,0.08924897606214266,0.015207667257934218,0.17568938042043136,0.08361454864338635
2017-05-01,VRTX,평상(모멘텀),2015~2020,-0.003906842577485413,-0.03321605178567022,-0.032967017970909396,0.034882607820346356,0.03931272016006283,0.010145598889292007,0.014958511344006725,0.10261908884593063,0.013710421125591399,0.014408635762982746,0.30657237778305046,0.08361454864338635
2017-05-03,LRCX,평상(모멘텀),2015~2020,0.04037728328670287,0.00636054348554449,-3.512312569120546e-06,0.019931580323683473,0.019474229858521045,-0.005802035546654927,0.007484934634080386,0.16274731984265944,0.02442378988320848,0.019087703938682803,0.39647685840298275,0.09347289937893044
2017-05-08,REGN,평상(모멘텀),2015~2020,0.12637170058749447,0.09143659615276656,0.08787461074950711,0.007576969636030606,0.004664757149621942,-0.016132860688604533,-0.006690487462243303,0.13049437458325053,0.1042756849716977,0.02322648907050175,0.11490923589110524,0.08650107548947639
2017-05-18,NVDA,평상(모멘텀),2015~2020,0.1386001920400115,0.1287944896701727,0.12218441182332854,0.023498174992939713,0.0069696441319540385,-0.0004678841475698192,-0.01386996656334212,0.2812998774162838,0.05301341176305141,0.04598077832774945,0.4243821530177099,0.04295111602671775
2017-05-22,ADSK,평상(모멘텀),2015~2020,-0.07636485761985778,-0.08108643475272992,-0.08101104765495233,0.07810334959338894,0.07473572620946377,0.007537901881367048,0.0025005077865849048,0.24079929318286308,0.1522172593077573,0.03474800571632335,0.40628912522748784,0.05985892471668919
2017-05-22,JD,평상(모멘텀),2015~2020,-0.06825055428873428,-0.07297213142160641,-0.07289674432382882,0.03454147667503782,0.031173853291112653,0.030554481530714828,0.025517087435932683,0.19534226776408747,0.012327609581793242,0.019165313480608362,0.4364355155818147,0.05985892471668919
2017-05-23,TCOM,평상(모멘텀),2015~2020,0.004766629448942796,-0.009091898908799355,-0.011099064973420942,-0.016925655340640833,-0.02326883863193373,-0.007136348383510072,-0.0008883500896180781,0.16445841087810376,0.00380703728232179,0.01907074256921103,0.20078369747052127,0.06664218243844822
2017-05-24,VOD,평상(모멘텀),2015~2020,0.005865239558675352,-0.0027853222250990833,-0.006450495564366863,0.013034765752049537,0.009360044912251089,-0.0008448099867153225,0.007820080056373179,0.1203951911279546,0.028232896066987978,0.011204158609416625,0.10248059907896923,0.06653519947712616
2017-05-25,INTU,평상(모멘텀),2015~2020,0.012744587844227164,0.0084631476470749,0.0046292311576461714,0.02689514385080538,0.031009498534222756,-0.024694775364718313,-0.010303580385597819,0.19013914795885833,0.09956146006733668,0.02401073416957828,0.19135438807806793,0.0750406152169083
2017-05-30,MAR,평상(모멘텀),2015~2020,-0.05549455133557213,-0.03426286136669776,-0.040076195003477526,0.014845648600177563,0.019658561054892283,0.013470774190115442,0.007568157859985057,0.13577974766201417,0.03968111037383237,0.015618590965184705,0.3078504449405859,0.07926151561422867
2017-05-30,AAL,평상(모멘텀),2015~2020,0.009259512785729786,0.030491202754604152,0.024677869117824387,-0.0035223709220734145,0.0012905415326413035,0.03262640898001834,0.026723792649887956,0.14605728821159492,0.07784187406455834,0.020424337801951332,0.13762006150271233,0.07926151561422867
2017-06-01,ADI,평상(모멘텀),2015~2020,-0.05103064177788452,-0.022922763912715527,-0.02380863793188543,0.009181452859970518,0.02246842304070583,0.020550768229524286,0.01149781323549803,0.13574334062306304,0.046364180599684834,0.013205649834798907,0.18644712194269397,0.07993749268417538
2017-06-06,VRTX,평상(모멘텀),2015~2020,0.008021913303030816,0.04352786532420028,0.034656682433871974,0.03437345606594144,0.043815829292302676,0.023008499342649813,0.010749670087123393,0.1334900933464822,0.08547365040449417,0.01572226107253369,0.39528824221029457,0.09585049507843624
2017-06-16,TSLA,평상(모멘텀),2015~2020,-0.141553056452974,-0.16940851919336952,-0.15948849250307112,0.011948405213690005,-0.0014536772020822958,0.033786470494853615,0.03589145839002818,0.22616054104372996,0.014432390860872557,0.019704640021756478,0.5153992758704167,0.06907797357041989
2017-06-20,NVDA,평상(모멘텀),2015~2020,0.048990377593764345,0.01583637515351355,0.023567847619279533,0.03959024762486818,0.034752672728942835,-0.025655925228630916,-0.014421082999808946,0.1567646973399539,0.0490098802172938,0.026017888945346998,0.5893412617477429,0.07788406418446359
2017-06-20,WYNN,평상(모멘텀),2015~2020,-0.03087752115460518,-0.06403152359485598,-0.05630005112908999,0.020081113275522533,0.015243538379597188,-0.006701169082243941,0.0045336731465780294,0.13710669029778355,0.06272543685236509,0.01735709028642253,0.334640714918476,0.07788406418446359
2017-06-21,HAS,평상(모멘텀),2015~2020,0.031087888491035054,0.007078772045671977,0.015238656190127486,0.00843643657452775,0.015047792053867672,-0.042799954801092555,-0.032011290911484885,0.09994082162729945,0.011625857300024967,0.008454510360436825,0.23837768969355078,0.06754475365282442
2017-06-22,MU,평상(모멘텀),2015~2020,0.0017629764603437365,-0.02274616736063928,-0.014395251494077574,0.02617181978777272,0.03518087298647563,-0.05144229101705944,-0.04106018017396004,0.13149521479824156,0.030586021268038,0.02377592377463615,0.37713852335753817,0.07593963751436084
2017-06-23,REGN,평상(모멘텀),2015~2020,0.005519145321274401,-0.018306054815135475,-0.00599470631746247,0.04778847187785318,0.0624927440788969,-0.04507371485096223,-0.036369606463616415,0.149026687645607,0.12146972800292266,0.021040312777656348,0.3375483814797371,0.06891912075583395
2017-06-27,AMGN,평상(모멘텀),2015~2020,0.027499476681690505,-0.02171589076423519,-0.007931621644362757,0.0028877302906542557,-0.003287603660639963,0.0007632805269972565,0.00893453353054699,0.1203796245649924,0.051971312284005755,0.010185898175557678,0.09492231332102796,0.062107673311318834
2017-06-27,BIIB,평상(모멘텀),2015~2020,0.08780639760944697,0.03859103016352128,0.05237529928339371,0.004087741439608772,-0.0020875925116854467,-0.034026446730435866,-0.025855193726886133,0.1156698331492807,0.07396172711167082,0.017455170703730465,-0.012696705768786343,0.062107673311318834
2017-06-29,GILD,평상(모멘텀),2015~2020,0.06969088060554407,0.02442305889969254,0.03656249240717349,0.02401643013514576,0.014552235893673849,-0.02968513681885221,-0.024831640520140356,0.11725449384182096,0.0654811953480714,0.01382011691694777,0.027473181063423224,0.05906070805722452
2017-07-05,NCLH,평상(모멘텀),2015~2020,0.005760337598987865,-0.041224725566256115,-0.021279361767360006,0.01837896770488423,0.005497125414883721,0.009687543132853582,0.009345782477258327,0.08427743486448191,-0.01374077232616866,0.016924485021601373,0.18034629687249493,0.032481826185317475
2017-07-17,LBTYA,평상(모멘텀),2015~2020,0.047574200513371245,0.03585626705167444,0.054931659000426264,0.011618225671567561,0.013876668310591958,-0.01326050036010662,-0.012401601838586336,0.14395254675368707,0.04322952956982773,0.015289949622985709,-0.0043518046394069865,0.08119799288562968
2017-07-19,NFLX,평상(모멘텀),2015~2020,-0.07749225021601092,-0.07770518657874081,-0.061072513935592175,0.0708716715991844,0.08210651382800636,0.010824841734079715,0.01600493640363764,0.19687095356737605,0.18965859348452518,0.034618666479159614,0.3267588407955144,0.08049362072935029
2017-07-19,PYPL,평상(모멘텀),2015~2020,0.03124760811570848,0.031034671752978582,0.04766734439612722,0.014362624862684026,0.025597467091505996,-0.010678550454425006,-0.005498455784867079,0.11392392241099758,0.07669825197232649,0.018242634966108413,0.3285128453871,0.08049362072935029
2017-07-20,VRTX,평상(모멘텀),2015~2020,-0.06972113488307774,-0.04862744370234939,-0.0317376672609875,0.08811085540716213,0.0988995192967698,0.03184010186966724,0.015390674733602987,0.26407029309605323,0.21492695888067548,0.0508018603916452,0.6163225609158174,0.07409734279099811
2017-07-21,LBTYK,평상(모멘텀),2015~2020,0.014635273209975487,0.036693699604060326,0.053672348971538913,-0.002608810369589598,0.007773300473509799,0.015598609425963472,-0.0012294366295089731,0.14614002364768486,0.013333279362434114,0.013757134711844218,-0.004234809676572748,0.06723458954668571
2017-07-24,PCAR,평상(모멘텀),2015~2020,-0.08364690466316671,-0.057587245851960955,-0.04457067063577653,0.011516069069809065,0.020220177457154882,0.028204396820142197,0.01115784184122123,0.0975299734374977,0.0032047571713831324,0.010942712589151395,0.07371365016359488,0.06865796298815874
2017-07-26,LRCX,평상(모멘텀),2015~2020,-0.04144371170082317,-0.024815466823762677,-0.0107357106385855,0.06058429222407602,0.06875554522762575,-0.00493584770683464,-0.011692325778299376,0.10383218273969375,0.032067481701705036,0.018068851436424067,0.32069310320543476,0.06216857983104429
2017-07-26,BIDU,평상(모멘텀),2015~2020,0.11640735468026597,0.13303559955732647,0.14711535574250365,-0.028278266856572754,-0.02010701385302302,0.0006687974049670586,-0.006087680666497677,0.10416897701733685,0.039786864880363204,0.010546817730929244,0.1158088555560397,0.06216857983104429
2017-07-28,ADP,평상(모멘텀),2015~2020,-0.11096249289106641,-0.09634220054306364,-0.08366088319910948,0.0797629883203066,0.08461648461901844,0.019938588536988266,0.0098819013543213,0.1261198880920622,0.1189280635829173,0.02317864311466753,0.17059483902199024,0.04836225798735283
2017-08-02,NVDA,평상(모멘텀),2015~2020,0.006734861460001797,0.0035780816363129037,0.011990159758660315,-0.009886325144136232,-0.010228085799731487,0.00011197270450402641,0.0017510275747056596,0.18057830523290264,-0.005201190737299521,0.019471854688323232,0.45638688767259805,0.044115500287463805
2017-08-14,CHTR,평상(모멘텀),2015~2020,-0.05064361200064915,-0.06544857123513081,-0.07708798789647334,0.022703563357557854,0.023562461879078136,-0.004466521079034003,0.0041978848164697675,0.1507876437633482,0.02563498745909487,0.019528414388326493,0.2380974957815507,0.04497405977058633
2017-08-16,TSLA,평상(모멘텀),2015~2020,0.03858858977609425,0.02990238818446156,0.01951788458828519,0.03062346882288325,0.035803563492441175,-0.051109420928447835,-0.04950839330743789,0.10385685472272721,-0.007913052851450275,0.02410776811439651,0.3041277568217615,0.04532729356480414
2017-08-16,ILMN,평상(모멘텀),2015~2020,0.08499460001255521,0.07630839842092252,0.06592389482474614,-0.00494946414784081,0.0002306305217171182,-0.02458119171135109,-0.022980164090341152,0.11666477282888965,-0.018673136563995496,0.03533797555936294,0.1879565364430824,0.04532729356480414
2017-08-17,ORLY,평상(모멘텀),2015~2020,0.04400517374158941,0.010935884676422036,-0.0011243926317967487,0.005124307581516163,-0.011325119554548086,-0.020367361623471414,-0.01610862596630009,0.07848702383507189,-0.007825954280384906,0.02191413794532514,-0.1962873652627779,0.038253153536672135
2017-08-18,JBHT,평상(모멘텀),2015~2020,0.061437932756168046,0.028591634712291425,0.013776117871070102,0.004897374997870685,-0.01193067105760176,0.00774817953451068,0.013289230780851757,0.06128276389689602,0.05200842539133044,0.012403330846286923,0.049895434623824064,0.01630089771285559
2017-08-21,ROST,평상(모멘텀),2015~2020,0.04506787460659489,0.009720320164434915,-0.0028205975727311275,0.025552290249822196,0.008505735270901229,0.006774966094088564,0.011300979176590462,0.0867243110193392,0.062275048594726545,0.028997768484734104,-0.0653870287442867,0.010577169367808503
2017-08-23,DLTR,평상(모멘텀),2015~2020,0.11667599207536683,0.10246999421730996,0.08740585272135326,-0.03893592997060036,-0.04569240804206509,0.020728108196538475,0.015354123192251604,0.06176513438932196,0.020560926697145376,0.011268732615027043,-0.02920736017779979,0.014679497621211013
2017-08-23,BIDU,평상(모멘텀),2015~2020,0.05991382877318285,0.04570783091512598,0.030643689419169284,-0.0006683504139445295,-0.007424828485409265,0.0007753324428572128,-0.004598652561429658,0.14747524541250967,0.003461584222955283,0.025408966093953933,0.24743083939398924,0.014679497621211013
2017-08-25,ISRG,평상(모멘텀),2015~2020,0.0375553513628506,0.029857612724524918,0.011886778250024765,-0.017762869440287044,-0.02781955662295401,0.029704888233333948,0.01657938589970579,0.06302519429411824,0.017963213695709523,0.011011117924014806,0.25082204277025055,0.007884214044125759
2017-08-30,MU,평상(모멘텀),2015~2020,0.1988857289597603,0.1988570883493006,0.18118631826046955,-0.004573597889527048,-0.002934543019325415,-0.001329750187310741,-0.009219719222549726,0.11079734607927194,0.03382592550125607,0.023574966984288376,0.19384415615183248,-0.0027185528961929384
2017-09-12,MELI,평상(모멘텀),2015~2020,-0.06044906240124792,-0.07177060293147197,-0.07775296685000813,0.07447398613940148,0.08313839203490525,-0.0722832778689344,-0.06913206885648454,0.18779156516927542,0.13238858111629437,0.027801149071717497,0.2627412304169561,0.04905192728349106
2017-09-14,GEN,평상(모멘텀),2015~2020,-0.03386648932733305,-0.050816307404559335,-0.053556586742111764,0.022777764805171907,0.024378792426181847,0.01876394081962962,0.018016437679926382,0.16747253869531709,0.11756786562420118,0.016425755108466902,0.15187915591079126,0.04022016820698071
2017-09-14,TSCO,평상(모멘텀),2015~2020,-0.07079975047999909,-0.08774956855722538,-0.0904898478947778,0.02050335462016828,0.02210438224117822,0.031729455486174896,0.030981952346471657,0.19253031080487504,0.03965342870738975,0.012205252494245738,-0.025700842176680117,0.04022016820698071
2017-09-15,GILD,평상(모멘텀),2015~2020,-0.01644895357354259,-0.03389220596373965,-0.03611652768723538,-0.007796516611034865,-0.0035377809538635428,-0.00035186099823025785,0.0018757431821303104,0.1288963924757649,-0.031185812275194125,0.01996034150793097,0.18021313866743283,0.04235009336615536
2017-09-18,BMRN,평상(모멘텀),2015~2020,0.027136771117260094,0.004831640079115518,0.008785900566618154,-0.0016538977484316097,0.003887153497909468,-0.04329785430512134,-0.04088132394889662,0.13497159609885268,0.020088848153622996,0.015328680534101604,0.03691598727633849,0.03555793684269193
2017-09-19,NVDA,평상(모멘텀),2015~2020,0.053511171015611536,0.0315569017618087,0.03540984226458613,0.0713031434181095,0.07582915650061141,-0.02274163351302705,-0.021031885259493868,0.16232301043575714,0.10976338327472557,0.021130067118541845,0.4695439056353983,0.03481912152343125
2017-09-21,BIIB,평상(모멘텀),2015~2020,0.08494414739729717,0.05837087892558879,0.05995803329078726,-0.014025881182596067,-0.019399866186882938,-0.04707116043145476,-0.04610008141654627,0.11258370062034606,-0.01558397772937159,0.015988105176264655,0.137526003634592,0.03392764540793736
2017-09-21,DLTR,평상(모멘텀),2015~2020,0.0974708243104776,0.07089755583876922,0.0724847102039677,-0.020307178797262293,-0.025681163801549164,-0.0013700962975883302,-0.000399017282679841,0.11300869333660146,-0.011728532759304522,0.014962839111144752,0.08150363528076143,0.03392764540793736
2017-09-25,PCAR,평상(모멘텀),2015~2020,0.03408619890635545,-8.254458635570394e-05,0.004343213853850857,0.006619298385597938,-0.006506203948030221,-0.03156933883720037,-0.0316461236448647,0.11908496010820291,0.02145287740701618,0.008165353085241002,0.0814928476355472,0.031164455210209052
2017-09-28,MU,평상(모멘텀),2015~2020,0.06754662182821858,0.04988286662666064,0.05134411137603018,0.0013315207773136883,-0.006558448257925297,0.039373909585756595,0.034033169384033134,0.17820834603197988,0.03113689018922594,0.023977603923968617,0.33139006192637765,0.06089557197188
2017-10-10,AMAT,평상(모멘텀),2015~2020,0.07177854251736315,0.02935108044972945,0.06917835274444281,-0.007075813229581285,-0.003924604217131419,0.000682938357466023,-0.0026785867607985645,0.15598920157891105,0.011712653901140513,0.020556522499423083,0.27977857024498687,0.03776065146095964
2017-10-12,TXN,평상(모멘텀),2015~2020,0.05253566454827863,0.012631197290525309,0.05226969380292581,-0.0025950074815275226,-0.0033425106212307608,0.004552830865229618,-0.005280241443217731,0.12297467241726423,0.026301161182817445,0.008442737285708673,0.16525926075644093,0.03420858471846877
2017-10-12,AAL,평상(모멘텀),2015~2020,-0.13267423824039581,-0.17257870549814913,-0.13294020898574863,0.03332749376073707,0.03257999062103383,0.03335105006636785,0.0235179777579205,0.12404269996706829,0.041395719683280596,0.020773968169107915,0.12984559058563905,0.03420858471846877
2017-10-13,CTAS,평상(모멘텀),2015~2020,-0.029910226167606857,-0.0654656467228566,-0.028843364202087683,0.013728412753946762,0.01595601693430733,0.010036263471135065,0.0018616625060418179,0.12554787196815487,0.02364730668544346,0.013665155084703137,0.19972954240619112,0.02600167575965462
2017-10-16,BIDU,평상(모멘텀),2015~2020,-0.1319391952764759,-0.16491808289503496,-0.1344350389214314,0.06083507337997718,0.0632516037362019,0.017922607155315795,0.012718662150161068,0.1167891891407975,0.06051915736050373,0.014405978428508066,0.349553137139222,0.02891802268044308
2017-10-17,NFLX,평상(모멘텀),2015~2020,-0.02089917834273891,-0.0488333889582494,-0.02186511096127336,0.022450020806445092,0.024159769059978273,-0.000333310685971977,-0.008502692887067127,0.09782254177813621,0.029511828429114706,0.020520761375171885,0.2819798999585936,0.03259292902381428
2017-10-19,DLTR,평상(모멘텀),2015~2020,0.0332258337414697,-0.007236235908303579,0.019102725698393816,0.0013719760368768874,0.0023430550517853765,0.02146709272538172,0.024816882764654404,0.09649967907520973,0.0026306900683819023,0.00930386675234506,0.17834232452571808,0.030974715813169684
2017-10-19,LRCX,평상(모멘텀),2015~2020,0.058901784247110234,0.018439714597336954,0.04477867620403435,0.01747518920140556,0.018446268216314052,-0.02426951724722548,-0.020919727207952796,0.15876849730924247,0.07686112397743483,0.018842344296342375,0.38437883591161315,0.030974715813169684
2017-10-23,ADBE,평상(모멘텀),2015~2020,0.057130997091293434,0.017449631256037046,0.04155969469034276,0.031727841811202584,0.03165105700353825,-0.008853137525552612,-0.006404376808832315,0.18276093865083132,0.1410381845440245,0.02930832321553378,0.28660183497789693,0.03241322860054452
2017-10-26,STX,평상(모멘텀),2015~2020,0.05326461570128438,-0.008250440877642262,0.02335222869589564,0.04829761207729466,0.041552539246845877,-0.03016220803502856,-0.0215098722306363,0.14978898580458733,0.11354353712473708,0.030535167073048174,-0.022453248072759724,0.027118831061047954
2017-11-07,ALGN,평상(모멘텀),2015~2020,-0.056572798184844286,-0.05218568434584114,-0.06452541518298151,0.025047606219545715,0.024174879067945382,0.043629876472755846,0.02995171160949288,0.29963319860806226,0.03790802053799136,0.036782234710878194,0.6514930767959541,0.08266785832974755
2017-11-09,INTC,평상(모멘텀),2015~2020,-0.06571507450543179,-0.07084162502917946,-0.0870374693979108,0.021034505702710815,0.012997594838239758,0.030065251425348105,0.022982551755663626,0.19533759468028333,0.005710421151633227,0.018302566550224983,0.29255904111391184,0.07415370702000845
2017-11-09,QCOM,평상(모멘텀),2015~2020,0.0008157774389732104,-0.0043107730847744535,-0.020506617453505793,0.03831501712165575,0.03027810625718469,0.018749375370317622,0.011666675700633143,0.2100892602217781,0.22502844290537238,0.035930736020917016,0.21113394927733586,0.07415370702000845
2017-11-10,NTES,평상(모멘텀),2015~2020,0.13887489707989764,0.12543071039893894,0.1146367285101488,-0.026317344294323197,-0.03335139086965136,-0.006524194848299136,-0.009454180304520235,0.15123618997068222,0.1331397334345401,0.02789387861655548,0.10323735543497525,0.06671658328709684
2017-11-13,XRAY,평상(모멘텀),2015~2020,-0.014310367390018562,-0.024992413291939797,-0.035197695023659215,0.00787021353707007,0.0018969108529221295,0.016999141735781986,0.011416191940418326,0.1264166188474376,0.012036665435057214,0.015557447132478754,0.07374859474594042,0.08846130226589244
2017-11-14,MELI,평상(모멘텀),2015~2020,0.21305582962322278,0.19700315057555762,0.18435381380084007,-0.0016806672783501453,-0.011094426975793804,-0.06247805517543381,-0.06402505289315338,0.1462660492489276,-0.005399740058416924,0.03614620801575455,0.08108551217838467,0.09070595214887556
2017-11-16,AMZN,평상(모멘텀),2015~2020,0.034798049090317695,0.014735440478256034,0.013146199665143039,-0.004648986226804541,-0.0021742592159132088,-0.007919427360582043,-0.004769849313386592,0.13008026245730187,-0.005463979281946085,0.030664585785556166,0.1794833061346084,0.0655556183689181
2017-11-16,ISRG,평상(모멘텀),2015~2020,-0.06276685065558552,-0.08282945926764718,-0.08441870008076018,0.0019931121551461928,0.004467839166037525,0.0039589169532503465,0.007108495000445797,0.09966981130247499,-0.006754330226893646,0.009185899846272032,0.27662084800108344,0.0655556183689181
2017-11-20,ROST,평상(모멘텀),2015~2020,0.08001608066850663,0.05274223392213995,0.050132005374125245,0.03800029338943989,0.03955393402480398,0.00022404316075808062,0.006889664077119234,0.12486407410420841,0.09869229079983555,0.023926888343748395,0.1653528302887568,0.08228207489321426
2017-11-24,MU,평상(모멘텀),2015~2020,-0.11391614610224943,-0.12263472218040017,-0.1363194172818945,0.10232022556536813,0.11097256136976039,-0.013232396913674727,-0.014336272434036458,0.19678508585016852,0.08333336926770896,0.02020399565370359,0.5405885503666117,0.08938373499239494
2017-12-06,ORLY,평상(모멘텀),2015~2020,0.05678044746851896,-0.0004636941727356181,-0.004715126246132767,0.033037612101168845,0.019359447237905877,-0.021271932734436838,-0.017510034698192716,0.19797961312218626,0.09515484424786846,0.021574806427124216,0.10193755293573248,0.04758442618768188
2017-12-08,DLTR,평상(모멘텀),2015~2020,0.007386254620849188,-0.045157909353033876,-0.04832830850270946,0.02975455962987761,0.02267185996019313,0.011300213821370919,0.011361600120020599,0.14281145702664388,0.04427788368796737,0.015379805186889384,0.32557248800469685,0.05194539793136044
2017-12-08,WBD,평상(모멘텀),2015~2020,0.09922074194116082,0.046676577967277755,0.04350617881760217,-0.02404086612645029,-0.031123565796134768,0.09732763314433734,0.09738901944298703,0.1421052778343228,0.026813891514585242,0.02992140505039694,-0.19037736162441432,0.05194539793136044
2017-12-11,FAST,평상(모멘텀),2015~2020,0.008962414591225045,-0.033073030776808565,-0.03767564474331183,0.014951674287632777,0.012021688831411678,0.0071155584534343674,0.0002025071438589111,0.1312579394177893,0.0306629719936804,0.01565447365551532,0.18305729325239617,0.06295214314819453
2017-12-12,CSX,평상(모멘텀),2015~2020,0.028010222872153268,-0.022876078381927956,-0.028023297703823905,0.027186770701956187,0.021603820906592526,-0.022653026310823443,-0.02619966444626748,0.1419613251889662,-0.0003507432394775911,0.016940489044333394,0.11955849990379441,0.06778392396772714
2017-12-13,NTES,평상(모멘텀),2015~2020,-0.08296672610213984,-0.13986882138351886,-0.1428298108429968,0.037749940928459846,0.036202943210740274,0.016841908385804905,0.017932316934723625,0.14272659655502062,0.08343036009524796,0.04241311680480119,0.19053068557533925,0.06730006708936176
2017-12-15,MELI,평상(모멘텀),2015~2020,0.06604482740232309,0.012852289716630105,0.003925147248409026,0.050695462278882,0.05384504032607745,0.02770698222373591,0.031710415813768496,0.2180694280029538,0.17724087490549745,0.02282178684893486,0.25530256785958305,0.0696899031735696
2017-12-15,ESRX,평상(모멘텀),2015~2020,0.12700063359693048,0.07380809591123749,0.06488095344301642,0.0047948125872123715,0.007944390634407822,-0.01677392829712865,-0.012770494707096063,0.14937547910025484,0.02388359135874074,0.019516455260761872,,0.0696899031735696
2017-12-19,COST,평상(모멘텀),2015~2020,0.019026858312103823,-0.035544684524269954,-0.040240814475121504,0.0014559762153762978,0.007280981310827493,0.0005573083149588154,0.006999089651510623,0.12475162555763886,0.01826767691131348,0.013676327866868372,0.17083663161980023,0.09792968223674747
2017-12-22,CMCSA,평상(모멘텀),2015~2020,0.05636844753090253,-0.013881860081976116,-0.014079155662665696,0.019770098946620074,0.016306264610953223,-0.02887699939913324,-0.01097221673730513,0.12084598154221049,0.043200422721491716,0.021016552081467875,0.06135461850128254,0.09008400412019357
2018-01-05,JD,평상(모멘텀),2015~2020,-0.02478705952204696,-0.0011340823838859038,0.0047466047969739016,0.028214560882702466,0.03314838446900384,0.03766828578700765,0.0013970379424649154,0.1707776200565112,0.0326318564841559,0.01968278196704073,0.10093459277734307,0.08682804436442715
2018-01-09,NVDA,평상(모멘텀),2015~2020,0.02890895549884953,0.04327265489067145,0.051523304735100126,0.025679873428205102,0.026878059486836144,0.033937167926059386,0.012750604987598821,0.15631061802187896,0.14728670320922288,0.021648757961841313,0.3588992592787881,0.09790419450154153
2018-01-09,STX,평상(모멘텀),2015~2020,0.066118241078569,0.08048194047039092,0.0887325903148196,-0.01581058146645986,-0.01461239540782882,0.04151636768682687,0.020329804748366306,0.17948766304101116,0.09942606164783463,0.01993415270258023,0.21788806354931922,0.09790419450154153
2018-01-10,LBTYA,평상(모멘텀),2015~2020,0.003730716472688524,0.057246887226088616,0.06115106076315187,-0.039298524809480706,-0.045289711994384925,0.01146386488760709,-0.04991746242932622,0.13909650477590563,-0.03283668084263047,0.016703446813668307,0.07633034334274491,0.10015662028389527
2018-01-11,NFLX,평상(모멘텀),2015~2020,0.14636123341287632,0.19045611143445984,0.19829759079005582,-0.014314092590674843,-0.017574882606700853,0.08491523500109888,0.037825617063253554,0.14123086160189224,0.036430220849679396,0.015898296059030245,0.2195262409428469,0.09359288014799305
2018-01-12,ISRG,평상(모멘텀),2015~2020,-0.05099286306372208,-0.016267916544236094,-0.004710165091867287,0.01658561811524195,0.01729105726738492,0.0412500566686087,0.010402697740737408,0.13733163525814462,0.11792952659497402,0.021342505906729443,0.2706057051216484,0.0971391865095923
2018-01-17,AAL,평상(모멘텀),2015~2020,-0.12221643537086824,-0.10235675202940075,-0.08554607481882573,0.05932558152521228,0.06301616141322458,0.018613362724093863,0.011215515551443091,0.15475001558992263,0.11221946391588489,0.01673373618792135,0.1990431240469066,0.10185711140440379
2018-01-17,ESRX,평상(모멘텀),2015~2020,-0.07441889777820088,-0.054559214436733394,-0.03774853722615837,0.017060093075113025,0.020750672963125327,0.006869897545755288,-0.0005279496268954832,0.1650247402639824,0.05028743764743582,0.012977910804771398,,0.10185711140440379
2018-01-19,ASML,평상(모멘텀),2015~2020,-0.06666543871245778,-0.057349248076773995,-0.0356126101628391,0.055593339067118386,0.062035120403670194,-0.0007776640277786795,0.00632194437444606,0.1530304053564686,0.12533875817662476,0.01870190273354085,0.3049088616022224,0.11500749388751208
2018-01-24,ALGN,평상(모멘텀),2015~2020,-0.04827591508742757,-0.025513661728784998,-0.003437434314563982,0.04028978482115564,0.05819456748298375,-0.03379431762419627,-0.03637693352977899,0.24410317469451548,0.03137789383842837,0.015742852913286455,0.47179746020629754,0.15002707100441404
2018-02-05,AMZN,평상(모멘텀),2015~2020,0.104215881786758,0.040006331380869176,0.054983217418054765,-0.011313170552265217,-0.04758441839680795,-0.00042555797944410223,-0.0008372083821888731,0.1821773952340362,0.01989938482718845,0.01589766464742754,0.3563910362901579,0.07074877692064208
2018-02-07,IDXX,평상(모멘텀),2015~2020,0.11460914383119247,0.05620607682299217,0.06667324353962834,-0.028058183240028622,-0.04924474617848919,-0.013066590214665608,-0.005391516768667577,0.09068331145297437,-0.035050074572538836,0.017315403317150733,0.11288438218356012,0.05045375120256135
2018-02-07,SIRI,평상(모멘텀),2015~2020,0.07799995885732236,0.019596891849122056,0.030064058565758216,0.000541756600370924,-0.02064480633808964,-0.016313810525689032,-0.008638737079691,0.14144513193830477,0.01866791189219419,0.01631140714196558,0.11610515041989089,0.05045375120256135
2018-02-08,HAS,평상(모멘텀),2015~2020,-0.05403154557664902,-0.1801126520945272,-0.1651073538959284,0.0040150723604968075,-0.057366254956436505,0.0007236155967209612,0.027194691268848582,0.09476056821257894,0.08089264187920753,0.026532111076871024,0.046580406938924845,0.04274415145621635
2018-02-09,NFLX,평상(모멘텀),2015~2020,0.2859304292937306,0.17389615942329795,0.1844453232702885,-0.07826900412271653,-0.12535862206056186,-0.029073879924089607,0.0018676563030204651,0.176830381948075,-0.056475638221001434,0.036036366629886435,0.3533656150219946,-0.00047070751239752795
2018-02-12,EBAY,평상(모멘텀),2015~2020,0.009814674372009115,-0.07030054289156973,-0.06549447522602447,-0.007792854183106712,-0.03864021311097801,-0.009341299159015715,0.014486011338548276,0.10182499380487386,-0.059593577624213134,0.03675818160756821,0.13559866274677113,0.015278221538077563
2018-02-14,MELI,평상(모멘텀),2015~2020,0.028342535880756303,-0.0249816351183052,-0.022117233878167067,0.01762744742770872,0.010229600255057949,-0.019198387934404648,0.0037911186352288864,0.07844638276684024,0.04579700594041758,0.02632679959329611,0.3038473821245804,0.04721684378262481
2018-02-14,WDAY,평상(모멘텀),2015~2020,0.1281466258274,0.07482245482833849,0.07768685606847663,-0.0020943014408714156,-0.009492148613522187,-0.026389081677473558,-0.0033995751078400235,0.059405950886351366,0.004824653744000429,0.02126731824611425,0.11456679829435079,0.04721684378262481
2018-02-16,NVDA,평상(모멘텀),2015~2020,-0.013032828209752044,-0.02694871298142032,-0.03304038549506437,0.03186148141544587,0.03896108981767061,-0.005040620594727985,0.00422834916769717,0.09828927459723347,0.1332293424560429,0.03540198607415006,0.36354968766311524,0.07608035684183467
2018-02-22,SWKS,평상(모멘텀),2015~2020,-0.020832706951859126,-0.00906221058151857,-0.020195275628912688,0.005148622334064212,0.002566006428481491,0.0014614439571660753,-0.00839494458337465,0.06993790030036262,0.026450525082188037,0.03480177072978601,0.031469818562931184,0.05842978860250958
2018-03-06,MU,평상(모멘텀),2015~2020,-0.008512896218778597,0.04254437830672364,0.031057097473916044,0.01564128694151523,0.01522963653877046,-0.00828575315444724,-0.011382554551789475,0.2746203329133232,0.08441036576501615,0.03769033976252421,0.3774663139144041,0.09834942009337588
2018-03-08,ADSK,평상(모멘텀),2015~2020,-0.08605560383473654,-0.009514218736600188,-0.015188384662474505,0.07540661892899192,0.08308169237498995,0.026647733691785414,0.0016607471766219573,0.22269573423910538,0.17221414418418934,0.03801746376491296,0.22024541313780555,0.09706826999705709
2018-03-08,LRCX,평상(모멘텀),2015~2020,-0.10583539480729653,-0.029294009709160185,-0.0349681756350345,0.01579669177881593,0.02347176522481396,0.05389836585974006,0.028911379344576604,0.1902778016255695,0.10640051359114677,0.029370777988093053,0.1935646158282207,0.09706826999705709
2018-03-09,AMAT,평상(모멘텀),2015~2020,-0.14142544048580152,-0.05287109931080569,-0.0588610939885091,0.04539322442642013,0.07186430009854775,0.028551693163453074,0.009794933425339113,0.22156645025215838,0.04030110395250275,0.02728357693253876,0.18847924137191363,0.09801458078193259
2018-03-12,NFLX,평상(모멘텀),2015~2020,-0.07430008665880616,-0.002046360521429924,-0.007564783781940712,0.02994448220407997,0.06088601843119004,0.024845576081055754,0.027452168832791172,0.32522993617589036,0.10094673678968613,0.022627622695687275,0.6730674265599335,0.11061967345993073
2018-03-13,WDC,평상(모멘텀),2015~2020,-0.12629494206420722,-0.060578745021843905,-0.0628800724749298,0.06328724317519274,0.08711455367275674,0.0031240169605526447,0.0010193773343281764,0.2763369837017353,0.1435238680097044,0.01639377123866361,0.1928215772898163,0.11709135467615739
2018-03-15,BKNG,평상(모멘텀),2015~2020,-0.048581569497787136,0.008683695293652094,0.0070244091502332795,0.030893808727976424,0.05388331529760996,0.004836419166923234,0.006149077378380186,0.21750319965512088,0.031075111888936968,0.01705677099842384,0.1678799002562248,0.10189029396320004
2018-03-19,MCHP,평상(모멘텀),2015~2020,-0.08346874034382035,-0.07640237262099203,-0.06601483926455542,0.01362384986491838,0.022892819627343533,-0.028532860666372617,-0.005856923263539777,0.195407100627232,-0.007982171318322129,0.015877410735424008,0.127351481661774,0.0777919807196501
2018-03-22,STX,평상(모멘텀),2015~2020,0.008162408159301028,0.01033379420742231,0.020779371835541523,0.008127632026407428,-0.0017287565141332981,-0.020240333263005783,-0.017780074040713894,0.17673743657598462,0.010034789619970175,0.014591947273305969,0.493613514123042,0.05882565940174267
2018-03-23,INTC,평상(모멘텀),2015~2020,0.03325116513450488,0.011630387868710068,0.022837528775471523,-0.027854440289269866,-0.05949061355134462,0.021128103685677635,0.020619386358344805,0.1098254343839895,-0.0009827848978454234,0.01866610977964315,0.2423195472924502,0.033578366287863926
2018-04-04,SHPG,평상(모멘텀),2015~2020,0.023599173191934497,0.010730400479341817,0.03873636338010544,0.05066732513008043,0.0475705237327382,0.03299312726196546,0.01129496632346473,0.10980011742082496,0.15497133038765032,0.030320234924435415,,-0.01909764912993628
2018-04-06,DLTR,평상(모멘텀),2015~2020,-0.05376256632055143,-0.10597758157571158,-0.08014654486805492,0.020040461741909654,-0.004946524773253802,0.016659795278826772,0.012587948029016407,0.10924369747899165,0.05420078947291462,0.015600139693315146,0.07828395996497961,-0.01225019815356998
2018-04-06,WYNN,평상(모멘텀),2015~2020,0.07598753085564125,0.023772515600481103,0.04960355230813777,-0.02274264587616992,-0.047729632391333376,-0.0057284055456579,-0.009800252795468265,0.0761830215037893,0.02953892784899903,0.02451061575669262,0.18232254235293754,-0.01225019815356998
2018-04-09,HAS,하락(저변동성),2015~2020,0.04796360276251144,-0.006040093254010781,0.01992492273809813,-0.008946794093878552,-0.027703553831992512,-0.011402366558242227,-0.009570430449720212,-0.09584460669239647,0.0015420366122134155,0.00999357071320221,-0.11631046722988458,-0.03664752642522484
2018-04-10,ULTA,평상(모멘텀),2015~2020,0.12543145969445968,0.09526008998109736,0.12084298728352445,0.015196469510548427,0.017803062262283845,-0.00036491673251060064,-0.001467831063020123,0.03025444727533322,0.044405005645894446,0.024081043306565648,-0.0557739024242736,-0.028565213899056086
2018-04-11,ROST,평상(모멘텀),2015~2020,0.05686129405059259,0.009808382155252593,0.037870301664395686,-0.004738953729516604,-0.006843593355741072,-0.006097232953584664,-0.001335780026156026,0.025114098401083806,0.025197035686358005,0.01777263621427101,0.14057538306682682,-0.013806402625870295
2018-04-13,ADBE,평상(모멘텀),2015~2020,0.0775323016977123,0.028618060351221386,0.056122484484091795,0.00630051120761288,0.007613169419069832,-0.02974912572008126,-0.02185055938516866,0.03900386457259053,0.015299335825588622,0.02935835513561913,0.2894619702096528,-0.01200514898791194
2018-04-17,VOD,평상(모멘텀),2015~2020,-0.09553002398278132,-0.10611775918997368,-0.08976779741299162,0.015102674422888818,0.03777861182572166,0.02049874569983534,0.022175713706774687,0.052631784221527145,0.03626927994094964,0.012378956323136204,0.025644418964754445,-0.019995905290047022
2018-04-20,ISRG,평상(모멘텀),2015~2020,0.0035230216195445436,-0.02624714072907386,-0.012457184735719133,0.045117635342795115,0.04757789456508701,0.007868563442666288,0.0035972766738709295,0.08875503444187283,0.11482946883975642,0.029521407590516777,0.2283259382260785,-0.02707990356468748
2018-04-23,FISV,하락(저변동성),2015~2020,0.028384073334915882,-0.010228907655691177,0.007428337918376771,0.002841432613397865,0.002332715286065037,-0.0123451911161222,-0.01542999124511982,0.0,0.006205850529511281,0.010321444643867535,0.07955427452091057,-0.03636181058990973
2018-05-02,HSIC,평상(모멘텀),2015~2020,-0.09848778216545173,-0.14713718752902927,-0.1349705862603725,0.039280157825754,0.017581996887253273,0.030353707791237028,0.014824379532411421,0.15005980710661815,0.041175637431092094,0.020403460528125396,0.012353147014358745,-0.011586792529964085
2018-05-04,META,평상(모멘텀),2015~2020,0.09238886301780691,0.03707152478938891,0.051963130475071354,0.0011688316447882041,-0.002903015605022161,-0.016955480276207524,-0.014744047330779629,0.09213007879069557,-0.0008039317707985161,0.026289076477726568,-0.0014898029931033063,-0.003375347670698803
2018-05-04,BIDU,평상(모멘텀),2015~2020,0.034427912146276274,-0.020889426082141727,-0.005997820396459283,-0.012305263304193126,-0.01637711055400349,-0.020668347620516392,-0.018456914675088497,0.11920910811071894,0.05768990796269824,0.019463638858750933,0.05711837274704634,-0.003375347670698803
2018-05-07,TTWO,평상(모멘텀),2015~2020,0.025767742946721572,-0.02478729209324282,-0.008050604884633474,0.020136453335496185,0.021968389444018202,0.012709877030602446,0.013317092572166003,0.14931845390391918,0.10270713945965815,0.01931337181920014,0.039348277575846025,0.02842593870894583
2018-05-08,ULTA,평상(모멘텀),2015~2020,0.024561852463431455,-0.03333577159049628,-0.020995922442419143,0.0003650499453438094,-0.0007378643851657129,-0.018965746956621676,-0.010538652434975685,0.1928824633749493,0.008608678931024905,0.018942627478948173,0.14422237191569365,0.0817890632156224
2018-05-09,ORLY,평상(모멘텀),2015~2020,0.06337061678484024,0.025707449891808176,0.03355225605740156,0.004853351652468474,0.00961480457989711,-0.016037561925985044,-0.016420960876379585,0.12273436872009436,0.026974726010297267,0.03231834929868885,0.15706198116802828,0.06281301946240081
2018-05-11,CDNS,평상(모멘텀),2015~2020,0.045337278106508894,0.014281103106897008,0.015444105014544827,0.022094992698651783,0.029993559033564383,-0.007629813255082163,-0.0023363444581292496,0.12703491236886277,0.04919253521084044,0.02254417420384374,0.044933617277635785,0.06251124527419094
2018-05-15,CSX,평상(모멘텀),2015~2020,0.05785165038486584,0.011873877915446585,0.019295545514199687,0.0007645061954275612,0.0024414742023669083,-0.011586018830415323,-0.0019733895570174503,0.1150500443637994,0.039669226590751006,0.021110775518684424,0.16338429944537936,0.024937776642074416
2018-05-18,ALGN,평상(모멘텀),2015~2020,0.23994632920642833,0.1838516405117261,0.1958016270285669,-0.0035856934555127395,-0.007856980224308098,-0.04821349662398933,-0.03332461688654614,0.15800301698821517,0.05397324610739651,0.02256396980596064,0.263643301073883,0.021062974663518697
2018-05-21,AAPL,평상(모멘텀),2015~2020,-0.01233947248058209,-0.05904266020696047,-0.04775461493944159,-0.0019491132973333825,-0.005033913426331003,0.012973555613452703,0.023723046598160775,0.12858093589971364,-0.012089855279178052,0.015454779787093769,0.11472025547035236,0.015439546993201825
2018-05-31,MU,평상(모멘텀),2015~2020,-0.07927047515875052,-0.0884370354827777,-0.0798881166744062,-0.0274697395504363,-0.04299906780926191,0.043290960145243584,0.01721183433137312,0.33725153539600083,0.059969622832856784,0.025464944846086683,0.3990173715096579,0.013818698701420606
2018-06-04,MCHP,평상(모멘텀),2015~2020,-0.1000178444446812,-0.09361348344230191,-0.08716330570346006,0.023142525921837853,0.025353958867265748,0.03157941955186483,0.013653340768923349,0.17809159539379182,0.06536656508907313,0.011083765678632026,0.1290003220973892,0.022302112597700985
2018-06-04,QCOM,평상(모멘텀),2015~2020,-0.04509343448739289,-0.0386890734850136,-0.03223889574617176,-0.0025694143013413884,-0.00035798135591349296,0.024801488191975363,0.006875409409033882,0.17714918517875033,0.0024096275581078075,0.01583520263657097,0.015878428537414946,0.022302112597700985
2018-06-05,ILMN,평상(모멘텀),2015~2020,0.0039835116217168415,0.02522050123520969,0.02324771995697024,0.0002491341700177063,0.000856349711581264,0.025258801485213978,0.00011608957578149864,0.14475945014429903,0.05273835679266248,0.015458818666150176,0.2367765890059541,0.025427606961930804
2018-06-06,PYPL,평상(모멘텀),2015~2020,-0.009276287432999684,0.005845635244155047,0.007529642779858211,0.019188783302289014,0.027615877823935008,0.009564403259106236,-0.0033906249371750703,0.1390118443624082,0.05351168714909549,0.010739174826295727,0.14618402410238795,0.00923365167417911
2018-06-07,BIIB,평상(모멘텀),2015~2020,0.16864550120303434,0.16102613943926558,0.16292789171329752,0.027239717231567484,0.026856318281172943,-0.09253933273156578,-0.09051681623272395,0.1261260802580706,0.0317595322600559,0.012289147030802472,-0.00565312901802606,0.0110725888275518
2018-06-11,TCOM,평상(모멘텀),2015~2020,-0.08851715212337019,-0.10443686139206199,-0.09653613450873542,0.024243854867254333,0.029537323664207246,0.0006217219374677896,0.011592671234272243,0.1262381524879168,0.08427585119902758,0.014858578130800767,0.035857753224954214,0.01585576681490819
2018-06-13,TSLA,평상(모멘텀),2015~2020,-0.08341418748123586,-0.10575761986420906,-0.09379429409631654,0.044609974579660205,0.05422260385305808,0.007886111353404557,0.02064379422117875,0.17399051120661246,0.17737782179973105,0.030704502048218382,0.06192037913482884,0.02695602891814053
2018-06-18,ALGN,평상(모멘텀),2015~2020,-0.0008381716598486726,-0.021865803138855222,-0.009834490665660837,0.050655789352942904,0.06554466909038609,-0.02995194763824849,-0.01841540647265849,0.23893140936643187,0.04612452653828458,0.015097362499255468,0.4636309096800433,0.058701757340801075
2018-06-19,JD,평상(모멘텀),2015~2020,-0.10608210036070653,-0.12850724505747324,-0.1206148550295982,0.03559942995242005,0.04634892093712812,-0.006382118995083341,0.004631993203070714,0.22542684919214429,0.10393547883984056,0.024425398039617824,0.06222358863349697,0.08517334114319142
2018-06-28,REGN,평상(모멘텀),2015~2020,0.07341982514855738,0.03570725847566192,0.03386969251199053,-0.0060275676858508875,-0.03210669349972135,0.017202880820472943,0.012946160093013859,0.11871439172299003,-0.0009497764989746527,0.01675795626516469,-0.06729000791028139,0.0790916988945305
2018-07-02,CHTR,평상(모멘텀),2015~2020,0.034303571764174645,0.015401971051202556,0.007765537729027019,-0.016283913346707424,-0.034209992129648904,-0.02908606090718524,-0.03721715674793341,0.11967769092394831,-0.020347466041673146,0.017239338048240717,-0.10621220340797,0.0676225611998964
2018-07-02,VRTX,평상(모멘텀),2015~2020,0.03007359484600003,0.01117199413302794,0.0035355608108524027,0.02408834841595464,0.006162269633013161,0.008087463150744156,-4.3632690004015776e-05,0.11779022231267433,0.06765502925615641,0.03875288831876641,0.09545287374959877,0.0676225611998964
2018-07-03,MNST,평상(모멘텀),2015~2020,0.016897367316589307,-0.0199318432848683,-0.012445541391723266,-0.009963463408615647,-0.035106175318048126,0.02997965602989039,0.019327201089084367,0.11179766003424452,0.01677557381284145,0.015093308638692043,-0.016421695561809613,0.10330921380100544
2018-07-05,KHC,평상(모멘텀),2015~2020,-0.07314941970318667,-0.11132688713586025,-0.09854648196650825,0.013975829893278169,0.001020801696996863,0.01682033931174365,0.01583672614519422,0.08149182102223995,-0.009017347492238925,0.010430497915391395,-0.09172819062434445,0.0837734071490519
2018-07-06,NFLX,평상(모멘텀),2015~2020,-0.1616081453339362,-0.18771492193642403,-0.17445511092028165,0.029708509600829824,0.031731026099671655,0.006342959256534719,0.008999369576005795,0.08420198285363867,0.020492307872704618,0.026142995879254616,0.4923785563786025,0.07333573345697064
2018-07-10,BIIB,평상(모멘텀),2015~2020,0.013312333006049617,-0.01141095294582417,0.0031160332459792845,0.04190667308495821,0.05287762238176266,-0.010380733273370746,0.0003590512261156236,0.16719967696386284,0.2196803056468457,0.04675929885659885,0.16174930358682826,0.0931063774847749
2018-07-12,BMRN,평상(모멘텀),2015~2020,-0.014389882969176425,-0.02806169168290462,-0.01310669510113364,0.03984908618366778,0.05260676905144197,-0.008872267775994813,-0.0028934362708718433,0.11233334011501728,0.059813694480626456,0.02598407151690021,0.14639332367675162,0.08521115381292743
2018-07-17,MELI,평상(모멘텀),2015~2020,0.008311345465611854,0.002465798819584643,0.020641739391558216,0.0666609919032386,0.0781975330688286,-0.03618295260629689,-0.04004589039955276,0.12978076402224525,0.10808022782623561,0.026645261504371513,0.08682543698909839,0.08605449739549087
2018-07-18,GILD,평상(모멘텀),2015~2020,-0.031564494675756505,-0.026764886668190435,-0.006086729678086326,0.0054695190045632724,0.016483631202717328,0.012331354500800584,-0.006207714939963395,0.11786852198053777,0.005863381385981858,0.01447903665674221,0.03852670635018263,0.11040308000731125
2018-07-27,CHKP,평상(모멘텀),2015~2020,0.01701739741057362,-0.008832377797280078,0.00830308182972473,0.009634208990671134,0.005395933191913233,-0.003488922365596503,0.0033131581709706726,0.20154479920038293,0.04881338016408132,0.016589625027859684,0.12655573092841843,0.10757173692517186
2018-07-31,FAST,평상(모멘텀),2015~2020,0.029969196803967924,-0.016804995110944576,0.007066992452314239,0.0012108220590669738,-0.006788678794502229,0.005592715104359991,0.021431795369313344,0.17328326348299483,-0.024695764928025166,0.02415968319758663,0.08241635819824045,0.08273075538773877
2018-07-31,EXPE,평상(모멘텀),2015~2020,-0.016637393334676398,-0.0634115852495889,-0.039539597686330086,0.022370487110300763,0.01437098625673156,-0.012072539334263,0.0037665409306903534,0.12164039024124995,0.06670342326646561,0.024241723071652066,0.126060815357673,0.08273075538773877
2018-08-01,ILMN,평상(모멘텀),2015~2020,0.08276942842420532,0.029518240549500252,0.04978462542440148,0.00795480013578631,-0.002669151538729146,-0.022348899844470527,-0.001102923731481447,0.16241398089793546,0.05093316256778535,0.03196143533069929,0.32654604390507935,0.06837814298877642
2018-08-02,QCOM,평상(모멘텀),2015~2020,0.050029937014265835,0.013335075526812012,0.03531815969139565,0.022584302671885492,0.021629938827062118,0.021943500181887954,0.032959410879266474,0.16302177981272603,0.08296849832824771,0.020185032670445663,0.08175224154972738,0.06611383854918595
2018-08-03,KLAC,평상(모멘텀),2015~2020,-0.023947762556555063,-0.05897716048725121,-0.038070380440340425,0.05923701984551055,0.06204214600016563,-0.04150523179136001,-0.028470670349926962,0.1454123734148034,0.12581950788475305,0.028372687510661382,0.10018703072080326,0.08167728809566754
2018-08-07,AAPL,평상(모멘텀),2015~2020,0.09724978734351208,0.08912802576091194,0.10640663576846116,0.01002433875232267,0.020626020420242277,-0.025529551450843013,-0.03069732244365769,0.09701962592872038,0.10088989274238225,0.016113076775568308,0.18529438317565838,0.06827558400852651
2018-08-09,TSLA,평상(모멘텀),2015~2020,-0.25511394468765014,-0.2501989330223282,-0.24117450463186013,0.06552414306436005,0.07139443571404791,0.12411268239374285,0.10722692787144691,0.16108601546760726,0.23101980766743502,0.04925667260582918,0.16556468495702692,0.07253774268160407
2018-08-14,CSX,평상(모멘텀),2015~2020,0.006936966112628841,0.0014462713725180727,0.007692113221539064,0.009200616792003347,0.0053174623166868905,-0.0025186959406935383,-0.012759689447017135,0.13453137479944832,0.006375561996768031,0.017343495633778017,0.23348180687702524,0.07238000987368665
2018-08-15,ORLY,평상(모멘텀),2015~2020,0.05053269913623093,0.022383229173255748,0.029350909023704696,0.0062828421534244505,-0.012060341179812709,0.00018951361579833126,-0.00019596550242153112,0.11664939511351102,0.02407575280514762,0.013489326396874411,0.25457260449132746,0.08460512242854534
2018-08-24,ESRX,평상(모멘텀),2015~2020,0.07182547598012246,0.0633623212412,0.07320767169892341,0.0015842545263939911,0.008386335062961166,-0.005004049902227803,0.0020419801432301843,0.1037996936531369,0.004465388543573479,0.022086732501957158,0.1693611328331288,0.06270735629187985
2018-08-28,ADSK,평상(모멘텀),2015~2020,-0.014690455107184251,-0.013744626865052177,-0.0018968066872939657,0.07634753538734773,0.09218661565230109,-0.02523672706184843,-0.01595119201942362,0.21755909356545278,0.15637154854342006,0.036157464256451444,0.2309203906952766,0.06708136518000662
2018-08-28,WDAY,평상(모멘텀),2015~2020,-0.05289977853409189,-0.051953950291959816,-0.0401061301142016,0.037173251944148555,0.05301233220910191,-0.016881318518795485,-0.007595783476370674,0.22421300086989882,0.05855258414936637,0.01180293503466977,0.226186893211203,0.06708136518000662
2018-08-29,TTWO,평상(모멘텀),2015~2020,0.005201197830110306,0.009197233283594676,0.019613826263054076,0.03928184525660394,0.06052782136959302,-0.03495958141556177,-0.017814149778778345,0.18262261221106835,0.057269463676851595,0.02371027747232836,0.17751328403319655,0.05972926509861809
2018-08-30,SNPS,평상(모멘텀),2015~2020,-0.03551953552742049,-0.033554251185065276,-0.029291792649060303,0.01980466313963447,0.030820573837012994,-0.026144365882594278,-0.006839939468295628,0.1383843807124825,0.07922256411810347,0.01451492579393255,0.15211476396641976,0.06884992162155101
2018-08-31,INCY,평상(모멘텀),2015~2020,-0.07086759186963199,-0.06967880747248456,-0.06164558632270285,0.05026292534017274,0.06329748678160578,-0.035039645036402445,-0.012949180717767638,0.14274639275817136,0.06461406766384026,0.013610432829780124,-0.0760522343824015,0.0599979249970406
2018-09-05,ULTA,평상(모멘텀),2015~2020,0.01233092985985196,-0.002844727197466977,0.009000444333873031,0.03736355886534026,0.03219578787252558,-0.0015675338199537814,0.020634566339948847,0.16209228303404943,0.1392210566730594,0.02179469924334996,0.18702178145886816,0.0656682026076818
2018-09-07,QCOM,평상(모멘텀),2015~2020,0.009793188413400601,0.013998963310339453,0.027119530221682488,-0.008788499445514075,-0.025674253967810003,-0.023030378798078677,-0.02425814365012746,0.08963578491790902,0.026021295445540993,0.011519932235300907,0.16857953712146445,0.03384431241064223
2018-09-12,COST,평상(모멘텀),2015~2020,-0.09022795959768459,-0.030992315769655554,-0.02303028199041804,0.029128018433224323,0.018887024926900725,0.03312316739832921,-0.0018799596590952164,0.11503128680555696,0.04060836666853462,0.005450825562375814,0.22913333159304217,0.034746237431523275
2018-09-13,AVGO,평상(모멘텀),2015~2020,-0.022395162328292417,0.056642745980713616,0.06485756986028207,0.003213773720216917,0.0028282946019970545,0.035020757501284194,-0.007372237438855275,0.10897244211323098,0.03825310207021415,0.02320016168752271,-0.038843647327976294,0.032635018188811316
2018-09-24,CHTR,평상(모멘텀),2015~2020,-0.024719003789222316,0.02926874770109067,0.04932334997533176,0.014251263738811915,0.0212972937842699,-0.014501257612673846,-0.009724740903823453,0.13361048342570747,0.045453089092946986,0.011266967284070404,0.05528229573556853,0.08054899423310435
2018-09-26,SBUX,평상(모멘텀),2015~2020,0.011793977343209418,0.11412516173946774,0.12928455682026577,0.021679544142229057,0.030965079184653868,0.023498133596736137,-0.022459764686362862,0.07419280591783473,0.033230563272570235,0.00741119262910593,0.026801911436960202,0.07419471526103649
2018-09-26,LBTYK,평상(모멘텀),2015~2020,-0.18136907942127778,-0.07903789502501946,-0.06387849994422144,0.03691456337038179,0.0462000984128066,0.07028697441721721,0.024329076134118208,0.07718629930460952,0.03848971333195483,0.016739804456743605,-0.05426852344720334,0.07419471526103649
2018-09-27,LBTYA,평상(모멘텀),2015~2020,-0.1764666897000865,-0.09609784825458756,-0.07494606169704755,0.04389328273143889,0.06103871436822231,0.05823861580001166,0.033246625911446684,0.0727272527459546,0.011192732519254456,0.017225009968636126,-0.06868113961144862,0.06555111725204466
2018-09-28,NTES,평상(모멘텀),2015~2020,-0.12059798952646839,-0.018961180033968073,-0.005938968150739618,0.060873942864745345,0.080178369279044,0.06934538143485058,0.026202013655278703,0.07686436121331885,0.05802337529545998,0.028718746461602426,-0.16787075609623847,0.0876777607481325
2018-10-01,HSIC,평상(모멘텀),2015~2020,-0.06747751508486755,0.05436623108718819,0.05439417735888326,0.015604972985468146,0.03769543730410295,0.029494359691566663,-0.022504426209974886,0.10428563614104136,-0.00747052631937517,0.01185079796532256,0.15260605527748816,0.07415806284144555
2018-10-03,ESRX,평상(모멘텀),2015~2020,0.015096758395455103,0.10286581980706144,0.09919156773262504,0.0039261364612539484,0.026128236621156577,-0.00552454747740494,-0.014149241745685687,0.09568717638686963,0.012648754133196771,0.011644330459183602,0.2092214936378589,0.04841668295165613
2018-10-05,GILD,평상(모멘텀),2015~2020,-0.09119212911488495,-0.032573511177993564,-0.05087454418827546,0.006975133225731067,0.0057473683736822805,0.015559911609400956,0.024676220506247543,0.05865182551546355,-0.0002613311871106916,0.01193761355818154,0.03374695253305693,0.03396199605666639
2018-10-10,BMRN,평상(모멘텀),2015~2020,0.004298202984671208,-0.018220057049752825,-0.03167576205777906,-0.018511725701969794,-0.05351485275939422,-0.040807381449843305,0.00291991548319339,0.0781718294919056,0.053232289323903004,0.014027427959279993,0.1406473539293578,0.001864691695436127
2018-10-11,MDLZ,하락(저변동성),2015~2020,0.06476387388771676,0.03682601827882026,0.02526669410409061,-0.018462158903382098,-0.06085515384352157,-0.020721041363336634,0.013116451972127803,-0.019014692522863252,-0.011921122674059426,0.007258547993662016,0.014665215602626347,-0.048540717120638455
2018-10-22,CHKP,하락(저변동성),2015~2020,-0.011159615893728823,0.05861708046279235,0.015587020840528256,0.014333674871369162,0.019110191580219555,-0.0036840355241247735,-0.02997582487032705,-0.06352444464487128,-0.011297428046456282,0.010739157123025513,0.041987027977175684,-0.039660847823700274
2018-10-24,CDNS,평상(모멘텀),2015~2020,-0.04744445154784871,-0.015998725770008826,-0.06569489755380552,0.049185955487287325,0.0032280572041883254,0.03211462352840111,0.0043129663346548434,0.03148393577332875,0.16137824236263842,0.0397203448756714,0.10509484110675138,-0.010347440570930178
2018-10-24,SBUX,평상(모멘텀),2015~2020,0.15419189735019834,0.18563762312803822,0.13594145134424152,-0.022958648213807664,-0.06891654649690666,0.003958360875854217,-0.02384329631789205,0.03356768945774391,0.0172977453844132,0.015086866000871899,0.061904023555632515,-0.010347440570930178
2018-10-25,PEP,하락(저변동성),2015~2020,0.0206849369202593,0.09038460149609517,0.026390790772745927,0.01768394479383706,-0.007308045094727919,0.016896290683853676,-0.010187952686028498,0.013094239671523678,0.04293250082493438,0.012668927603743507,0.04361262554987766,-0.06123220464118284
2018-10-26,SHPG,하락(저변동성),2015~2020,0.04881244374307614,0.0742137719017284,0.017196909706417768,-0.03957878102572587,-0.08272214880529775,-0.011518564228176764,-0.014847201414831862,-0.061527391134409526,-0.039043895186652855,0.013469822900971313,0.06982582536907933,-0.03526796021639389
2018-10-29,ROST,하락(저변동성),2015~2020,-0.16022125293670408,-0.15830584408815085,-0.20363069244551257,-0.0042795517661331495,-0.0562783376676747,0.047658023219709245,0.04775340449127108,-0.02391512162870646,0.02154403550943451,0.013555524914569548,0.13475197652789084,-0.07050182197662058
2018-10-31,HAS,하락(저변동성),2015~2020,0.05404613869060193,0.06476798770460268,0.032127236986068584,-0.042022883352970775,-0.05064757762125152,-0.0566118466146196,-0.036845500753413134,-0.12649819452635003,-0.023602059306761847,0.01454870445436523,-0.01791974437192323,-0.08453702685097497
2018-11-02,XRAY,하락(저변동성),2015~2020,0.07793166821955833,0.06402846487742808,0.05041656717683232,-0.019604504809482393,-0.010488195912635808,-0.020303903333016904,0.02546899487811212,-0.02625040540975665,0.0014211247987572229,0.015885713728166887,-0.2390390542751547,-0.05360160830057559
2018-11-07,COST,하락(저변동성),2015~2020,-0.06430153343274181,0.017586494029278588,0.0030123006385110312,0.04507780991279531,0.08899867259688546,-0.026058683266393268,-0.03475331443761579,0.05593955558973551,0.03856594979095562,0.015097613167835552,0.1404046269783341,-0.05571008753630857
2018-11-08,PAYX,하락(저변동성),2015~2020,-0.014753584486834502,0.05171894987556558,0.03702512144513392,0.03448347799022922,0.06845021200368973,-0.010394836636541394,-0.007137163185203988,-0.0062067627943648285,0.04565612658705387,0.015239336890318533,0.03119759917651077,-0.03276950057842343
2018-11-19,DLTR,하락(저변동성),2015~2020,0.024181180644962108,0.06933447325707409,0.07615659195806404,-0.013136705454756092,-0.03935299160081056,0.002821872703053785,-0.01825537811306792,-0.0036682662424804002,-0.02523732778990706,0.010220751824651096,-0.07367683111081114,-0.07375662756995338
2018-11-21,XEL,하락(저변동성),2015~2020,0.0009557093845007376,0.08141912827839748,0.08240547430139462,-0.013961356258117341,-0.04153655653990264,-0.0012878586753113375,-0.054845973822261,0.059726149395932904,0.0083692168195737,0.013646774933833506,0.13383160770015023,-0.1365461287048244
2018-11-23,ESRX,하락(저변동성),2015~2020,-0.04827616816979641,0.04793439057217963,0.052080038467079676,-0.013384546518712903,-0.04016163771049558,0.025531596556060743,-0.05320977744900668,0.03630833835034397,-0.011919584223317292,0.012201862818632229,0.16062403054980234,-0.13138137363363167
2018-11-26,PEP,하락(저변동성),2015~2020,-0.05956823208654849,0.002658284374374875,0.012486445319190728,-0.013646053785766665,-0.017125856681028232,0.023926227223591612,-0.00048702458655193806,0.022684936920259302,-0.011900587954252084,0.012946764544752555,0.06668930243177495,-0.14788556563024502
2018-11-27,PCAR,하락(저변동성),2015~2020,-0.01971140491995449,0.04188205400119882,0.0473147806454306,0.013699686588485305,0.013575537184644586,-0.006580176371532631,-0.023442432759865735,0.10241924624613818,-0.0014807909339165093,0.013156156168555413,-0.05856843731305805,-0.12617711977392554
2018-11-29,MDLZ,하락(저변동성),2015~2020,-0.09720765088140115,-0.015606220977610108,-0.016941572980755923,0.008291391448673968,0.02790736072755608,0.02847764722562629,0.017600909257498597,0.054606092869334155,0.01670888074424326,0.009009967245788578,0.067172785535496,-0.09301495639700708
2018-12-03,VRSK,하락(저변동성),2015~2020,-0.15726517108309024,-0.02770085901529795,-0.03289733022178265,0.04964243127337098,0.09568165802050776,0.0415609703409745,3.15781598007811e-05,0.06641292208474425,0.02715329651713949,0.01110986013345694,0.1033530296954448,-0.0676437222731624
2018-12-04,SBUX,하락(저변동성),2015~2020,-0.04821164409465928,0.006612274695791509,0.005300079537568926,0.007551359219378551,0.02242471169926187,-0.0030936476310392536,-0.004597524271940826,0.05507510193002774,0.027553813149315598,0.011631600959776106,0.20109847057005226,-0.04954468543826673
2018-12-07,KHC,하락(저변동성),2015~2020,-0.07056903406122994,-0.06128019561863429,-0.064002324737734,-0.003002033543491489,-0.011207979716856982,-0.005657099672376709,0.005054663890599186,-0.0625697953324551,-0.032434569743458486,0.009918565059000309,-0.14175743165579924,-0.08910916266381408
2018-12-10,TMUS,하락(저변동성),2015~2020,0.02827513012812477,0.04055307152508281,0.03154436562740925,-0.004292094562046267,-0.0004367309754315057,-0.02243811955446784,-0.00628570114866963,-0.06610742251534274,-0.043535511850719466,0.012355166873381278,0.037235567694339666,-0.11682335165481872
2018-12-19,EBAY,하락(저변동성),2015~2020,0.09340643658012526,0.023779805289317668,0.010804918056608576,-0.004706092194167066,-0.025840151209431336,0.027557647246064132,0.03826193690698687,0.013513335776677904,-0.018932735187625727,0.013260671349163962,-0.19286902130355577,-0.1380348116471407
2018-12-21,XEL,하락(저변동성),2015~2020,0.010280582785230365,-0.09096701933874973,-0.08977263385218365,0.001289519394050087,-0.05300502637366067,-0.009285662671175698,-0.028757991997587346,-0.008492732969546002,-0.04303268640645308,0.011336161029660558,0.10071600762165023,-0.1745295318809047
2018-12-24,PAYX,하락(저변동성),2015~2020,0.12746138473525948,-0.008689156211675098,-0.01473893987848024,-0.05873963055128528,-0.13871816890008268,0.0078125272784062,-0.0017997786748393096,-0.051834161728420036,-0.03125947642342952,0.013676133262545213,-0.04682502404284483,-0.2005172246379544
2018-12-26,WTW,하락(저변동성),2015~2020,0.06829221121071605,-0.015472655776290978,-0.03666510441808106,-0.017665366031987983,-0.0427296449213469,0.0074599742659966495,0.011164798138910192,-0.06007165750398458,-0.030869913994927,0.01066647039034507,-0.02757281422548763,-0.226778149545236
2018-12-27,CMCSA,하락(저변동성),2015~2020,0.02981669898643058,-0.03519134003196589,-0.05772046859991886,-0.022888004242836102,-0.04021698667644824,0.026885954761956654,0.019225667591533133,-0.09610772567519699,-0.04235622554770757,0.01622975248781009,-0.013065407215356206,-0.17893845421420207
2018-12-31,MDLZ,하락(저변동성),2015~2020,0.09242905955798464,0.016924764089819133,-0.005189213961441022,-0.02768912606165652,-0.03859106828761676,0.022695390384853242,0.021041177590684943,-0.09613966147686959,-0.024550828322006946,0.011257746887082568,-0.03410055961127867,-0.17605669999654994
2019-01-03,PEP,하락(저변동성),2015~2020,0.03430145484862446,-0.08419126461633164,-0.11485689896347609,-0.008058685556581069,-0.050873839114068474,-0.00389653835698045,0.004253432955890035,-0.09670572075996564,0.030651583694644824,0.0146931235320507,0.010670114701870625,-0.1507516532459947
2019-01-08,KHC,하락(저변동성),2015~2020,0.04913515894311926,-0.018902114939369552,-0.04767606460598829,0.00568928452198203,0.016700874310668787,-0.004283640900971442,0.009298085917483313,-0.0846120607689469,0.04039505968448509,0.015600030607371116,-0.18798292082352708,-0.1198339175302664
2019-01-09,QCOM,하락(저변동성),2015~2020,-0.10904828045523363,-0.15514801272014178,-0.1810525626577144,0.018139323272441166,0.03395010509514502,0.009250659387020521,0.00680365596955917,-0.0007143638105063799,-0.01686846276008347,0.0175761373526558,-0.05967540136917937,-0.06993397719408756
2019-01-09,CHKP,하락(저변동성),2015~2020,0.07511628758630096,0.0290165553213928,0.0031120053838201572,0.023907034797325144,0.039717816620028996,-0.002204328631123964,-0.004651332048585315,0.012137758095069007,0.04792984019298774,0.01741719014384509,0.0037300426464432768,-0.06993397719408756
2019-01-18,COST,하락(저변동성),2015~2020,0.021967288578575328,-0.019597371097171523,-0.04279998041814671,0.014683941860848426,0.02609057936665344,-0.015596336659292609,-0.010607352795578746,0.04172578584798958,0.003892802041143284,0.016366428602684866,-0.014006783534057932,-0.05470201277074871
2019-01-23,XEL,하락(저변동성),2015~2020,0.06938618156859477,0.012859079844919519,-0.012573837871945187,0.009372694349222721,-0.009957882240529403,-0.010787651224678174,-0.011441098902933721,-0.006397221780114815,0.035152222042438064,0.014987170625831304,0.07947762675828351,-0.06628483529363671
2019-01-24,LULU,평상(모멘텀),2015~2020,0.0035918740956060197,-0.054308490606435056,-0.07064340497382303,0.022704627331176175,0.013247143102347094,0.0035189763908194394,0.009129967149827504,0.31747853805128723,0.06178701140089804,0.027223906544392103,0.1740027598826328,-0.019205664714184167
2019-01-25,WTW,하락(저변동성),2015~2020,0.07840858085738378,0.0300746823179463,0.019695109486556367,-0.0074047351324619815,-0.003699911259548439,-0.001752648774089649,0.004906159349631167,0.08055434812884044,0.005544038636619009,0.010815465722560546,0.0500289827312117,-0.04472960110767432
2019-01-28,NFLX,평상(모멘텀),2015~2020,0.08532049069418934,0.021691305326244414,0.01850541120569213,-0.015885159262852944,-0.023545446433276464,-0.020835418150800478,-0.01601231188046197,0.3326368720174886,-0.04286644379793891,0.03417889355607156,0.008950283813200288,-0.009490074438593066
2019-01-30,INCY,평상(모멘텀),2015~2020,0.07614453285413836,0.033602897864968506,0.02493153119770656,0.0038550938975308036,0.0022008811033625048,-0.019543565274409147,-0.01723797193248196,0.2731214269369082,0.025345907643384402,0.030569758402723766,0.16944661487617152,-0.026039199760581444
2019-02-01,AMD,평상(모멘텀),2015~2020,-0.048511602570492696,-0.0885536732519362,-0.08189784233919087,0.10296577182222189,0.11111574313509237,0.002567359491202126,0.003281603225762378,0.29633563177454425,0.17074337653759963,0.06809897832793374,0.24647020144266563,-0.022963103153410103
2019-02-06,ALGN,평상(모멘텀),2015~2020,-0.05645825951384331,-0.060639647633660254,-0.055170437064228944,0.012230068984348641,0.025811795802803395,0.09398545595487984,0.07305504905659367,0.28217142404466067,0.09674366457521222,0.02796053643280105,-0.18536638617393153,0.004960747675304411
2019-02-07,LRCX,평상(모멘텀),2015~2020,-0.0412099635093226,-0.05724331353360235,-0.04913050024448482,0.006812605587775522,0.004365602170314171,0.04367094365222712,0.0191959714620315,0.29336169791445643,0.036096410659889555,0.041066496579355356,0.0867312153458224,-0.028530620573060883
2019-02-07,SWKS,평상(모멘텀),2015~2020,-0.014982649050726325,-0.031015999075006073,-0.022903185785888545,0.03741398423229225,0.0349669808148309,0.024032507557292915,-0.00044246463290270946,0.2991258020570009,0.14569812554370865,0.029660324999909192,-0.013246317352428205,-0.028530620573060883
2019-02-19,WDC,평상(모멘텀),2015~2020,-0.004500127188320933,-0.04450090936589368,-0.024463734000512785,-0.013370314912619086,-0.008381331048905222,0.010786752983011239,0.01838717682023886,0.3065532622428704,0.02012428314684378,0.03465662051307398,-0.18867064559462654,0.027400554493045348
2019-02-21,MU,평상(모멘텀),2015~2020,0.05723420731200157,-0.007882983072678984,0.018873261076436373,0.015367925263116256,0.014714477584860709,-0.08040783812617747,-0.06592454846915709,0.24623616693897543,0.0448022058806441,0.031261732394683606,-0.07226781269337956,0.08202591804096193
2019-02-22,KLAC,평상(모멘텀),2015~2020,0.05075619726468705,0.01755319842364944,0.043890715782528074,0.025238305216676027,0.03084929597568409,-0.005792149939425784,-0.01830522783766475,0.23876966608398487,0.054699494405366034,0.021507649924921334,0.11368689913784369,0.06987891543684133
2019-02-25,CDNS,평상(모멘텀),2015~2020,0.08251196287587548,0.05418903928902119,0.0784790803384385,0.02753665895253299,0.0341954670762538,0.004983469031160537,-0.011507489889774503,0.23138879812536772,0.09504451920082757,0.01336630485759872,0.2617374745345933,0.08629532302220233
2019-02-26,CHTR,평상(모멘텀),2015~2020,0.026037627771206884,-0.005960496760311518,0.014249486930158239,0.006118866268608469,0.010941972538946979,-0.007734758271492392,-0.019322168899079985,0.1972821437558978,-0.0004583844130764403,0.03292067288787229,0.1436775455451671,0.06544895022680008
2019-02-28,MELI,평상(모멘텀),2015~2020,0.08161120477148875,0.05020021581674605,0.07205224038774069,0.0801182754333487,0.0824238687752759,0.005294957643890319,-0.013486549051577725,0.27175918544491506,0.21268392549482118,0.04875396468155562,0.3553927865244735,0.029460465444785866
2019-03-04,INTU,평상(모멘텀),2015~2020,0.06526934343172397,0.01945790054034191,0.030296894874418778,0.006480755802936056,0.007194999537496308,-0.022005299791911015,-0.019607147950265785,0.1602727167386031,-0.00211168826868513,0.018118713496643932,0.18670230081733852,0.029149485383624496
2019-03-07,TCOM,평상(모멘텀),2015~2020,0.10102878962232165,0.027925228728571616,0.03622670491155251,0.04160868044570565,0.020678273547419485,-0.012711248081019533,-0.005900144368674238,0.24314076112234395,0.2556015034152759,0.048277512040877324,0.1616774440362545,0.04000966730960709
2019-03-08,CSCO,평상(모멘텀),2015~2020,0.08590961262673491,0.00563954552755086,0.008972636820353486,-0.0185136647418489,-0.04298863693204452,-0.005245623224254148,0.008744186608189066,0.08024422463106529,-0.00927172253560593,0.009755609665723206,0.13959296953016676,0.06254084374058855
2019-03-08,JD,평상(모멘텀),2015~2020,0.15289837369258108,0.07262830659339703,0.07596139788619966,-0.02776114814704722,-0.05223612033724284,-0.04124750797378207,-0.027257698141338858,0.10872144213800294,0.004691492606095249,0.029782422200313022,-0.024376589869160137,0.06254084374058855
2019-03-19,ULTA,평상(모멘텀),2015~2020,0.05968328184262117,0.01812135955338756,0.020237663655216336,0.015441030060479255,0.023811664858606828,-0.012272178509790233,-0.010887926816406119,0.1170518918389083,0.10482647690299629,0.020636528321254316,0.2599562800019606,0.12859234248888263
2019-03-21,AMZN,평상(모멘텀),2015~2020,0.021322733387113102,-0.004894151204053676,-0.0025526407846493022,0.04068775034600991,0.055665766866395947,0.010760540788886441,0.005958804318553356,0.10798962804998213,0.0629639743804018,0.012840570878728764,0.03788772469825186,0.18220814507807837
2019-03-22,NVDA,평상(모멘텀),2015~2020,0.05980273464349395,0.006918896307118283,0.013242774849289853,0.014048588151924113,0.0018902802711453608,-0.011005983306285771,-0.019087599395968276,0.18206057107701468,0.11101696591113974,0.02583538233303384,-0.11641919350951946,0.2392616540509418
2019-03-25,AAPL,평상(모멘텀),2015~2020,0.09729021358281398,0.02981000286197566,0.03565748609301446,-0.003206712568732284,-0.01989678237163662,-0.017621856136730285,-0.012252700530439817,0.10452671733097185,0.02648798014591658,0.013811141931464049,0.008639615869995732,0.2418418872113246
2019-03-26,TTWO,평상(모멘텀),2015~2020,-0.03074342838554278,-0.08968118093608113,-0.08387247354002753,0.013161610768120946,0.0013995901761107692,0.021413326806583255,0.02604256936142063,0.10012599120290355,0.023446625869232962,0.024942055328081525,-0.15812083960595813,0.16832646546474228
2019-03-28,AVGO,평상(모멘텀),2015~2020,0.03591767154721959,-0.033232252717352306,-0.02289027878219977,0.004708820520670676,-0.01463457989463094,0.00934259052247599,0.017023986804943485,0.09990728150811634,0.016974268760566957,0.02275857069407186,0.23494491828804986,0.1627487631710831
2019-04-01,MELI,평상(모멘텀),2015~2020,-0.06756517276939711,-0.10808710684481349,-0.10234992436715026,0.03315887000676798,0.03502719210450291,0.06556837559503914,0.07947317565443486,0.12419182206774093,0.02082959561462827,0.025345801583843596,0.452694062523314,0.1600252612599833
2019-04-04,AMD,평상(모멘텀),2015~2020,-0.031907213292193926,-0.07237632416361495,-0.06202893964208312,0.06937296663501491,0.07564061352815799,-0.02220645714096081,-9.311126026297425e-05,0.2949576374546419,0.16593013938894963,0.04253479303073919,0.31652968311400564,0.16286675372307635
2019-04-05,ALGN,평상(모멘텀),2015~2020,0.11149190894317251,0.08309046433717393,0.0979276148578951,0.0407926727835175,0.05468760140839802,-0.03577859345775314,-0.01874756945543379,0.24793062385732667,0.05129417547779891,0.023981231122982356,-0.007796453916324442,0.1509069517503443
2019-04-05,NTES,평상(모멘텀),2015~2020,0.004221327179756875,-0.02418011742624171,-0.009342966905520535,0.07552675245609919,0.0894216810809797,-0.033332540262236865,-0.016301516259917517,0.2019251240754072,0.14174449884841045,0.02106009460529666,0.1641044533975402,0.1509069517503443
2019-04-16,WYNN,평상(모멘텀),2015~2020,-0.1365356344933285,-0.11674656540072104,-0.11132147987068264,0.013553550879024101,0.014937802572408215,0.016335461271983043,0.01900532041879447,0.22100748421963035,-0.020917932984362064,0.02615114780791793,0.13182537851941234,0.1355476181858697
2019-04-18,QCOM,평상(모멘텀),2015~2020,0.018152546578490192,0.04234588962150232,0.04339149399403685,0.08221315244211724,0.07741141597178416,-0.04946535022320142,-0.0428902625764523,0.38348497372878554,0.40387022271899653,0.05852528604853882,0.33717128894994697,0.1555498272307696
2019-04-22,LULU,평상(모멘텀),2015~2020,0.004530976743267303,0.04819344714630258,0.04297586054900823,-0.002555753853996978,-0.010637369943679482,-0.015099156743832554,-0.02093063744492183,0.1638573184905041,0.03160712832496282,0.03573649518948419,0.2277535460090543,0.1548276984763668
2019-04-23,NTAP,평상(모멘텀),2015~2020,-0.08876952485392864,-0.04271866094973664,-0.049474517439063274,0.03597578169511051,0.04134493730140098,-0.07064262413107059,-0.06029796285574048,0.1538907274458028,0.014147903636260617,0.010849612468497907,0.060487427260777826,0.15082923053857633
2019-04-24,HAS,평상(모멘텀),2015~2020,-0.035371362238999726,0.011356648322975893,0.008104768339999673,0.07201501861317383,0.07664426116801121,-0.003965471326866421,0.0019586020050446767,0.1987851360353432,0.14492102220918057,0.032665470691897944,0.09140183269648317,0.15077118620047258
2019-04-26,MCHP,평상(모멘텀),2015~2020,-0.1811985876227391,-0.1140283183595936,-0.11948127075127721,0.017583542469895797,0.02526493875236329,0.027137604634563495,0.018055384456856165,0.1979845325142211,-0.018031477280351038,0.016220286023963398,0.20231427490721976,0.17852666462209754
2019-04-30,META,평상(모멘텀),2015~2020,-0.05996259521102887,0.012594495680720463,0.01952783500203971,0.03349030283171861,0.04739510289111433,-0.01972574252933279,-0.045905678836324015,0.16851629696684878,0.07352294296058792,0.01600208513553109,0.2013094365619803,0.13496768658332914
2019-05-03,NXPI,평상(모멘텀),2015~2020,-0.17270659471132355,-0.06211013484110284,-0.07299442608637872,0.07424701143682944,0.09636035731752728,0.032049643500533964,-0.01191582886952381,0.10833870282679059,0.09131860557224725,0.021801486231000977,0.2170575097526397,0.0997420149888395
2019-05-06,MELI,평상(모멘텀),2015~2020,-0.030149131392179784,0.050340041343371555,0.03716925131554462,0.06968407514489594,0.08671509914721529,0.07327948764546655,0.05871509631948431,0.15446276971783401,0.18266876825174339,0.047213348998205805,0.5511026844463716,0.12119975778595493
2019-05-06,MNST,평상(모멘텀),2015~2020,0.0019923347854402546,0.08248150752099159,0.06931071749316466,0.03329271986374849,0.05032374386606783,0.004294589242171076,-0.01026980208381116,0.1936826534015923,0.058005012505683684,0.025016527575912748,0.11021394378198646,0.12119975778595493
2019-05-15,TTWO,평상(모멘텀),2015~2020,0.028145122465336403,0.027154861474265823,0.02772140167676272,0.03758052928223132,0.04025038842904275,-0.0005247177456776386,0.005465191554036622,0.11764707335524793,0.03674415197497671,0.017679757618595582,-0.05677389329393501,0.0491411556321959
2019-05-17,ALGN,평상(모멘텀),2015~2020,-0.10717341129043545,-0.11021723021860863,-0.10768427770278874,0.02530567054672428,0.0318807581934734,0.013847952738055058,0.007971509213706408,0.2089666909234289,0.02357307074149273,0.022591764392484275,0.1692655521483739,0.07331851828498315
2019-05-20,IDXX,평상(모멘텀),2015~2020,0.08321770542653373,0.048147863873851504,0.049912886628418016,-0.001507517757868948,-0.007338998458958224,-0.0031549517937278226,0.002811068609176514,0.14220326460837485,0.006980574243462323,0.015203630005148879,0.14086474074829836,0.06659692304446252
2019-05-21,HSIC,평상(모멘텀),2015~2020,0.044015360676888715,0.014929381270624376,0.01649374767621091,0.025693920601784104,0.03603858187711421,-0.02637349272993683,-0.017219151380457327,0.11547225019045526,0.022696679339413217,0.018915621968627377,0.0805614895084299,0.04034483779691089
2019-05-22,CTAS,평상(모멘텀),2015~2020,0.02601721885527364,-0.016753861042541285,-0.015871364284474505,0.012612575282915817,0.018536648614826914,0.008767292024504991,0.022122470474986007,0.06377685584942294,0.03153527070046458,0.011446670946187962,0.16086281513965028,0.04716367604761906
2019-05-24,INCY,평상(모멘텀),2015~2020,0.06124156781584489,0.003432723382796654,0.00917756619201316,0.03637187794372476,0.027289657766017432,-0.04268838849781276,-0.04161761972624905,0.0887205483093163,0.03683669027350467,0.02253653896858992,0.09690733355965975,0.0268273395786498
2019-05-29,AMD,평상(모멘텀),2015~2020,0.06314773633909931,0.006310005085197634,0.0032823820940187792,-0.02647169985435871,-0.052651636161349935,0.03372486648430595,0.020792830315201585,0.04911515625758778,0.08883054365726517,0.036459822325090666,0.20848809221670406,0.017731779414962734
2019-06-03,PAYX,평상(모멘텀),2015~2020,-0.012896580293101588,-0.12612642414221353,-0.122599108570405,-0.023511277629467475,-0.06747674999952524,0.018703117003578074,0.02503785483810625,0.04410891747123635,-0.003137394213162059,0.010634138063672534,0.1764195834640352,0.0021778293090666256
2019-06-04,CTSH,평상(모멘텀),2015~2020,0.05135496913521442,-0.03697932803138837,-0.025786941927673418,-0.013599414902970342,-0.02816380622895258,-0.0011467118540839927,0.003024170062266179,0.025189954520805635,-0.02149676378259302,0.014317701130577724,-0.13180867032734334,-0.0069532799899937325
2019-06-04,XEL,평상(모멘텀),2015~2020,0.04614963233495972,-0.04218466483164307,-0.03099227872792812,-0.01815830559965681,-0.03272269692563905,0.008241375094068415,0.012412257010418586,0.024213542751387207,-0.017630050263912067,0.009339597399138514,0.12210047758695053,-0.0069532799899937325
2019-06-13,ILMN,평상(모멘텀),2015~2020,-0.10815917722222967,-0.1657518384020482,-0.16458116430582415,0.008707942812871572,0.014697852112585832,0.09617940182821538,0.10207127064066403,0.11357367399540053,0.06604011274381172,0.017892846369306905,0.07047572736440566,0.019929658460775768
2019-06-17,ORLY,평상(모멘텀),2015~2020,0.05453250132485832,0.0013126789428943297,-0.0024115065355459694,0.014164091362548037,0.008287647838199387,-0.03590891072478375,-0.03687931594048822,0.10037721487452744,0.014911359255382672,0.008328077642485127,0.08236595093253252,0.013326540430342426
2019-06-18,HAS,평상(모멘텀),2015~2020,0.004767361780137371,-0.02841490326448448,-0.0318436165124749,0.017434002099161017,0.023400022502065354,0.04019846289068507,0.03655672987818192,0.097169293911755,0.008038325731933638,0.017874320187533915,0.15208885766505897,0.004437315072502779
2019-06-19,ADI,평상(모멘텀),2015~2020,0.042758709897934954,0.011929594511663977,0.006098185462033612,0.022660642999627223,0.03181498434910673,0.007232428340137043,0.010749650729590159,0.13383046531571408,0.0453551292718688,0.023322152254794407,0.13985146462861775,0.0422245847393965
2019-06-20,MELI,평상(모멘텀),2015~2020,-0.017303862417528793,-0.029819948524596906,-0.037151179512125064,0.025963755602414595,0.03931893405289561,0.017847056476261614,0.013854559484758444,0.11945196087486254,0.028841440269576468,0.022362267495734875,0.5647019189672071,0.04794071244207765
2019-06-24,DLTR,평상(모멘텀),2015~2020,-0.06605821381732035,-0.09603871865570535,-0.10804015852328225,0.031850374849447194,0.0329211436210109,0.002293175029136396,0.016786875482055277,0.1511389646552992,0.01704292380039174,0.015131813590976475,0.18694458878505005,0.05755048064186874
2019-06-26,TSLA,평상(모멘텀),2015~2020,0.041553649627702915,0.0018501836409081651,-0.005249051225269925,-0.02492598948372715,-0.037858025652831515,0.06391586944089944,0.07721890468822648,0.16459994271889355,-0.022158924003840785,0.029884274446991096,-0.23428408685726743,0.02883543178172765
2019-07-01,WDC,평상(모멘텀),2015~2020,0.13777822494507408,0.11404924028712471,0.11794631700813495,0.07143777090043901,0.07777250873496719,-0.03651152084851672,-0.015341903210180478,0.2921896498614185,0.20118129753461456,0.03360196907262782,0.04432198415153765,0.0167144282469327
2019-07-02,WYNN,평상(모멘텀),2015~2020,-0.02380930372960466,-0.030086366795276764,-0.0277303999904203,0.03286065530772153,0.0370315372240717,-0.04224099126386449,-0.033142415987234324,0.2672587585084596,0.07564328996726433,0.030614573457762844,0.11056488127427788,0.030179458290949146
2019-07-12,GEN,평상(모멘텀),2015~2020,-0.10289920085307236,-0.06551266763976382,-0.06285359156964448,0.08947588032312104,0.09536774913556968,-0.02490916169755708,-0.029484549137447736,0.32569015230312326,0.01354578722175992,0.031001468383337553,0.19343735402368956,0.035083949899509914
2019-07-16,MU,평상(모멘텀),2015~2020,0.023777592688034588,0.04887260545701155,0.054842450055274994,-0.02142699852132446,-0.022397403737028924,-0.017173707465828247,-0.009470300102468281,0.359461016739439,0.09873771789013253,0.03486935060907361,0.1538924929308232,0.03726342750831768
2019-07-17,AMD,평상(모멘텀),2015~2020,-0.10199996594020144,-0.051468590330372876,-0.04445994178600025,0.01896106777148776,0.015319334758984606,0.01746347925472569,-0.0024022554353046593,0.15924649279747283,0.021116045732176625,0.021789364218667423,0.3631301859277747,0.03086716507878462
2019-07-18,CTAS,평상(모멘텀),2015~2020,-0.004416999637629647,0.048623594622515975,0.06072048205647941,0.03557393353698468,0.0390911559264378,0.005911556833213538,-0.013483204423795449,0.1249997072799165,0.09082907457905409,0.020615816386588784,0.3001978755679169,0.022722467511388622
2019-07-18,KLAC,평상(모멘텀),2015~2020,-0.006748572063306367,0.046292022196839255,0.05838890963080269,0.028755487589066986,0.0322727099785201,0.038881777968182485,0.019487016711173498,0.12436147519690421,0.04915961710238048,0.013746104097372086,0.19157514878224036,0.022722467511388622
2019-07-19,ASML,평상(모멘텀),2015~2020,-0.05016214592033852,-0.02070547870836037,-0.008951906733197491,0.019652660321348714,0.015660163329845544,0.011904200104079665,0.01000520739512943,0.1515596398764001,0.08580035520349605,0.02076133888590968,0.2431189493891217,0.011960490447373795
2019-07-23,AMAT,평상(모멘텀),2015~2020,-0.08626442234280696,-0.049796051796455965,-0.03888948853280271,0.062060886000792514,0.0765545864537114,0.006221050715227827,0.011203587551595945,0.1808658936405969,0.0961539225182817,0.021873645991893318,0.3200859100522828,0.011283241506117925
2019-07-25,LRCX,평상(모멘텀),2015~2020,-0.0033760195120647856,0.024674873897163385,0.035535967013207395,0.04649444327128771,0.05979747851861475,-0.016496896629459745,-0.009877571006975026,0.23410367420668687,0.13175486959756233,0.018870781939812193,0.2942634237188335,0.0218865860314279
2019-07-30,HAS,평상(모멘텀),2015~2020,-0.13490199934226943,-0.08630823925924691,-0.07425344519396919,0.07224932541687967,0.09341894305521592,0.04559440499202139,0.026839905350062195,0.19294088200089887,0.16182860502395102,0.02377828324246433,0.3444755118648537,0.03431097344153744
2019-07-31,SBUX,평상(모멘텀),2015~2020,0.027020018297625015,0.06025829099141122,0.06860791531245208,0.0045229357553402405,0.013621511031970407,-0.01768467081278502,-0.03259092029704706,0.14311069958577627,0.07257806160293256,0.021839936569734025,0.3381425645586169,0.013604882482665115
2019-08-09,JBHT,평상(모멘텀),2015~2020,0.15158081398727918,0.127238241420909,0.12819859321313232,-0.010458516150552488,-0.015033903590443144,-0.030347795019057933,-0.021371572650787724,0.1341479082604815,-0.01916588311760048,0.02453636288280119,0.0018240357648315886,0.04363083438605986
2019-08-13,AMGN,평상(모멘텀),2015~2020,-0.045142783552069354,-0.06577258211911052,-0.06940174146546327,0.04979136459968947,0.05749477196304943,0.02370993565146229,0.03677361534943404,0.16840741162004802,0.13377398268313123,0.022848576616133393,0.11562632204129586,-0.002435306023971573
2019-08-14,FISV,평상(모멘텀),2015~2020,0.012550760171551103,-0.04448562873244022,-0.045235218648909975,-0.02871311225635209,-0.04857884694638244,0.012618668018471224,0.026635852936397607,0.12639755781392625,0.026790935994621012,0.02104012016453304,0.24059844237357075,0.029914618067944154
2019-08-15,TTWO,평상(모멘텀),2015~2020,-0.010402070047709098,-0.06491991214560755,-0.06863261191311257,-0.0150235539691701,-0.03441831522617909,0.029519251983495254,0.042586941816534586,0.07329934403425131,-0.024574905917886913,0.0253418452844712,0.19682693271199914,0.01537675173136055
2019-08-15,WDC,평상(모멘텀),2015~2020,0.19296841304611512,0.13845057094821667,0.13473787118071165,-0.012069977807946164,-0.03146473906495515,-0.049343897385342395,-0.03627620755230306,0.05709851973866131,0.030285959892074388,0.026325058306818083,0.19976831651530502,0.01537675173136055
2019-08-16,NXPI,평상(모멘텀),2015~2020,0.04027377681862254,0.007620343684030084,0.004270884023973527,0.027050843695538784,0.02515185098658855,-0.010043614048077854,-0.0013267225400396387,0.027285642377876895,-0.016850716167461366,0.024730638723210727,0.1032760584752559,0.0045457020782009305
2019-08-20,NTES,평상(모멘텀),2015~2020,0.08640669637372822,0.057169209963251255,0.05769273210763758,-0.0017940305586297,0.003188506277738418,-0.0009082352521035952,0.00985823337706622,0.07939613238917942,0.11529273683263996,0.03926711402016941,0.0656241702162812,0.05629359319836702
2019-08-22,INCY,평상(모멘텀),2015~2020,-0.05284149834321927,-0.06790743163848645,-0.06643291764168169,0.044482136772615144,0.05110146239509986,-0.0561624342362812,-0.05302344656248064,0.087428907587358,0.06180609779329216,0.021795405578082627,0.1034870015657181,0.0624919747738546
2019-08-27,VRTX,평상(모멘텀),2015~2020,-0.0398681626928471,-0.07125982524910868,-0.07108150831151314,-0.010502297308966235,-0.029256796950925427,0.0040205542815818784,0.00727861823404748,0.08668714451348625,-0.03447537054088812,0.024481555562379336,0.017903470605405758,0.06271921574247319
2019-08-28,XEL,평상(모멘텀),2015~2020,0.029456059968070436,0.0051950214197906686,0.006351656794585717,0.008597888696486589,-0.006308360787775458,-0.020922737409455938,-0.0190303334423027,0.05611495141857725,0.025480699594164324,0.010560034139460701,0.15525469688002325,0.08426599006296631
2019-09-09,DLTR,평상(모멘텀),2015~2020,0.027935740041801216,0.041631417084434186,0.052027841899904184,0.023267273919224563,0.032243496287494774,0.019729445306731153,0.01093139669317862,0.1797245469944273,0.12235082217331583,0.021645617806276107,0.10161446525202233,0.05088801398395759
2019-09-11,NVDA,평상(모멘텀),2015~2020,-0.02163877883408616,0.0033435720285363013,0.015326379481604521,0.05205478773773886,0.06511846743571062,0.020211257064167487,0.0037661297505284692,0.21070516227171243,0.11579449985724577,0.03402177320203477,0.14726854353553853,0.04487571077696417
2019-09-12,NTAP,평상(모멘텀),2015~2020,-0.11042041254096924,-0.08806694736687304,-0.07843729730767166,0.06306210692497927,0.07707929184290566,0.05885764642719682,0.048620787397197406,0.1964249387438317,0.1438453998457898,0.02639385335132979,-0.09119696160004598,0.04797171304358483
2019-09-13,MU,평상(모멘텀),2015~2020,-0.10893060701461732,-0.10271362714197829,-0.09415163344250703,0.040195236535198964,0.053262926368238296,-0.01643959125153094,-0.010960660782454612,0.19980935248518272,0.028757975316750617,0.022106668410687216,0.2773499231541856,0.036925366714545715
2019-09-13,WDC,평상(모멘텀),2015~2020,-0.09073030483880762,-0.08451332496616859,-0.07595133126669733,0.05190509717407621,0.06497278700711553,0.002748131430511558,0.008227061899587884,0.1886825361415414,0.04439052386597053,0.023688399581020318,0.38411312383653384,0.036925366714545715
2019-09-16,JBHT,평상(모멘텀),2015~2020,-0.04913058601119258,-0.047846893753093034,-0.03946324919772167,0.01938319224431795,0.02810008375235616,0.020615580050537208,0.02443670076917033,0.20553690102745525,0.03810738075276965,0.0174266101585523,0.16275694245073047,0.029371099444379878
2019-09-18,ASML,평상(모멘텀),2015~2020,0.016735993569136465,0.012723866880784751,0.018989059796783014,0.02159410724380728,0.032360575872977096,0.004678138546429178,0.012808424601620771,0.15026205738254883,0.026606443934562574,0.015064536352074507,0.2828492486381311,0.020703171568371426
2019-09-20,LRCX,평상(모멘텀),2015~2020,-0.0038529565423304196,-0.009597207018063878,-0.005279094804942091,0.0038851180194430235,0.007024105693243584,0.06111616089052285,0.05750134637660818,0.1388051347717294,0.008473166425528866,0.016696819769265122,0.3043050831748395,0.040867860592659566
2019-09-25,AMAT,평상(모멘텀),2015~2020,-0.028959378948703485,-0.039971070482431204,-0.033507347035409744,0.020961511789626464,0.024219575742092065,0.05982319905762212,0.045297384110234894,0.12168381652099702,-0.0007815856732003024,0.015510937897007594,0.2314878106163447,0.00507881035534985
2019-09-26,KLAC,평상(모멘텀),2015~2020,0.03992644026061365,0.014871084477036778,0.018530948992528783,0.033462781156817556,0.03535518512397079,-0.013926780645006853,-0.018230728933822035,0.12758019871410387,0.016520918420013242,0.012195947702827193,0.3709580381944839,0.004557062787322819
2019-10-07,ILMN,평상(모멘텀),2015~2020,0.004796432468402447,-0.05805432613408357,-0.05733391305810332,-0.0013464116595481856,-0.010144460273100718,-0.007346428681130113,0.0007641657542411459,0.11977787179070964,0.003518320036545175,0.021720974238625443,-0.019195292677205766,-0.018068084887994273
2019-10-09,EXPE,하락(저변동성),2015~2020,0.011552878688608771,-0.054177376885842454,-0.05537611077635221,-0.011005803782850543,-0.02745093109648956,-0.13079259841396929,-0.12834553824115752,0.010601522715633305,-0.01762374500130104,0.00780828121144487,0.052747129137650894,-0.045520689682012505
2019-10-10,CTAS,평상(모멘텀),2015~2020,-0.007727779108324893,-0.06964874089944406,-0.06952438487399584,0.0012993517015538192,-0.008937507328445593,0.0030229384112772095,0.0048616259622823585,0.07133569341462542,0.01784132092648738,0.015637553405488648,0.1768573225217107,-0.029840785085736288
2019-10-11,ALGN,평상(모멘텀),2015~2020,0.29656119440578155,0.24403492274170424,0.2494087961309167,-0.005185450242471856,0.00029348022660447004,0.00042499859343925195,0.004272981985941555,0.1119574138038304,0.05087402543230546,0.01895679978734458,-0.21082066577332736,-0.01881156312940313
2019-10-11,ULTA,평상(모멘텀),2015~2020,-0.03890740231805112,-0.09143367398212843,-0.08605980059291596,0.012200382860249492,0.01767931332932582,0.002097503959083813,0.005945487351586116,0.06893348109943709,-0.06090973515867415,0.02511686902827011,-0.23035842202944412,-0.01881156312940313
2019-10-14,FAST,평상(모멘텀),2015~2020,0.04391805806848659,-0.007033645589023196,6.974112281361161e-05,0.03368128294588102,0.03750240366451414,-0.010989858830728783,-0.01069979743810761,0.080261432711624,0.14348628008184416,0.042615449361895145,0.16921906792983865,-0.007622597413412091
2019-10-16,NVDA,평상(모멘텀),2015~2020,0.07194034077078149,0.029062738907963848,0.037706389994729035,0.016978842511375047,0.025109128566566642,0.004559721882509971,0.0013484131909121356,0.08449730483338458,0.10799545142601619,0.02375683162826759,0.19858751633106708,0.004772853531563204
2019-10-18,SWKS,평상(모멘텀),2015~2020,0.1307329410898781,0.07392035270766639,0.08386054931231829,0.004332158760396387,0.0007173442464817135,-0.006134468546224792,-0.0055026083968458305,0.10445322524041023,0.03133452561244798,0.023040292625808836,0.11709972205921115,-0.008547380003656069
2019-10-23,BIIB,평상(모멘텀),2015~2020,0.02159940606634536,-0.028376038978675133,-0.023030254092435025,0.06132239491443947,0.04679657996705224,0.02040913362913699,0.017183596054213792,0.19335308534721474,0.24688135079771478,0.06064597629564742,0.10433250884777223,-0.014327051402439173
2019-10-24,TSLA,평상(모멘텀),2015~2020,0.18202961456670086,0.14451105055502222,0.15494329345790164,0.038203782049833324,0.03389983376101814,-0.03887169513650346,-0.04579849735441338,0.11359855945557751,-0.01951883929819409,0.02126628158286159,0.004023681090264741,-0.007922066766425262
2019-11-04,KHC,평상(모멘텀),2015~2020,-0.06667255199816924,-0.07204119194747305,-0.06611275821380053,0.07665976123668616,0.08477035567205743,0.011147250258280561,-0.005596531114133545,0.20889747658130475,0.14904870690705696,0.030410981678340446,0.03515249101948226,0.05648536464065623
2019-11-06,AMD,평상(모멘텀),2015~2020,0.10069965475556741,0.08698934458850038,0.09169214988923444,-0.0006225105926752628,0.001824549580136513,0.01606936108495649,0.0038788232383835802,0.28055267842966347,0.09445966884315005,0.019145991621749216,0.2629306823205684,0.0857612986325158
2019-11-07,TCOM,평상(모멘텀),2015~2020,-0.060975210166800076,-0.08259653444662585,-0.07846701759737412,0.06902083285162064,0.07085952040262579,-0.0010429766591837364,-0.005455654956345498,0.2073716709324569,0.0844678265527039,0.019048687778614688,-0.035525921906765845,0.06054235192201096
2019-11-08,QCOM,평상(모멘텀),2015~2020,-0.0918810995787116,-0.10482344625333351,-0.1006837798741593,0.0860592985971862,0.0899072819896885,0.005764299749900115,-0.0064865146415594,0.20021353267491326,0.1185976624602958,0.02124334573927275,0.29475757312807316,0.09739757777585689
2019-11-08,ALGN,평상(모멘텀),2015~2020,0.050092864450040686,0.03715051777541878,0.04129018415459299,-0.0004248180463670703,0.003423165346135233,0.002718287250575102,-0.009532527140884412,0.33357369770434464,0.026358592620561838,0.034758154933328775,0.03958506351529012,0.09739757777585689
2019-11-11,BIDU,평상(모멘텀),2015~2020,-0.052384742524194006,-0.06601991697793153,-0.06400220227733082,0.06389838368741052,0.06418844508003169,0.0490047387340502,0.03490323552365123,0.19013943436052894,0.1903669560888388,0.034611783813259404,-0.05358822989055545,0.10300745871157746
2019-11-13,VRTX,평상(모멘텀),2015~2020,0.06294445462024467,0.03787364925091885,0.033200322125978496,2.7619622807284472e-05,-0.0031836890687905505,-0.0003713793939521537,-0.0007894303877150657,0.15737482296330807,0.03408745684035952,0.017145481506180203,0.13691214640646732,0.0705334442984884
2019-11-15,LRCX,평상(모멘텀),2015~2020,0.004327281675046592,-0.026315487657334158,-0.028467035037856796,0.040053299501186634,0.04068515965056559,-0.010493190136644737,-0.004638920046993675,0.16514185300441997,0.003575612505255732,0.034563065925502484,0.35713335352675735,0.06783847462073722
2019-11-20,ADSK,평상(모멘텀),2015~2020,0.10959497213999692,0.06643335583548504,0.06459973955162354,-0.0010415515807371545,-0.0040246179323695005,-0.007734388753278587,-0.001277109808472037,0.17462690209232878,0.04093383095431635,0.011776148111905119,0.03726146372986827,0.10082088402071432
2019-11-21,TSLA,평상(모멘텀),2015~2020,0.14105445796865035,0.09110416853676861,0.08617665488865639,0.040443814774578035,0.03356631378162432,-0.014840226154835046,-0.004747857851718808,0.38299041611213847,0.01765334942050867,0.04564680876067589,0.3803992898062871,0.0948608762090577
2019-12-03,MELI,평상(모멘텀),2015~2020,0.05875727140039633,-0.01604574779288437,-0.011151138505019878,0.003154757366039096,-0.013482204508176412,0.010799906354259647,0.01425227338731875,0.18367346938775508,0.02564102564102555,0.018022936502944877,0.04617491399818352,0.05816203728864111
2019-12-05,LULU,평상(모멘텀),2015~2020,0.01810485516976379,-0.04690394498802086,-0.034383530767932866,0.025477203761191447,0.013493143497707779,-0.0011407388258592999,-0.010565717989387102,0.16074923372360472,0.012295842479773667,0.011461704884148263,0.23827997451029415,0.06165144644773113
2019-12-06,REGN,평상(모멘텀),2015~2020,0.0003370222607557167,-0.05314163496858759,-0.04670872782444928,0.00894149697235802,0.004651536783042993,0.009482189913320838,0.0025249877507368687,0.13513522493882846,-0.00871945578989275,0.016694977587349846,0.1182495917274724,0.05335227133440856
2019-12-09,ILMN,평상(모멘텀),2015~2020,0.015055075231395378,-0.05066858321171264,-0.044032466805250574,0.01019861334816552,-0.001838776330916652,-0.011109146578852092,-0.013748175999836899,0.10574093501204995,0.017801468861537995,0.008908773214190088,0.0496551805937111,0.060630247395081716
2019-12-09,INCY,평상(모멘텀),2015~2020,-0.19463637472166473,-0.26036003316477274,-0.2537239167583107,0.019163816555007873,0.007126426875925702,0.06963346833468687,0.06699443891370206,0.14161431752274423,0.0033984673149816125,0.016042350882253347,0.15413819627346848,0.060630247395081716
2019-12-10,VRSK,평상(모멘텀),2015~2020,0.0667671324347503,-0.009282399096871785,0.002094173978200581,-0.003867976373520432,-0.017796015966718513,-0.007742451285798313,-0.005500707161803172,0.07839101973189577,0.00930800644149965,0.006894127410802023,0.013790187325682934,0.05952020821587101
2019-12-12,EXPE,평상(모멘텀),2015~2020,-0.027638799866228303,-0.09894724573677538,-0.08123854362370533,0.04973182858824576,0.04916314809146129,-0.004590099594109942,0.003572351662381257,0.17456920829003875,0.06062889666096316,0.01687745261294877,-0.09859922033979651,0.06513296842174054
2019-12-16,SWKS,평상(모멘텀),2015~2020,0.062156892644786854,0.00786028568705266,0.019521397376161112,0.013905072643374483,0.019660796357754803,0.004531690246375009,0.011112068076341793,0.1378525372784185,0.10359111511510233,0.016312644422294437,0.3508753056317131,0.07415027721294853
2019-12-19,WDC,평상(모멘텀),2015~2020,0.17778929989310166,0.11699515441537445,0.1381613337420588,0.016139645895204113,0.022596924840010663,-0.012841000936109292,-0.0022307508356757006,0.20433509513119974,0.12061880028474836,0.024344165558530795,0.12105934430765974,0.11291511765363782
2019-12-20,MU,평상(모멘텀),2015~2020,0.07264567139483735,0.013869337035484985,0.037182805083759485,0.041159831796338864,0.0512522000994551,-0.04013446813767596,-0.029269798425121223,0.19662065743071033,0.06984493460381569,0.022547785827079926,0.26687714704773335,0.10735512290658344
2020-01-02,TSLA,평상(모멘텀),2015~2020,0.5100392571766785,0.4965939139887323,0.5231172996036555,-0.04496419499706217,-0.041324587308470405,0.03139077158304859,-0.00706035391572505,0.24923100451063718,-0.002123007061926252,0.02120733149692849,0.5785260059498671,0.126251944457056
2020-01-06,AMD,평상(모멘텀),2015~2020,0.019905381001467326,-0.034967079566397885,-0.015845118710933456,0.01645426358506441,0.0070606025416939285,0.0395878215351777,0.037444102580173194,0.22448979984131867,0.04224742356596067,0.027845499305282826,0.5094573537726785,0.15644241564781813
2020-01-07,JD,평상(모멘텀),2015~2020,0.040275635013359734,-0.018621466302327416,0.004334304985560769,0.005497732532818045,-0.0018372892208936842,0.008989694270745252,0.011970710762651013,0.1677934263066414,0.0576120160603677,0.01802383390372087,0.24633372366570794,0.15057346872628008
2020-01-08,BIDU,평상(모멘텀),2015~2020,-0.03588230506351997,-0.09574851322946554,-0.07005832425190556,0.019596320748410445,0.016554009517147285,-0.015008819000992935,-0.008368208893489583,0.17997409364471095,0.08242929730975201,0.025481497367779556,0.11610192906243944,0.14289908370776483
2020-01-08,TCOM,평상(모멘텀),2015~2020,-0.07794247504601548,-0.13780868321196105,-0.11211849423440107,0.020683335987428553,0.017641024756165392,-0.02128668778640741,-0.014646077678904058,0.13568619658148062,0.09152053387342352,0.028696307060223008,0.04335825181615327,0.14289908370776483
2020-01-09,AAPL,평상(모멘텀),2015~2020,0.03404162754066431,-0.01172997061480574,0.018063346655973433,0.013592980612237238,0.016216621141484696,-0.005795905799276246,-0.00951948091295473,0.13588323993107498,0.032487844254428966,0.008851988787290398,0.3721938137782348,0.1362196069213495
2020-01-13,BMRN,평상(모멘텀),2015~2020,-0.0036992625148826157,-0.053002227757564135,-0.02832769384779152,0.019648476676870086,0.028240643719127823,0.0032315052112776854,0.018298673528649098,0.1565317044118475,0.08452379135858434,0.01761793402112817,0.14363401470743375,0.12889448223167976
2020-01-15,MELI,평상(모멘텀),2015~2020,0.08671488614933431,0.02473494683330313,0.04961753795644991,0.017049644665821928,0.023336920494112245,-0.05369563964152535,-0.0213170961919546,0.1486779765619919,0.04331201171874999,0.025765831731123488,0.1337179465845939,0.13740374337024797
2020-01-21,WDC,평상(모멘텀),2015~2020,0.009193532094762926,-0.051035864422346755,-0.03401499690495816,0.013008037153372731,0.02329058594293508,-0.06771137397714866,-0.019836471411524996,0.2022015956668488,0.004709970412946074,0.02470992804011865,0.30057397260891205,0.164974352061378
2020-01-22,WDAY,평상(모멘텀),2015~2020,0.042679533648720014,-0.0051243703566126175,0.010487300619443106,-0.005064770539793262,0.005753264034219318,-0.035059559747233404,0.009121128562410236,0.128365348110411,0.0021437961388184323,0.013522663730404984,-0.020924917635832707,0.16188155011547178
2020-01-31,TSLA,평상(모멘텀),2015~2020,0.1410284527907253,0.15365473022736098,0.16147382534822494,-0.03043538147512015,-0.06888650697389379,-0.023938287992665286,-0.0045504323545875296,0.5318290433262414,0.11990565924527385,0.037622160364395515,1.2104870620523074,0.11945835354583756
2020-02-04,XEL,평상(모멘텀),2015~2020,-0.003443045467020121,0.03778010015107858,0.04283073524033236,0.009965608050227281,0.007821889095222774,-0.03295750073688353,0.02627050028620541,0.10800858427452154,0.03780622384387655,0.006021092772278548,0.13792008342802276,0.11157499788277314
2020-02-05,MSFT,평상(모멘텀),2015~2020,-0.07523991573699607,-0.0009595033228722016,0.00687344401729853,0.014194377758136145,0.017175394250041907,-0.038803674043654146,0.004532863555982335,0.13261697078159718,0.0886016907445959,0.014663370182657573,0.2773145108300965,0.13885128030373894
2020-02-06,BIIB,평상(모멘텀),2015~2020,-0.059199556950341514,0.03772907315636587,0.04208205253671515,0.08273334561148782,0.08937395571899118,-0.031869373590985406,0.013613543484455419,0.14747147202369448,0.17821749986362567,0.042766542617465354,0.31493390446703784,0.13964463493899548
2020-02-06,INTC,평상(모멘텀),2015~2020,-0.1707285919912559,-0.07379996188454852,-0.06944698250419923,0.015319721896394967,0.021960332003898318,-0.03265957214770632,0.012823344927734508,0.1427120703337761,0.015227062196045527,0.02592029875814076,0.2898830319358401,0.13964463493899548
2020-02-07,CTSH,평상(모멘텀),2015~2020,-0.22414292537642555,-0.06957911001489969,-0.0699365159727319,0.04556021820904288,0.0418366430953644,0.02151511539928186,0.012811153120611972,0.17602477476452205,0.14326879575430662,0.02377916438725518,0.14560101895579458,0.14414319039047774
2020-02-11,AMZN,평상(모멘텀),2015~2020,-0.15540339880513498,0.0034285422546879163,0.01129044557710715,0.048441828577157287,0.0635089968945287,0.02435139393636976,0.03887784136170473,0.1331539166665383,0.06471913191939693,0.019592162801492095,0.16004158528194679,0.1516313699603209
2020-02-13,TMUS,평상(모멘텀),2015~2020,-0.10448048029407087,0.062306767859984125,0.08617855924569562,0.050524436629661995,0.08290298007923275,-0.029243996004701955,-0.019763516057772147,0.1988719965449992,0.16970283349190618,0.028775062987797355,0.22205137803720243,0.16413150965383472
2020-02-19,NVDA,평상(모멘텀),2015~2020,-0.3571277692927156,-0.09541145756379332,-0.05289428700618359,0.15233982756508047,0.20021473013070412,0.18775512598698096,0.05212417369402933,0.18970665633768613,0.12777102535386686,0.025926744605224133,0.5509136463846849,0.15482669252488912
2020-02-20,AMD,평상(모멘텀),2015~2020,-0.3066970599521601,-0.06372330162744677,-0.020294436405317418,0.1228153849200222,0.16699607322966584,0.10157615763371886,0.005579724997730184,0.15377086006143426,0.09479558292084844,0.027011232286953093,0.6460031759013911,0.17322836502188022
2020-03-02,REGN,평상(모멘텀),2015~2020,0.015751495370714075,0.12714740422702686,0.1619631939376723,0.043049339463314684,0.06243719510139244,0.017366346068294014,0.0450845889502401,0.32241665256264507,0.10274088895769373,0.027780514067791605,0.35421082862880104,0.01836148066175225
2020-03-04,GILD,평상(모멘텀),2015~2020,-0.039162559912802375,0.12431318223344867,0.16720224832193026,0.042699780150586175,0.10192778117367511,0.03608711862541525,-0.014457220155197181,0.11829409566613158,0.058630351938248726,0.034206297922835534,0.14218218075513955,0.03591380385743426
2020-03-05,BMRN,평상(모멘텀),2015~2020,-0.10526147271082398,0.014208153788931699,0.061882936435291275,0.09860560680145003,0.14194214440108652,-0.05423677481236411,-0.10177028972111199,0.12524687832600434,0.06171889035384259,0.024053105704573648,0.2104804801193445,0.07713637435379894
2020-03-06,CSGP,평상(모멘텀),2015~2020,-0.25720332610710583,-0.1397132848160707,-0.0888728662508563,0.07334295630597265,0.11882587338141348,0.11320814311790484,0.03733180397598013,0.07803626031936228,0.07215547631462549,0.03394823895646674,0.19294536328970868,0.03266380250420209
2020-03-06,JD,평상(모멘텀),2015~2020,-0.055842499697936976,0.061647541593098154,0.11248796015831256,0.05616261096163777,0.1016455280370786,0.04994687937018072,-0.02592945977174399,0.11717580447625586,0.1619790913744692,0.03734672565287991,0.3653778174061093,0.03266380250420209
2020-03-09,XEL,평상(모멘텀),2015~2020,-0.09677758114551305,-0.11359059955459327,-0.06363200977882924,0.055532019478211625,0.04682805719954174,-0.003761313278366929,-0.0048937863869102744,0.012265684870695681,0.12564166426235213,0.02449897707851526,0.12108691141371741,0.02004123106515765
2020-03-11,TTWO,평상(모멘텀),2015~2020,-0.0015800468619766566,-0.029486188489225462,0.0021582100725122478,0.06453963942274665,0.07906608684808163,0.010987182382141247,0.02847041835755647,0.06981981981981988,0.0677036387039276,0.02581541562871288,-0.01795833611266584,-0.0036108803149318414
2020-03-13,EBAY,하락(저변동성),2015~2020,0.02065359910574438,-0.02155647019068696,0.0018227872411223367,0.035153204636872326,0.04463368458380214,-0.013356683072530129,-0.0024373428198574756,-0.1068232307422482,-0.11257417194956909,0.02714084447613019,-0.11592469280362117,-0.1442155851492536
2020-03-18,FOX,하락(저변동성),2015~2020,0.17175064059913048,-0.048822204064164376,-0.06060856716591265,-0.1230459809597878,-0.25867693325273944,-0.005921524392043076,0.015962292606668295,-0.356169442854641,-0.17280949672289214,0.03604503898310261,-0.2979333056088016,-0.12897318687471937
2020-03-19,INCY,하락(저변동성),2015~2020,0.501533254970778,0.2897083395446636,0.2723174528738673,-0.06575203510824856,-0.16174846774423723,-0.06359046936035151,-0.026798574753432593,-0.1883037732086983,-0.06954102773141602,0.03747617208455296,-0.1773135110654166,-0.16966330914178052
2020-03-30,AMZN,하락(저변동성),2015~2020,0.17627846801900993,0.07631790678531192,0.06967476640520409,0.010057016001879804,0.03777525888382589,0.020463735403149164,0.021830866122305524,0.00867946652600371,0.0292564347666886,0.04262886912385194,0.024757707237596627,-0.13107648906410885
2020-04-01,COST,하락(저변동성),2015~2020,0.05697312445074054,-0.1452925797447282,-0.14097776798031186,-0.03403593749101996,-0.08458027627163239,0.013079426366214175,0.027028382026660122,-0.05813763170537123,0.0006669193445592025,0.0423993300328763,-0.021904104101816646,-0.11148641070237564
2020-04-02,GILD,하락(저변동성),2015~2020,0.03658156577686311,-0.10519000460450423,-0.10890254264803945,0.021709779273680008,-0.025823735635067874,-0.00567027006801335,-0.024616562421009083,-0.03716255991280237,0.04091277594223519,0.047034846953715105,0.10720905376157264,-0.15394998986853825
2020-04-03,JD,하락(저변동성),2015~2020,0.05716275550693939,-0.1163204311095758,-0.11644281487975755,-0.04757086320418591,-0.12344720234611062,0.08031555321623562,0.0654028630917064,-0.10174808255977574,-0.045941338530164466,0.04804193165074276,0.18033717991061238,-0.1368673323571149
2020-04-06,BIDU,하락(저변동성),2015~2020,-0.07165227927229778,-0.17669999775139655,-0.16389095898483583,0.032665213168897145,0.0315327400603538,0.03897733933140479,0.030515144382789204,-0.14541938830821766,-0.004404387148138844,0.050423717075308655,-0.1478845781034086,-0.15531898201093608
2020-04-08,TCOM,하락(저변동성),2015~2020,0.010239847045897978,-0.09576119792251259,-0.06733251254298087,0.04122752487734105,0.05871076085275627,-0.00879057181722176,-0.007432235565894969,-0.15845677847995088,0.041791018670638724,0.05098640392772171,-0.25316897548272776,-0.10230472348731012
2020-04-13,EBAY,하락(저변동성),2015~2020,0.21002571132813497,0.0940758964624051,0.11544169182211707,0.013537499158383426,0.02445683941105608,-0.01869500735666485,-0.005587697651023526,0.024220626519355637,0.15895855372057266,0.043324709278414336,-0.07671042919101545,-0.08799432056873879
2020-04-16,CHKP,하락(저변동성),2015~2020,-0.0025719682193658926,-0.04100498652954321,-0.03714329955562636,0.009577485911556494,0.031461302910267865,0.011390440013178127,-0.012850092389151115,0.02263624017554955,-0.028913838055687147,0.029534400127086146,-0.07170426797125307,-0.06341700465195499
2020-04-17,TMUS,하락(저변동성),2015~2020,0.06756830546831427,0.031312120970258706,0.05328707830704969,0.03400517340264941,0.07079706800956834,-0.0206928042311203,-0.04755682475640458,0.21461244649275213,0.03937819966234901,0.03285020234117699,0.11626556083070172,-0.04459652128575653
2020-04-21,REGN,하락(저변동성),2015~2020,0.022133875611502818,-0.08443997171236961,-0.08819146652078975,0.015833123270408977,-0.01632081544189256,0.0277688747249627,0.02212047430047456,0.2954500855312059,0.09858423821920459,0.027963142202187822,0.581163679273395,-0.05321381604180797
2020-04-28,TTWO,하락(저변동성),2015~2020,0.11425592803817941,0.026161267103764763,0.026057925714867952,-0.041604641979055224,-0.04181945477585633,0.0012601847668542998,0.0023163724946227487,0.12739484105382082,0.004627058939888462,0.020833157098431674,0.03294591640192568,-0.03266492477678029
2020-04-30,TSLA,평상(모멘텀),2015~2020,0.06593886833783369,0.004273415795106539,-0.01742210507292201,0.021551539216462245,0.03341844969391729,0.03795321518977968,0.0421975046305523,0.5276907701655156,0.09342853011633867,0.059581922872330606,0.8790282068082418,-0.015720696909449328
2020-05-01,PCAR,하락(저변동성),2015~2020,0.07367192198856132,-0.027348014799418507,-0.04981665120833427,0.0065220809538939495,-0.014361955017059252,-0.00012363399396286834,0.0034347344447952233,0.15153025666424913,0.05037202194472856,0.01764496616487004,-0.01118991030350791,-0.03573469851728539
2020-05-04,MDLZ,하락(저변동성),2015~2020,0.04114832596778695,-0.05203584153634666,-0.08298144909658443,-0.015812534883215656,-0.031276006345898735,-0.01682438883526638,-0.010049267314485383,0.006351371512606896,-0.013810729579969205,0.01848458827110657,-0.048873413787711706,-0.06931434588159258
2020-05-05,CHTR,하락(저변동성),2015~2020,0.06394730677500449,-0.022728680148933256,-0.06920690818435052,0.016007755687939218,0.007224956400389821,-0.032525019101466546,-0.013020779639373502,0.18886582522192774,0.014337931697622208,0.019645230562223222,0.12833175351304327,-0.06476971807644294
2020-05-07,VRSN,하락(저변동성),2015~2020,-0.004360878332128169,-0.08374115745329613,-0.1374156800130596,-0.0009547667441641705,0.0015329056712516638,-0.0013793254713140302,0.03063893720684615,0.1124377716009064,0.004872456838872274,0.017198442288535176,0.08384894456385195,-0.05589875430517699
2020-05-11,EBAY,하락(저변동성),2015~2020,0.183156075766157,0.11129289105069429,0.07216027628029584,0.01905116910320226,0.03321160794686226,-0.04660138191101448,-0.020940916373443974,0.24593560527953917,0.0738854371905644,0.014254637728582131,0.15282638145740068,-0.04086574480463412
2020-05-14,PEP,하락(저변동성),2015~2020,-0.025134185235533346,-0.0877396462163933,-0.11538554315054968,0.007276806890732734,-0.015281019907016385,0.01710897151397095,-0.005972886319100135,-0.015329776217514968,0.016669161695965995,0.015474365953542847,-0.00268546093803268,-0.06539281598107272
2020-05-15,COST,하락(저변동성),2015~2020,-0.008784342407534005,-0.07698871010670039,-0.11003072707239799,-0.018868931560023117,-0.04330892023889425,0.01917868901311981,0.0073160491010876,-0.06572688720700859,-0.01724567966049073,0.014541496618217277,0.011985351473128514,-0.06423787025295469
2020-05-20,MELI,평상(모멘텀),2015~2020,0.1159631083297945,0.060398618272487825,0.04816759290521483,0.02444061234916961,0.03195891008193427,0.005427199946849148,0.010035791212378424,0.4056298006718573,0.05756537098143588,0.047700809707451226,0.36064233140161694,0.02411003081352381
2020-05-27,ALGN,평상(모멘텀),2015~2020,0.0228199759097949,-0.036558061933922525,-0.008980497914625393,0.025405937193415884,0.02478717695428771,0.03111457988306854,0.01239421637135536,0.26048709108916035,0.08055093660113433,0.043111441536508095,0.1055005817380863,0.10968672049139783
2020-05-29,LULU,평상(모멘텀),2015~2020,-0.037221616491979526,-0.06797135718840008,-0.04560262424583878,0.035992887648180094,0.03947008830934433,0.05016504763082286,0.01617142660847949,0.22368034414764404,0.10078182542310987,0.028398070019814318,0.32428814260226013,0.0956682367586974
2020-06-01,ZM,평상(모멘텀),2015~2020,0.21553614984004255,0.17779527343862767,0.19777925478857775,0.052911397117443304,0.056469765556201396,0.02643991800005674,0.004993401911098788,0.32780941154716814,0.043306382614116234,0.03933934507467688,0.83187341193112,0.0677428778043101
2020-06-02,JD,평상(모멘텀),2015~2020,0.07998491812287112,0.028258292252024697,0.054260482701419456,-0.004864871405445337,0.001910250115335659,0.022978669297256005,0.015101209520442012,0.3226197142375553,0.09679367309673581,0.03441562208907839,0.46693839335605736,0.10692641033899486
2020-06-03,PYPL,평상(모멘텀),2015~2020,0.12971325056598904,0.07050893338809416,0.11609151644129195,0.01763345240457026,0.037137691866663304,-0.02571370881024404,-0.030831693824541945,0.27357269711715904,0.0713605880719288,0.03516041603232223,0.41472777671190864,0.13211311005249193
2020-06-05,UAL,평상(모멘텀),2015~2020,-0.17177129895884224,-0.2511319462636854,-0.19325563223365236,0.19770037469499746,0.22971863737315765,-0.036637296886492865,-0.020603565465375402,0.7066782511802501,0.3534094600268838,0.0847807467072634,-0.42341185978499063,0.15018515831420776
2020-06-09,EXPE,평상(모멘텀),2015~2020,-0.05273282176603644,-0.1229162618920282,-0.07056894933268748,0.045203985624351795,0.0708644511619223,0.0035404190149179726,0.011437912894241143,0.35686447965647705,0.14037867013187966,0.05256785949136459,-0.06804728291188689,0.3631603483608279
2020-06-12,CTAS,평상(모멘텀),2015~2020,-0.0013985069358370943,-0.09850643581532847,-0.05010549039343072,-0.009872892291940216,-0.0329547501250113,0.03704067868967442,0.025254324710422806,0.3235075317247029,-0.019352727931847058,0.04239828857469273,0.05211766681186969,0.2829200380226895
2020-06-15,ADSK,평상(모멘텀),2015~2020,0.022454175124522413,-0.0708914506960936,-0.02391695591676469,-0.012154464242456697,-0.024017104154488905,0.018369641451544627,0.013603287644322908,0.25349981916271314,-0.045997174665958096,0.02646106736075672,0.28412545684304,0.34683450961359097
2020-06-18,TSLA,평상(모멘텀),2015~2020,0.49292017085661755,0.42967938258381455,0.45494712515251723,0.010523552636839462,0.015132143902368738,-0.016313714178526784,-0.015205854568658733,0.22744766340169442,-0.03244727266556391,0.038384666169677874,0.8669363694720413,0.4246602758489584
2020-06-24,DOCU,평상(모멘텀),2015~2020,0.20896944090330982,0.15119607599647078,0.14534815092029885,-0.0503790548580596,-0.06881413425685669,0.035187060410762694,0.0297785326335056,0.29352467622552814,0.02299907960633174,0.03614340976776893,0.9100151871311764,0.34545629098598796
2020-06-26,NTES,평상(모멘텀),2015~2020,0.029640350366345602,-0.05412341720858316,-0.05135909732631305,0.007085367088390138,-0.026113883230179248,0.026633916043118377,0.024086445038642882,0.1938661178710086,0.06537981734225862,0.0249469146925535,0.34921172667849953,0.2928687627983617
2020-06-29,ZM,평상(모멘텀),2015~2020,0.012563868493497889,-0.04479288862997044,-0.04143849678328397,-0.02575885596068106,-0.0478263083583195,0.015268784773750932,-0.0003872128175108208,0.43080005519281306,0.05470672046641201,0.04516894753628912,1.2920456099302635,0.315653053804996
2020-06-30,MELI,평상(모멘텀),2015~2020,0.10060001079818925,0.0507685296952467,0.04873751529376303,0.007100407568546796,-0.001287096295100338,-0.006432854992772241,-0.010419429754889548,0.16201070660513506,-0.003768217665404916,0.022830569728426824,0.5507896370040752,0.3045578185006719
2020-07-01,LRCX,평상(모멘텀),2015~2020,0.19032690302341626,0.14788608626878919,0.14085166423030004,-0.02095793873206786,-0.026272870007407047,-0.032453029147889056,-0.03573102306302328,0.19628174449891733,0.02367217608594352,0.031009091651148842,0.19499849159309002,0.34918987552447467
2020-07-06,DXCM,평상(모멘텀),2015~2020,0.04641916231056675,0.003886346946609942,0.011735175426742177,0.0242922353754893,0.040190878214366905,-0.02939767864226428,-0.02439121304178212,0.1812382163079882,0.023261096362153566,0.03154155330050239,0.557746791037768,0.28481690643735424
2020-07-08,BMRN,평상(모멘텀),2015~2020,-0.07113690819443108,-0.11414366998347947,-0.11440003135586983,0.020864144582570354,0.02996937611101371,-0.011770656370951427,-0.002925078907591673,0.19752970962683647,0.047470969367088056,0.02667260096293045,0.4672281592405745,0.2774134968656117
2020-07-13,NFLX,평상(모멘텀),2015~2020,-0.0821521988009728,-0.12770496211323557,-0.1323085918526357,0.06269162260189054,0.05120360799652282,0.013208558706149898,0.010197291619537209,0.289430430807293,0.15064274878343475,0.029051866815221962,0.5181254552098102,0.26121747859525746
2020-07-14,EBAY,평상(모멘텀),2015~2020,-0.08307641747984407,-0.10052907719290272,-0.11029835188830991,0.043631977919487586,0.039491638981527126,0.036970573771943016,0.019906029024028705,0.22324846288559996,0.03792061709933847,0.013993081606308065,0.5207749366154053,0.21059781548163703
2020-07-17,TSLA,평상(모멘텀),2015~2020,0.09785741017222116,0.04908148237672538,0.06762665049017837,0.01658426513987976,0.017144130536658427,0.060018044373836066,0.05098388129035587,0.5130622393884052,0.07628302596852032,0.04701463393913498,1.382831103656863,0.26460311328543384
2020-07-23,MRNA,평상(모멘텀),2015~2020,-0.10182748028237576,-0.18655432199688016,-0.13378309540374578,-0.026633377989665807,-0.03156783073604744,0.0037219130410259815,-0.00994569581283808,0.3222910754688839,0.037459451604227034,0.06516249879914358,1.3671390368053231,0.23004842999220743
2020-07-27,AMD,평상(모멘텀),2015~2020,0.2025817074179792,0.11341586832365969,0.168871873469368,-0.0004002648044150181,-0.0021324648843253093,0.007565833568532243,0.002324670738904783,0.33641442553509715,0.26090116954014175,0.048510014607856984,0.4660666102972191,0.1670277460752183
2020-07-28,ISRG,평상(모멘텀),2015~2020,0.02714563557314409,-0.08577243424052794,-0.027066914244735722,0.01582508675414429,0.0013385373404757143,0.01144284504146742,0.014340093983681454,0.24643077970008642,0.02668002227855415,0.022690605583629377,0.2306671652116945,0.18597503483418154
2020-07-29,PCAR,평상(모멘텀),2015~2020,0.01189552504610192,-0.11086189393010915,-0.040003693281578254,0.008837754944318155,0.004315907998776671,-0.00048229803513943903,0.012166745994612793,0.15974495669780797,0.021396123954892765,0.015410676145953914,0.1772477303855482,0.20810769880108637
2020-07-30,DOCU,평상(모멘텀),2015~2020,0.001879600923544002,-0.11110152802924977,-0.04581205718967816,0.044631345018761204,0.04069308513950591,0.0065407529783618745,0.018426067890804726,0.21450546276323101,0.025345613674053524,0.03794451048275274,1.0207767880196132,0.20702368935928295
2020-08-03,CTSH,평상(모멘텀),2015~2020,-0.01610014564809681,-0.11158747904844779,-0.064041217134744,0.036916631029054514,0.04169476991763464,0.00577377296126147,0.02829080192311965,0.2182596379082311,0.10550161334719688,0.0216909250173011,0.17391340547727752,0.21380627590009538
2020-08-05,TTWO,평상(모멘텀),2015~2020,-0.020122954005093896,-0.1365317935076732,-0.09355446288005516,0.05263428970659101,0.061220026655185646,-0.03952687349053785,0.012687792540872128,0.20540503240588737,0.1349657957681225,0.02263392909056266,0.39390390041872636,0.2034836540015621
2020-08-10,CPRT,평상(모멘텀),2015~2020,0.025412493098739608,0.026937968699851544,0.03635616845253002,0.013339968640732058,0.010119165363944384,0.01606211520488432,-0.016285661062748515,0.1949427359072089,0.06423590202433815,0.01591269801141713,0.15713423529577653,0.23769894842515504
2020-08-11,CTAS,평상(모멘텀),2015~2020,0.021874639949982955,-0.02591551307540807,0.0008229607603344007,0.019784156542380416,0.002498477720452398,0.001091371136195729,-0.009529937016851784,0.18786574200870376,0.05911514096101955,0.018447216133679136,0.237705645712198,0.21889796348765533
2020-08-14,QCOM,평상(모멘텀),2015~2020,0.0008810264105707528,-0.009268113791610853,-0.005409897136414772,0.01380722375999488,0.004655934699504814,0.013264872759465085,0.009491822677946604,0.24353109758567681,0.021159892808308767,0.04101352649849755,0.34808499570953555,0.20216400319060512
2020-08-20,AAPL,평상(모멘텀),2015~2020,-0.09868129117385827,-0.05162483109672911,-0.07922655831242251,-0.014721140795631693,-0.028388749649495754,0.06160519925568231,0.04582065587173291,0.19166379249257615,0.023869438622747152,0.03051844570548553,0.4790225444663778,0.20539544103484642
2020-08-24,TSLA,평상(모멘텀),2015~2020,0.05109804101600712,0.08892647528480302,0.07139805815879272,0.036804179611630294,0.03156301678200284,-0.030336233387483924,-0.038190266272832125,0.4467042509914645,0.24187770432367328,0.04831846154241651,1.5589552318755273,0.22709101206081983
2020-08-25,NVDA,평상(모멘텀),2015~2020,-0.050833344128632385,0.024963783171381704,-0.0012863289672065611,0.019189617197530318,0.022477722917030964,0.06258689022708075,0.03155681264900815,0.22057766321414207,0.031065117739989212,0.024630414987253553,0.6799528641081243,0.2166954202629101
2020-08-26,JD,평상(모멘텀),2015~2020,-0.09729743245972022,-0.007464818486959901,-0.039212582671332465,0.07351230665810382,0.08671076485053314,0.04200727679358396,0.011381738173893874,0.2842737654312901,0.12300898746828959,0.02604988727406595,0.680005314102174,0.22116307194140594
2020-08-27,META,평상(모멘텀),2015~2020,-0.13295958661112062,-0.067973852453313,-0.09572897897996273,0.05579338429430436,0.06778008002276847,0.01827997147973104,0.004406471878611767,0.30271341664577256,0.15735568799823296,0.030487671469465617,0.43629504466805025,0.2396765727061705
2020-08-31,WDAY,평상(모멘텀),2015~2020,-0.0809704534828467,-0.015924668573985556,-0.04744601257682001,0.13957692205671313,0.1615287022240924,-0.021441294491168272,-0.02687206580575957,0.34799915626283817,0.26592272312167986,0.03745349026425816,0.4310224910231468,0.24571889503174793
2020-09-02,ZM,평상(모멘텀),2015~2020,0.13831068329950091,0.20572641893712795,0.18517058566520106,0.1992177438353402,0.2510294854219983,-0.0008079427718471477,0.00609913944950764,0.7120146955599287,0.5758504289840076,0.09769206574478233,1.9117853770223827,0.24151250853621353
2020-09-08,EXPE,평상(모멘텀),2015~2020,-0.0765440873955866,-0.09669267175729523,-0.10480735341294181,0.019543046216091264,-0.013393466973714858,0.01243993803738408,-0.0027698102799612774,0.20881784289373062,-0.01080385131250905,0.021771774153162178,0.13292517870340825,0.21209298185363212
2020-09-09,FOXA,평상(모멘텀),2015~2020,0.025304995773356875,0.0158857050673622,-0.0020868052406651794,0.018625662322373948,0.007520558712964653,-0.0495422161638972,-0.048198085561042985,0.14428267336097034,0.0021715298927775795,0.01213209798639284,-0.06252568685347426,0.14533437769150703
2020-09-14,FOX,평상(모멘텀),2015~2020,0.012982886334021561,-0.0588709749627474,-0.0533251302403617,0.03428904566129609,0.03062187817407146,-0.04733312620532737,-0.015714214615849584,0.10450575569676057,0.022900412250559832,0.011953748364537324,-0.031008860215070433,0.11068590871116002
2020-09-18,MU,평상(모멘텀),2015~2020,0.015146237565228928,-0.06853220144633831,-0.0567872260705454,0.051730989739234845,0.03627483070632628,-0.013664929535453285,0.004437991932620514,0.15732116816000508,0.13617106605910845,0.02452765487462863,0.032667305473817354,0.08532274380441018
2020-09-22,TSLA,평상(모멘텀),2015~2020,-0.00739803522998672,-0.05133272730739025,-0.05849228755409097,0.03128531191122308,0.024075046922734038,0.008278078226827468,0.015135612320615539,0.09608386044591755,0.07094507654248683,0.07848007203933266,1.297442773552524,0.0869535165058466
2020-09-23,ALGN,평상(모멘텀),2015~2020,0.08716057855910564,0.010356859567603571,0.017351158702266223,-0.041093307396411705,-0.07212338497448431,0.16156955456455213,0.1627884805840895,0.09316125119593899,-0.03779376947630364,0.025335322512807422,0.2571035579399521,0.1357458472329014
2020-09-24,WDC,평상(모멘텀),2015~2020,0.14215139816029954,0.07181298132249236,0.06766919837351447,0.00022844790003895277,-0.030397090719651132,-0.08805203542154127,-0.08308165076725615,0.1343631943256267,0.003610197534582582,0.03388933073374918,-0.18195595652709806,0.08755706244997663
2020-09-25,AVGO,평상(모멘텀),2015~2020,0.042618783816565475,-0.0059359756900954075,-0.014365176673495128,-0.014655035213625878,-0.028528534814745148,-0.009083919706487698,-0.003256738004600057,0.04729270663282148,-0.027837278744589522,0.025402110789210078,0.20284529656577188,0.07281983544433057
2020-09-29,CMCSA,평상(모멘텀),2015~2020,-0.056995768101913646,-0.08137104090972469,-0.07684863624712754,0.008859455087224744,0.003428683772633446,0.020751304374448054,0.005455257000993297,0.0493715524528735,0.04655314135079203,0.015782163607435708,0.13748256646402668,0.09887560026609776
2020-10-01,MRNA,평상(모멘텀),2015~2020,0.015849493385533764,0.03591820989028449,0.032030475995720536,-0.016452337724945143,-0.009545255503590356,0.01604672381393568,-0.020164805499205754,0.11734049812042424,0.053454379722079226,0.04439975785844604,0.4815032007620499,0.08495334236649721
2020-10-06,ZM,평상(모멘텀),2015~2020,-0.0579121594027705,-0.056906127710004584,-0.06739685469927578,-0.04154932791114185,-0.05675907622848721,0.0363415212547491,0.005765990853258737,0.3122008594325212,-0.004695912167749894,0.044972150307425296,1.4324644087055662,0.06208093398202408
2020-10-07,NVDA,평상(모멘텀),2015~2020,-0.014156196505617944,-0.037960818643820615,-0.039867361259298364,0.033360498432529084,0.0347046290353833,-0.0325358277770067,-0.03159514836033111,0.15306816223532982,0.038617836224048574,0.03168002536219492,0.5787857780531456,0.06499206984687644
2020-10-12,LRCX,평상(모멘텀),2015~2020,0.12274669315249853,0.14406687435780063,0.11718912166649065,0.04578432785155817,0.07740323944103596,-0.04469296624586838,-0.031650188993983745,0.2385325594951495,0.10343427128569682,0.018542665550462058,0.20475781506992075,0.10345775097998944
2020-10-16,MELI,평상(모멘텀),2015~2020,0.021816663138151116,0.014588457464447258,-0.015781943768569145,0.031037747401479576,0.04914066886955337,0.04236127138456913,0.05126633681161292,0.2833647740818137,0.08404217615209997,0.024698146626004305,0.49941280367319796,0.09454916289124493
2020-10-20,EXC,평상(모멘텀),2015~2020,0.022995239436995885,-0.002664505398892958,-0.030719155076006276,0.04049100090720503,0.046911538639639296,-0.017369824089125796,-0.015601563909088054,0.20460404688124711,0.04702336570669896,0.013775558469215627,0.07813945494183527,0.10981641355507477
2020-10-21,ILMN,평상(모멘텀),2015~2020,-0.0731655970617936,-0.09282548281304781,-0.12147845712990793,-0.010074517820836126,-0.009464690442438332,0.050904592895751666,0.038711358038415224,0.19340061388823093,-0.07156511768162632,0.02349378695812995,-0.012882054251564634,0.0940063939970166
2020-10-22,CDW,평상(모멘텀),2015~2020,0.023803418611043625,-0.0038500166747599263,-0.027117729066084027,0.010888978895436052,0.0152003994380321,0.01844063933411877,0.010736098750544534,0.17974560790903982,-0.00525021152632732,0.0152189595316761,0.12176460170133208,0.10755946994422017
2020-10-23,ALGN,평상(모멘텀),2015~2020,-0.05121625664817997,-0.06950736899315868,-0.09654996206175623,0.15873027479447277,0.16407978755521951,0.06342519929885926,0.049843203420000565,0.4532191993411929,0.3462143728568601,0.07901924493820679,0.7258140682425882,0.09377581534829726
2020-10-27,PDD,평상(모멘텀),2015~2020,0.5918434983127641,0.550386352027721,0.5044206179284559,-0.03239288706723864,-0.04790574759757635,-0.035391746335702856,-0.037712768041788136,0.15739014560562614,0.032917368898853105,0.031183351970104453,0.36668168031475057,0.05489145808225415
2020-10-29,ADP,평상(모멘텀),2015~2020,0.10584521493377963,0.02589714918435071,-0.014882920163777291,0.006928968904246657,-0.029366495598660933,-0.009219961579472913,-0.00559888337744203,0.11176443684400161,0.056043534655961125,0.018353065754794777,0.06643492473012813,0.004165237668660282
2020-11-03,IDXX,평상(모멘텀),2015~2020,0.03963474438247405,-0.06466573174748191,-0.08165091582371216,0.0036590320184604064,-0.02640037166397488,-0.010899285922047586,-0.00374745419230292,0.09858040410105473,0.004872240720634968,0.02314275700526284,0.3406055214886565,-0.004904207908748681
2020-11-04,GOOG,평상(모멘텀),2015~2020,0.04238802167153466,-0.01621002596957788,-0.05067547615494512,0.038177142785023044,0.039804273522057086,-0.025582063455966586,-0.016166292159780507,0.13538235396978981,0.028642548317191707,0.022444895023273903,0.1555321189596952,0.017567636377924023
2020-11-09,GOOGL,평상(모멘텀),2015~2020,0.02633509053740357,-0.041737906384668566,-0.05865099513958359,0.03713721442934648,0.04955753378545865,-0.021932886887411684,-0.009419753553623813,0.1650368631979815,0.08886781151682355,0.02534942296353471,0.23044068340060697,0.08167375767811902
2020-11-13,EXPE,평상(모멘텀),2015~2020,-0.0029718925004561508,-0.04689693455586885,-0.05563877716386801,0.06387465025709083,0.07289425410244799,0.024626096839514222,0.016226533706930238,0.30222785240281724,0.13967034548346713,0.06376136683408416,0.37122521642289286,0.0449258935520751
2020-11-17,MRNA,평상(모멘텀),2015~2020,0.46906813241680134,0.4114041386785472,0.4077352530228116,-0.040712622724566216,-0.038944362544528474,0.01966549547029839,0.022109375145573013,0.380355104453143,0.2599691232290535,0.04607931700964136,0.7286335902238221,0.03965498706780424
2020-11-18,MAR,평상(모멘텀),2015~2020,0.08068220581814844,0.008603978422057512,0.00011800867677749793,0.00020580442950057787,-0.011987430427835866,-0.003636431696752984,0.007101472905106343,0.2777603949611511,0.03629293509924847,0.04144100347839083,0.2705663555663371,0.030218061051987544
2020-11-19,AMAT,평상(모멘텀),2015~2020,0.1124335922197659,0.04962816766456046,0.040802829823503584,-0.0021807419718776755,-0.00988528255545191,0.012865800111579784,0.022790268390450445,0.2225831815229924,0.06709698793890917,0.028181082347893127,0.3036188973938483,0.014750315605100761
2020-11-20,LRCX,평상(모멘텀),2015~2020,0.1152123687389015,0.04938082651045117,0.050112937442414365,-0.02770991455520455,-0.041291910434063245,0.008017760403683072,0.00883436650863251,0.22253613877143552,0.04593036012876728,0.026509752807337125,0.39637989645360294,0.0011267394698231126
2020-11-24,PDD,평상(모멘텀),2015~2020,-0.027635698060435532,-0.07509754543376035,-0.0709959400443662,0.036690279397111336,0.034369257691026056,0.12580595315185716,0.11963772013691647,0.6227566270491709,-0.006899920692542527,0.07108887506326726,0.9722790691139611,-0.007495023913707155
2020-11-27,TSLA,평상(모멘텀),2015~2020,0.13104085409626443,0.08367256847582527,0.09519436691574257,0.07627006264424319,0.07989114084627406,0.059184276720828155,0.05320989609030122,0.41372346257041714,0.17951665596977384,0.04129670487458755,1.0987520099675692,-0.011440838094457284
2020-12-02,MU,평상(모멘텀),2015~2020,0.08583065284950386,0.05116014089861021,0.04953094765980235,0.020633294713519934,0.0277851264432646,-0.004211863419676165,-0.004421489046504393,0.34942716664413354,0.0451857540792755,0.02333906696865656,0.3652353870919778,0.07169083496000894
2020-12-03,ULTA,평상(모멘텀),2015~2020,-0.026384338715710887,-0.04463475204870904,-0.04293620039915831,0.049816882992042455,0.059232654288228534,0.002906343395089328,-0.012176515935886242,0.296372921355613,-0.009518427650635153,0.04268199073996568,0.27093865691930863,0.12541722185959325
2020-12-08,LBTYA,평상(모멘텀),2015~2020,0.06760456531063497,0.04355761013017512,0.03488877942737966,0.009883330187153039,0.02239646352094091,-0.040431220864878714,-0.033446552555015996,0.2528205741581375,0.08481349323545495,0.02068449770133798,0.15954551418624763,0.13610668711968765
2020-12-14,MELI,평상(모멘텀),2015~2020,0.10932459630024494,0.06828693737152891,0.06486234076103088,-0.004357681633178401,-0.012757244765762385,-0.010414945698446143,-0.010872972504005847,0.2396836457429108,0.03162362419293152,0.021736365037808642,0.6341356930367665,0.11681849824440937
2020-12-16,MRNA,평상(모멘텀),2015~2020,-0.05585685578746069,-0.0665742393360903,-0.07989591217335347,-0.019286222351995952,-0.016842342676721328,0.011411721384614326,0.00484828982215589,0.5030117999747945,-0.13328623165134212,0.07664645421923008,1.1735993267383202,0.1471464356404384
2020-12-17,BIDU,평상(모멘텀),2015~2020,0.31523737501955407,0.29606553321611995,0.28694734272136074,0.056180624499382326,0.06691852910124166,-0.050100587704009714,-0.04558853417321238,0.32295717286611536,0.25601951643357235,0.03544861055616659,0.5810801334699549,0.13246388448973057
2020-12-18,PYPL,평상(모멘텀),2015~2020,0.031030228939053606,-0.012796324109207502,-0.0094962598499716,0.035335799346745134,0.045260267625615795,-0.012192265463796259,0.0032587845415333935,0.23874389236804072,0.09366579643855855,0.019682344676973114,0.3996193737900495,0.1771135448057526
2020-12-21,TTWO,평상(모멘텀),2015~2020,0.016783730018734566,-0.03953745504368955,-0.034003950429495805,0.021425715413743163,0.0222423215186926,-0.016681484456979145,-0.0018818728740600393,0.22834881713053856,0.0692917943881255,0.011947011052688281,0.35106050211897033,0.16901895817210733
2020-12-23,PTON,평상(모멘텀),2015~2020,-0.03652933956047444,-0.10213759282333257,-0.08757883295514235,0.14031583261904967,0.13685058359457158,-0.025464099076249913,-0.015732157438782216,0.4387327293458576,0.2616216016116186,0.042577722397108136,1.217705559813505,0.11906509789255959
2020-12-28,ILMN,평상(모멘텀),2015~2020,0.17603585592044535,0.15471075138893764,0.16531377625275462,0.003987347173361355,-0.0013637198482142343,-0.037957028774119994,-0.06930964520290119,0.20827028404945147,0.016579006345007752,0.016926018015339092,0.1097346530853387,0.11323729635061919
2020-12-31,PDD,평상(모멘텀),2015~2020,-0.022881361475280193,-0.050861829740757813,-0.04201537356535942,0.09181809465827095,0.0914419223852338,0.0458753072085496,0.027011961146258735,0.31177683768453957,0.2883757380651457,0.056056000139374,1.0946431189092896,0.11610859888995395
2021-01-04,TSLA,평상(모멘텀),2021~2026,0.19397951809140968,0.1339968205189499,0.14410607040440085,-0.01929267369521548,-0.035073690031133975,-0.036859874385576696,-0.04119034992009404,0.24058569476108405,0.09240224812863818,0.038358640547376956,1.1210712327426413,0.14143766011143155
2021-01-07,NTES,평상(모멘텀),2021~2026,0.10640999188595712,0.05506441916661564,0.07155411135401857,0.08191882382490334,0.08614992601016644,-0.0028910894716893676,-0.00044732185957061313,0.15881930279659717,0.10883983872932923,0.022836261306932764,0.21106336808952642,0.07654029600400425
2021-01-13,MRVL,평상(모멘텀),2021~2026,0.03522139328669205,-0.02341444983769847,-0.01932348670430012,-0.0035040945052784433,-0.0025602170197872335,-0.02355831168553224,-0.0016761739013580572,0.18081955817155926,0.0636421386500845,0.021260433462292297,0.38082173864418634,0.08349906796838114
2021-01-15,AMAT,평상(모멘텀),2021~2026,0.14546925010821532,0.06972376669644542,0.07997565348304947,0.035685887690259266,0.0294628860941257,-0.054499898524850376,-0.031351995245612364,0.19588543021777594,0.11886635601194007,0.024349585967603164,0.6417367500661733,0.10867309843376982
2021-01-19,BIDU,평상(모멘텀),2021~2026,0.2306491291942705,0.17654473527392356,0.1848326320703839,0.05274304526930096,0.0574353546226325,-0.04095161894035548,-0.021978237225897174,0.2545693423028943,-0.0057440369732050245,0.05643869765261982,0.8134107908945252,0.09642963585878306
2021-01-20,KLAC,평상(모멘텀),2021~2026,0.06936446335940993,0.04371404047941918,0.03992604868256398,0.040028038767793594,0.05564619387189221,-0.04156349751115884,-0.02253450097010613,0.2094884420081391,0.08636831414481616,0.019303682139822753,0.5318608773797193,0.11411296071212385
2021-01-21,INTC,평상(모멘텀),2021~2026,0.012928855906119143,-0.0001849200824461921,-0.017968773409863643,0.11477248105409377,0.1297103389985843,-0.03683456897424764,-0.014575961401692445,0.23619873214015819,0.10199094544209197,0.024082961120502323,0.10587897869610674,0.1400628159848345
2021-01-25,ASML,평상(모멘텀),2021~2026,0.012904334091284888,0.03430712801539049,0.006679723576154242,0.04545366749831259,0.055185609135780286,-0.016367077899878346,-0.014135014906734748,0.1958712534831364,0.045533608254417546,0.0220155585993743,0.4890326121337749,0.16183908022560423
2021-01-27,FOXA,평상(모멘텀),2021~2026,-0.04097600027536641,-0.01929153437091491,-0.05627754610564749,0.09571870957258977,0.06436609314380858,0.08682872227603422,0.06424261299857817,0.23383961930870956,0.16394536078853594,0.037631369103366445,0.2738868641243859,0.21066869549716372
2021-02-01,MRNA,평상(모멘텀),2021~2026,-0.06975462572024582,-0.05549305006177063,-0.08050131374867435,-0.013751110019125656,-0.03261445608141652,0.011436893207727783,0.010063174997086963,0.5581751816949998,0.3216302703060272,0.0459978120546065,1.0931428509134267,0.1660496173219248
2021-02-02,SWKS,평상(모멘텀),2021~2026,-0.05491214203882577,0.0025182340526759273,-0.021732326135853443,0.05637880319050992,0.05204832765599258,0.020910993368649322,-0.007625988723590743,0.21526709591847504,0.1213787789683507,0.03494873476691155,0.3571084271109106,0.1745572621679099
2021-02-05,MELI,평상(모멘텀),2021~2026,-0.2880024943167647,-0.19208337322560154,-0.22288676380777098,0.02042821076722179,0.022871978379340543,0.13875563320652096,0.08906133178371364,0.20443644264563599,0.026356158154286158,0.03759145248727933,0.570952699728899,0.12153647744360119
2021-02-11,ILMN,평상(모멘텀),2021~2026,-0.10416746227818297,-0.046133438608912836,-0.062486298672047365,-0.010517581668516462,0.01136455611565772,0.020453667871694226,0.024773141773436,0.24557128288561914,0.07091864994972785,0.02367819190330863,0.2827441972611473,0.1545707531282947
2021-02-16,NTES,평상(모멘텀),2021~2026,-0.14862541549806785,-0.10350419748999373,-0.11955479004862782,0.0418077336811149,0.06495563696035292,-0.01740562855597405,0.004211842704572481,0.26104805154632604,0.06531227354433211,0.02728519513742477,0.43162500312317853,0.14936015759121446
2021-02-17,BIDU,평상(모멘텀),2021~2026,-0.10420937068022718,-0.06790713657869829,-0.0814365547442561,0.042700263875226296,0.061673645589684606,-0.09942043749805585,-0.07608277457450721,0.3655964284965989,0.17932033625824717,0.03132911158596056,1.1992232742547082,0.14997125956485768
2021-02-18,WDAY,평상(모멘텀),2021~2026,-0.08869675726550252,-0.02648817727050079,-0.0412042376026486,0.037776793393871966,0.056805789934924675,-0.002960659004560995,-0.010282268003447222,0.22624862480021335,-0.015688010316375678,0.02799415211237394,0.30190659863385894,0.15174813054943437
2021-02-19,PYPL,평상(모멘텀),2021~2026,-0.16106882736523487,-0.1085099887204043,-0.11818081113687029,0.04838322127967443,0.07064182885222962,0.005531037899483948,0.0017124141449939385,0.19057556580727497,0.026943951237574426,0.0298175878095311,0.46675860175741213,0.13784070502270018
2021-02-23,TCOM,평상(모멘텀),2021~2026,-0.03059925992584267,-0.017190861984640038,-0.012957290797958532,0.05558625407988127,0.05781831707302487,0.02009481165957072,0.012766904953846081,0.19118522338817434,0.08078900245436915,0.025632348531557495,0.31905675444888404,0.11068422628770769
2021-02-25,MAR,평상(모멘텀),2021~2026,-0.02545274551735066,-0.021726626777737512,-0.02044268729196976,0.05432715691592516,0.0317410476384691,0.018470114509626878,-0.011243154401090867,0.3077050754432784,0.19917743392905085,0.024224789825446277,0.4815609463936752,0.0946305061133299
2021-03-02,AMAT,평상(모멘텀),2021~2026,0.07680844361288663,0.08932150219512036,0.08545971836852505,0.01700275025064535,0.01562903204000453,0.015992040308924205,-0.007164773299235289,0.26688091459790564,0.06293514733187355,0.038256897880377956,0.6683307202354554,0.06644706418828905
2021-03-03,FOXA,평상(모멘텀),2021~2026,-0.07885532920916649,-0.1110322377220474,-0.1099698751282136,0.03304758153081688,0.004510599438576818,0.07395376099859563,0.06174310528067707,0.19040142561609463,0.11225067540198808,0.035218300461313586,0.3419669988501137,0.048452164908817874
2021-03-08,FOX,평상(모멘텀),2021~2026,-0.10303044764115221,-0.20705285213691538,-0.19370455406346243,0.06680032430959315,0.017106022886785845,0.022857720387703395,0.033878725290592764,0.33106048504943386,0.2226747230139583,0.033519063993876747,0.38855512774498946,0.005719065787979316
2021-03-12,KHC,평상(모멘텀),2021~2026,0.06596138012783359,-0.00221824386213898,0.021163081548157672,-0.005364448007921685,-0.0010449741061799092,-0.0023049959251953966,0.0018985683673787366,0.14675296452871112,0.04443572795137429,0.024106244669005343,0.18088207497074937,0.0547448711453693
2021-03-16,ADP,평상(모멘텀),2021~2026,0.013243126163025922,-0.036301885748599716,-0.014808454463869266,0.02665278063701182,0.04827025189755835,0.000849496527434157,0.0005567446864749219,0.1378240196260625,0.05337947766696027,0.017785707859793536,0.22271745835553958,0.038633154244050116
2021-03-17,FISV,평상(모멘텀),2021~2026,0.014190399253328547,-0.048208240551565806,-0.02683229414539083,0.014453462516540894,0.03779112544008952,-0.013144260326556467,-0.002301666940018529,0.12631584558825049,0.013224512216996276,0.014522801549271372,0.17157342135846942,0.038215503373522974
2021-03-18,BKNG,평상(모멘텀),2021~2026,0.053369585524243535,-0.044586222469889636,-0.02001531866034166,0.006502503581425012,-0.0008191054174612163,-0.019964929450903557,-0.00901752773475503,0.10207390456870113,0.03902389055546274,0.025058738315111535,0.2839391958279436,0.03531353582666519
2021-03-19,NXPI,평상(모멘텀),2021~2026,-0.038032604700696915,-0.11891241175299072,-0.09053082595637596,0.03921950217257786,0.035400878418087846,0.03885374099160166,0.03731044347349508,0.07157766844684788,0.05668390121826761,0.045595632424529145,0.3833516411504061,0.004000568541791427
2021-03-23,META,평상(모멘텀),2021~2026,0.03529828052906736,-0.035171465012209246,-0.01957676170132487,0.016014586926694996,0.008686680220970355,0.027498555453153717,0.03276883258705299,0.12756897781790077,0.07229228650162534,0.024119699674828514,0.11505192531670616,0.029011084498771877
2021-03-25,AEP,평상(모멘텀),2021~2026,0.03317464934695935,-0.05766137248254455,-0.04345347694123372,0.004755193978343453,-0.024958074932374293,0.0016498265883893026,0.012210956663281938,0.10233452323113301,0.034949110626231406,0.01288822868051565,0.0371944124568544,0.006912913986198976
2021-03-30,DLTR,평상(모멘텀),2021~2026,-0.020841971764217537,-0.09877687537314761,-0.08269029894815072,0.022718439236382393,-0.0004383743717771005,0.01037229246199467,0.02338952789416172,0.16648187125060798,0.049886621315192725,0.015631952379400876,0.16034051308026953,0.009371467947791423
2021-03-31,CSCO,평상(모멘텀),2021~2026,0.000299863715285344,-0.06682489389597301,-0.049381106543026305,0.007324326443542084,-0.004886329274376471,0.008522737515755052,0.025573999528860043,0.13730233287357652,0.03519305973399267,0.016451706000060823,0.19044501527291735,0.0006401164332996423
2021-04-06,AMAT,평상(모멘텀),2021~2026,-0.07954022836266128,-0.07705172531005389,-0.06899156925221608,0.059946755196789825,0.0709677600996792,0.005471384310695049,0.0002924544926950715,0.2609080136836661,0.11201827129740205,0.04006542905094118,0.7677388063285897,0.0772228114597282
2021-04-12,LRCX,평상(모멘텀),2021~2026,-0.10014396960405014,-0.06683780511294013,-0.07202062033022681,0.030322119164263972,0.034525683456838104,0.043312208251414575,0.028690707261348796,0.23948365600246913,0.03550735217147638,0.02851415474793668,0.5162196698047514,0.07391894860432524
2021-04-14,NVDA,평상(모멘텀),2021~2026,-0.1013977059886918,-0.04327792222044902,-0.0481808703033611,0.03122759975630629,0.030934847915347057,0.064770389182776,0.02648590641951265,0.18862896749956737,0.13115455950893562,0.02391153836452954,0.22335677968182988,0.08433412760909675
2021-04-15,ASML,평상(모멘텀),2021~2026,-0.02878254092361343,0.03659800867462348,0.030627488102889774,-0.000722648292053929,0.01011994509448401,0.032800122633053874,0.002603896645524729,0.14854972775718256,0.007070508586136892,0.02763857623217602,0.38696347707574064,0.07809949704161867
2021-04-16,OKTA,평상(모멘텀),2021~2026,-0.1528630614449108,-0.10665923078062434,-0.10979533339346453,0.03782962532440348,0.04877702704055201,0.030274708471472955,0.021308830939176404,0.21948508490512975,0.14999163415504158,0.036000381424045214,0.17899129991141471,0.07922496199221296
2021-04-19,MRNA,평상(모멘텀),2021~2026,-0.01114094838399715,0.03162392660699742,0.027913724946800757,0.012039925991199185,0.010496628473092606,0.036253796207248445,0.020174232314255226,0.2074790714812642,0.21210615794795928,0.046672988979799136,0.5994557448772269,0.05606458490705313
2021-04-21,ADBE,평상(모멘텀),2021~2026,-0.06420483265844101,-0.014170192569872286,-0.019844927598005442,0.005830774358348778,0.011101051492248049,0.01860083050439454,0.003276609296215101,0.13660179441280285,-0.0012624080281989913,0.014655942984574646,0.08375254628528528,0.033135279590542854
2021-04-23,ALGN,평상(모멘텀),2021~2026,-0.047749202316603734,-0.00975454903927564,-0.01417116658639668,0.030696451520835,0.041257581595727635,-0.02185848132556789,-0.0234901540976147,0.21561922128056143,0.01497784237398303,0.0171551274539364,0.3715448543423625,0.02017539509865207
2021-04-28,DXCM,평상(모멘텀),2021~2026,-0.16894456726959017,-0.15463832949759038,-0.153244951178676,0.09953143407352005,0.11254866950568711,0.00983689157256551,0.019131684927492065,0.20702984830046,0.08431258706682776,0.013881191544016637,0.10121520384534732,0.08006730943367923
2021-04-29,MTCH,평상(모멘텀),2021~2026,-0.08848987162423427,-0.06613152445879389,-0.06879810232120703,0.06805909188167525,0.08511035389478024,-0.009756281043286075,-0.006111856237381733,0.21029829342856132,0.1281816261284734,0.02156096121326894,0.2051136369819917,0.04926595470703132
2021-05-04,ISRG,평상(모멘텀),2021~2026,-0.03433251395009396,-0.04401308335073606,-0.04536946841304316,0.0024379669298517648,-0.0027409628881482125,0.02228273222604482,0.020231802766408402,0.1326752648040317,0.0018591990547212056,0.025735333758626352,0.16901684069063538,0.017611682147455454
2021-05-10,CHTR,평상(모멘텀),2021~2026,-0.026196796216438667,-0.06001501354842942,-0.062196523409815636,0.020515018330263146,0.005893517340197368,0.015186069812766378,0.013466319226377404,0.12893985000359698,0.029682960683100612,0.010873496541105254,0.1072988862990194,0.004713224547872263
2021-05-12,AEP,하락(저변동성),2021~2026,-0.004942034157245255,-0.07868046043177568,-0.077760325443804,-0.018763514528807868,-0.05704799729207122,-0.0018263900080954798,0.00246957767655935,0.004863439452138518,-0.014010181599921623,0.008846113302730484,0.05064248555718165,-0.033056240909507206
2021-05-13,PEP,하락(저변동성),2021~2026,0.014389934618564306,-0.05343668934772827,-0.0539266648399689,0.0029201723285223746,-0.02727605365900677,-0.005155980109655123,-8.554268690685873e-05,0.014917987312679903,0.0023628199074881007,0.0090174658437414,0.04326570200121216,-0.056058702498663515
2021-05-14,CHKP,하락(저변동성),2021~2026,0.014981961532457124,-0.03990293994630023,-0.03715653138961036,0.006272184900838029,-0.00269369263145852,-0.020371057116080116,-0.012620306343306114,-0.0056554246817061005,-0.018578653255170274,0.00903147054967596,-0.02864024482786187,-0.04310745059540566
2021-05-17,FAST,평상(모멘텀),2021~2026,-0.04131418923057184,-0.09520924234659967,-0.0935538557184728,0.013670669700118099,-0.0024088941928751204,0.008552133224289049,0.0071637299572562575,0.07228359384928629,0.012206421840254444,0.013629907544302157,0.13957626462529227,-0.01792040135168327
2021-05-19,TCOM,평상(모멘텀),2021~2026,-0.0936626554121659,-0.1636056753551859,-0.14998933200101527,0.0474847629241677,0.03216054171598826,-0.007668108889621217,-0.00929607228982086,0.07730122168302844,0.06135622491853088,0.025605179048372676,0.15603206372064293,-0.0004583080707564191
2021-05-21,BIIB,평상(모멘텀),2021~2026,0.34306868313941274,0.28897501433157746,0.3053157189137131,0.0040604917183377776,0.0024288189462909685,-0.01562924867447124,-0.02404387649345617,0.10644790472671328,0.01725184060401208,0.013027400229482771,0.06626375604662282,0.014426151473085458
2021-05-26,KHC,평상(모멘텀),2021~2026,-0.07988947345142283,-0.12828999153894616,-0.11684071997452827,0.005261889340438364,0.014556682695364918,0.014933398754090277,0.01612076317160691,0.10099748753890259,0.010644335194136545,0.01178770683893986,0.261278682455512,0.02821513804740139
2021-05-27,META,평상(모멘텀),2021~2026,0.02390539878532305,-0.026419513099283254,-0.018717058234611318,0.02527180304703225,0.028916227852936592,0.006493378247093284,0.009397965367721597,0.06694905323077616,0.044867471554345784,0.02359907334089738,0.17415231736189063,0.049218414270309596
2021-06-02,PTON,평상(모멘텀),2021~2026,0.1405149070141649,0.07624002687091447,0.09020911364702804,0.027453777555764614,0.025402848096128194,-0.046509372335095,-0.038525830333928326,0.13616447777970597,0.07641355721336751,0.049008859222793015,-0.05054337411420706,0.07783710131405108
2021-06-08,MRNA,평상(모멘텀),2021~2026,0.0397840089036825,-0.0325995835773536,-0.0019705829364456418,0.07135671213262529,0.06963696154623632,0.10847766476884502,0.1126302324687552,0.3458168283078933,0.18680078830068747,0.03285964664064826,0.768394865025257,0.057457671120448195
2021-06-10,NVDA,평상(모멘텀),2021~2026,0.1486599038580383,0.08664568081926727,0.11501857521841109,-0.008772829849101105,-0.004476862164446275,-0.01756832314647694,-0.014760592322051817,0.21361119936007933,0.03480584343584403,0.02347954455263207,0.2625063619729373,0.05598304216445449
2021-06-11,DOCU,평상(모멘텀),2021~2026,0.13669021919500346,0.07385474231405698,0.10483756876962738,0.037551902397717996,0.04262233982046626,0.001684244828620951,0.004598541422177342,0.2944246792781835,0.24816432262415766,0.047464683766126926,0.0950611406875912,0.06143948571180369
2021-06-14,ZM,평상(모멘텀),2021~2026,0.032106777244200524,-0.020719473334951388,0.007261100726986085,0.029862100368013067,0.03761285114078707,-0.009174237617645242,-0.008530966066417933,0.2627515483600431,0.0904761723109655,0.02697618338265833,-0.05287579795278807,0.0602860945480872
2021-06-15,MRVL,평상(모멘텀),2021~2026,0.0442651931142819,-0.017745130443503454,0.013410813639039388,0.01496215306245885,0.013573749795426058,0.02130885451027731,0.020063469197170218,0.2407749478091319,0.11456374122634272,0.021472258466434573,0.1848180478930117,0.10470294200271701
2021-06-17,DXCM,평상(모멘텀),2021~2026,0.08586516950370249,0.04932342486002739,0.06979782350236448,0.004822598548534618,0.0031946351483349736,0.000907398917788127,-0.012916030461152979,0.22307721037281536,0.03517678451309769,0.01421740991099013,0.08361887319978178,0.06850566087184551
2021-06-21,BIIB,평상(모멘텀),2021~2026,-0.15536959614102586,-0.1971726560468431,-0.17940697799081637,0.01587740051543096,0.007462772696446032,0.04547652321711526,0.035762963665371905,0.35548031026824845,-0.02067368874595099,0.08859710630619738,0.418592798572031,0.09771950411004737
2021-06-24,TEAM,평상(모멘텀),2021~2026,0.014219722911447354,-0.037696757445799145,-0.0163120936438413,0.025021408312880355,0.026208772730396988,0.04842996027512014,0.05526012506266504,0.18505222748439687,0.07659173712581935,0.020125975059533636,0.21260622913062077,0.100919806840714
2021-06-25,ILMN,평상(모멘텀),2021~2026,0.03349909854700761,-0.020928278789565047,0.011871063578231512,0.01567964819837231,0.018584235319000622,-0.0070637348122936094,-0.007464758456216276,0.17694241982708525,0.027934542436623522,0.015650314928178213,0.23663600186644373,0.11393992464209757
2021-06-30,ADBE,평상(모멘텀),2021~2026,0.0595736572922545,0.0256631567358645,0.04110331926372639,-0.0010883604082779774,0.0068951815928887,-0.00206885225694986,0.002161134293600683,0.19124437022349383,0.026070813249422953,0.013660333491603187,0.2109132006357679,0.07167071372534606
2021-07-07,IDXX,평상(모멘텀),2021~2026,0.04785643238772308,0.029433767943660705,0.02324008069191895,0.02592209808243129,0.030074665782341477,-0.020760021220878278,-0.01610818818986049,0.17603287043118576,0.042870651643718505,0.008358427049016307,0.3273978699765927,0.06798820737964895
2021-07-09,PTON,평상(모멘텀),2021~2026,-0.04570327610769309,-0.06480949432152061,-0.06882653052640439,-0.02592405804868614,-0.02311632722426102,0.028578168516182778,0.03448184135080087,0.1597643838727283,0.00032253601524012687,0.03151005215635762,0.03894144373493491,0.052597142080325066
2021-07-12,DOCU,평상(모멘텀),2021~2026,0.06186669040844506,0.04471232852273199,0.03733845437446798,-0.0016814129176098147,0.0012328836759465762,-0.03313912651176398,-0.02622619487040745,0.18487735249340398,0.035707838493103994,0.0204045986004053,0.26357462385516994,0.0740500101731818
2021-07-13,NVDA,평상(모멘텀),2021~2026,-0.01750583441651432,-0.02954251175862488,-0.038507746195726014,0.027363626284011344,0.028006897835238655,0.006912364517609237,0.007926214082705005,0.15075532019870708,0.0012449379677461625,0.018870654426163428,0.41833198103163927,0.06072206298777427
2021-07-14,MTCH,평상(모멘텀),2021~2026,-0.13250201445290022,-0.1410466837556833,-0.1531793684385837,0.003472895963426925,0.0022275106503198347,0.025292857713200334,0.024866597048284686,0.14423734541173516,0.02090046495087683,0.01681858289545018,0.15163665453193986,0.05929605541892036
2021-07-16,MRNA,평상(모멘텀),2021~2026,0.35882117357207277,0.32780911555561065,0.32725698639920714,0.005055310907019495,-0.008768118471921611,0.021792513657454826,0.019324692643599012,0.31255050849005395,0.11549033584871649,0.03246542216229291,0.7856125927293529,0.07135703033006169
2021-07-20,SWKS,평상(모멘텀),2021~2026,-0.05591601235568888,-0.07456187074009912,-0.07141902514436747,-0.0027152055105414963,-0.012428765062284849,0.021721055688179502,0.00691437008300993,0.11193625758336534,-0.02118204537005486,0.01536859434509533,0.12431672311478814,0.057165302469222024
2021-07-23,REGN,평상(모멘텀),2021~2026,0.1291843743199632,0.13045621084712633,0.13177651230662005,0.0030964269043711745,0.0098445516496727,-0.02117202346361924,-0.03601352859976074,0.10773876695875928,-0.004140236529385777,0.013123576156257826,0.1378601979083216,0.07019125900372902
2021-07-26,ORLY,평상(모멘텀),2021~2026,-0.029374312820685256,-0.041728585760537285,-0.04498010043826383,0.025807708556663478,0.025390425595832152,-0.00974741904957066,-0.012583363037339108,0.12972600768783416,0.032629365296347856,0.009088173525549546,0.2555755502137782,0.087052437893824
2021-07-29,GOOGL,평상(모멘텀),2021~2026,0.03970804763729685,0.02441341258666818,0.026654803596598522,0.021587831003019087,0.02587119715032551,-0.003048394139902766,-0.0031086139496730785,0.11303847737085637,0.06699379814085527,0.013989483220055075,0.31649898904533647,0.08829019044983144
2021-08-04,TEAM,평상(모멘텀),2021~2026,0.08982237557704531,0.05480500372805808,0.06722365346704764,0.0910655913524574,0.09557881204092987,-0.008598874803478429,0.0008646938651943499,0.22721015689785062,0.24323512816588044,0.05014427413220139,0.41224390609397243,0.09780074612241907
2021-08-06,AMD,평상(모멘텀),2021~2026,-0.0037255693429574226,-0.039696648684102165,-0.027494443169677703,0.04624204776178886,0.05201426828080337,-0.02368820747082967,-0.012622505348992155,0.25195009080203956,0.09130647697449401,0.02983527388986371,0.30972523218702497,0.13709333879473662
2021-08-09,DXCM,평상(모멘텀),2021~2026,0.06384480646356128,0.02798638731138281,0.04564429693486912,0.037574125603814235,0.044274427328943364,-0.0211560270508776,-0.014265988940519345,0.17223697449653397,0.0021920134651240986,0.033009572067034976,0.3511630132208361,0.16211278799255102
2021-08-10,MELI,평상(모멘텀),2021~2026,0.012697654506964142,-0.02498570907206399,-0.007666371797174816,0.0817168174404117,0.08274824500710391,-0.01482603472446764,-0.010096486563857891,0.1505504523161041,0.11217810349449797,0.03596461828667243,0.12946792613086733,0.15439291644597608
2021-08-11,ADSK,평상(모멘텀),2021~2026,-0.12663492011608268,-0.1621219153422352,-0.1451795444350384,-0.0020864602009852407,-0.0023769948555946055,0.02488548002300539,0.028524986700424474,0.11760334583501786,0.01120238573862764,0.01348434735715259,0.1588713288706658,0.1239785760456682
2021-08-13,MRNA,평상(모멘텀),2021~2026,0.07481256743591658,0.05513716182196671,0.06085469171636615,-0.02132772883552425,-0.023707242967917704,0.0032481977553682206,0.003273099268888332,0.5073458431807152,-0.059674231862620664,0.07324841373187686,1.2395168614115244,0.14157558856715946
2021-08-17,CTSH,평상(모멘텀),2021~2026,-0.005763863982504612,-0.03913758032170045,-0.03123759690488151,0.01365464992683818,-0.0009440933087562168,-0.0018492089911182896,0.0032683040868401224,0.16129987341502194,0.06411138185932796,0.016553618798698003,0.026174458249413002,0.12202969644986372
2021-08-20,SNPS,평상(모멘텀),2021~2026,0.01194844370755055,0.017274235216100164,0.014411938925609642,0.014462758530074726,-0.00037874660606677414,0.0004624381395195165,-0.010116129340557625,0.12212352054501618,0.08145380606491304,0.020377961970905772,0.23613118713998182,0.0934423156070896
2021-08-23,REGN,평상(모멘텀),2021~2026,-0.03248148531490147,-0.01386631348941414,-0.017200524534094184,0.02347181321917624,0.020635869231407793,-0.02769404586244828,-0.035352565968219875,0.13118437431996322,0.061588545274696926,0.016266821594255406,0.27915694489113707,0.10142716379008943
2021-08-26,ALGN,평상(모멘텀),2021~2026,0.039173757861926006,0.035825255662785604,0.042168103001219266,-0.011838812573898405,-0.011899032383668719,-0.0474719584866482,-0.03176022849946407,0.15281333726186164,0.06166515719313859,0.02328086088463783,0.2461077959151321,0.12554973073099562
2021-09-01,TCOM,평상(모멘텀),2021~2026,-0.03166234136341284,0.027393229399658048,0.02191893625780942,0.08049878238378527,0.09011366347760799,-0.014401885233918721,-0.02952601063829225,0.2399349487797635,0.060152950918717085,0.028588615482618793,-0.1273786698003545,0.1289309820272999
2021-09-03,PDD,평상(모멘텀),2021~2026,-0.16975898427783565,-0.0943261108057909,-0.09865215611759817,0.03553015748384425,0.046943958916033,0.09525485985307114,0.06472926352695058,0.15798968458376517,0.07197998625021707,0.06303779271471723,-0.2495890309084522,0.1295198903983239
2021-09-07,WDAY,평상(모멘텀),2021~2026,-0.08334997435086333,-0.019454546634727676,-0.027210737346355443,0.03147168642184206,0.038401246835139555,0.037362173941925425,0.017953212674825594,0.17826229762458223,0.03141708070940674,0.02274404240764722,0.15394295375475298,0.12123698829511431
2021-09-08,NFLX,평상(모멘텀),2021~2026,0.052533459782843295,0.10721035833402093,0.10114645713656337,0.044865742343710435,0.049454347797688876,-0.03412909838182754,-0.0492023043473866,0.16681730698829744,0.07158503305704889,0.012479631199403441,0.1611109374159827,0.11983312147492242
2021-09-09,TEAM,평상(모멘텀),2021~2026,0.03532450318108937,0.0779900000600342,0.07161712407572882,-0.010625450040610662,-0.0071117414954563005,0.01572232959263764,0.011507141778892196,0.16557771374395225,0.04002071197927615,0.01285811060585962,0.512998710487228,0.10565035839156178
2021-09-13,MTCH,평상(모멘텀),2021~2026,-0.041318525840000286,0.0053800734829451136,0.00420704669164363,0.05513192397491817,0.0546667261697334,0.02558722677200076,0.005694224018223178,0.181739639595895,0.11739505674434714,0.028171117906960388,0.10423602756029227,0.10425082001720565
2021-09-15,JD,평상(모멘텀),2021~2026,0.0494158581981643,0.09643293438702372,0.08806061342341068,-0.01396131242808829,-0.008980287384590899,-0.026217874722563317,-0.03978084969944423,0.16844156162196322,-0.06415195040850963,0.04002857281121618,-0.03607099670041969,0.09490107925545477
2021-09-20,BIDU,평상(모멘텀),2021~2026,0.1050549727257788,0.08582398707433914,0.09576194261614508,-0.025713712304701875,-0.03616900285959632,-0.03153810306706972,-0.026980058785352576,0.18116947900008218,-0.011517363311103201,0.026150879578297686,-0.21531442154846347,0.07420566522599792
2021-09-21,BKNG,평상(모멘텀),2021~2026,0.05711537254474308,0.03163253595238236,0.03965553232615164,-0.023691203006504846,-0.03133539282561463,-0.0046146171044540996,0.004161585591305859,0.12820904007048872,0.008018546201470356,0.01443898344808707,0.04265366208943888,0.044983451889547554
2021-09-24,MRNA,평상(모멘텀),2021~2026,-0.24285182167529817,-0.24450812666780908,-0.2476698581098518,0.09392859908776652,0.10982880904416212,-0.0013110225434677103,0.002300669863932605,0.14258429055354882,0.03165780642290961,0.03514337599376138,1.06464648925374,0.051042533367072096
2021-09-30,MAR,평상(모멘텀),2021~2026,0.07822158629615394,0.004118918536293981,0.031916724789020974,-0.02482868358203727,-0.0399528089864108,-0.0019199036860060303,-0.008108897836626652,0.12409382044816186,0.052008436898734356,0.014563878906149049,0.08995768370601231,-0.002263620142428313
2021-10-04,FOXA,평상(모멘텀),2021~2026,-0.012125244622609442,-0.11115428422738294,-0.08922036544977485,0.021183747994836022,-0.009341848331284534,0.008721239109840573,0.009565941023491245,0.09712123458022703,0.0387161620753802,0.01720130835959693,0.13925745620291785,0.0047364357637649235
2021-10-05,FOX,평상(모멘텀),2021~2026,-0.0007056978673765073,-0.08918372277432329,-0.06727794456507695,0.02026122418583376,0.0008522629187339287,-0.005712392510034081,-0.0051561297389722555,0.12071474286647987,0.03574297295307427,0.01624968990177955,0.12101221590814415,-0.02387478629179607
2021-10-06,DLTR,평상(모멘텀),2021~2026,0.1644091847507645,0.07110835687733252,0.09382215769296542,0.016134105454485903,0.0010608994889268423,-0.014835993768302802,-0.006840059672365249,0.053675958389934664,0.12621696272278493,0.04140978407624865,-0.06714189755125632,-0.0136940965840473
2021-10-07,MRVL,평상(모멘텀),2021~2026,0.09608120947842402,-0.0011932563389416284,0.030806015620200272,0.02732924316152463,0.023114055347779185,-0.011994470386013756,0.00019100709847043665,0.05598813837795169,0.05985025967089386,0.024836213305892602,0.21309792228888447,-0.007246613258590107
2021-10-11,NTES,평상(모멘텀),2021~2026,0.0762293147768709,-0.03402823059090987,-0.002438163113453351,0.03398935008983095,0.014096347336053368,0.01784030868740416,0.023424241727025723,0.09193955559123124,0.14940350998347673,0.03222109979999685,-0.0778811966064401,0.001761413693402325
2021-10-13,TCOM,평상(모멘텀),2021~2026,-0.05852178105483752,-0.14048479427629879,-0.11365819577446519,0.03878947961302637,0.025226504636145456,-0.02467159340695846,-0.03284323765151809,0.11514090585584902,0.007636043300081052,0.017977567157425423,-0.0796908491864321,0.007768218426464024
2021-10-18,CSX,평상(모멘텀),2021~2026,0.026045577245651153,-0.03200532627424346,-0.01727791962435013,0.00848787789820249,0.013045922179919634,0.0118056285286392,0.018193673015828925,0.12702103855836722,0.04432927620283578,0.01582977437992951,0.07646160427322846,0.013838530691493878
2021-10-19,TSLA,평상(모멘텀),2021~2026,0.21837094180770555,0.16003169350265312,0.17529988838079907,-0.05809800024393885,-0.04932179754817889,0.05738278712848155,0.07368648930772156,0.19165406490091685,0.09870698559796498,0.013188429368904476,0.22720808310388452,0.012513382523592131
2021-10-22,MTCH,평상(모멘텀),2021~2026,-0.16955265304559397,-0.24889253924971322,-0.20078951500912254,0.06447858859504674,0.06809028100244706,0.002625055299779522,0.018208617145569005,0.13413450909758162,0.11795424446811609,0.032333771797519714,0.16710557625617306,0.031394800050511984
2021-10-28,AMD,평상(모멘텀),2021~2026,0.27573186595741084,0.2600507016502407,0.2810750815582176,-0.044752106490394405,-0.05094110064101503,-0.034287788085384574,-0.04627242676707827,0.21853513341937147,0.050605717162434116,0.016821089778244095,0.3329902982332591,0.03565199890500437
2021-11-01,NVDA,평상(모멘텀),2021~2026,0.26318727091130345,0.24868644826169084,0.28968440375821874,-0.02272524197137138,-0.021880540057720707,-0.047141570159830226,-0.06620159913887055,0.2326194821990093,0.12501108515115766,0.02381874444495862,0.45998025812284005,0.04405519387978862
2021-11-02,DXCM,평상(모멘텀),2021~2026,-0.14472096331039475,-0.13878760499106768,-0.10095854108121144,0.053712323650603855,0.05426858642166568,0.05508825723156141,0.02044806454350745,0.19155448636752404,0.10368791549282763,0.02374715570516158,0.42647296580571337,0.05267727444151471
2021-11-03,KLAC,평상(모멘텀),2021~2026,0.023113397162090266,0.03263615936438824,0.0624403584282365,0.02408304602328548,0.032078980119223034,0.017541587899905897,0.0010961204645105506,0.17365534874433686,0.1367958042342945,0.018164590112911626,0.2082845148515371,0.0554664482920284
2021-11-04,REGN,평상(모멘텀),2021~2026,-0.021254869037228064,0.01754305551418167,0.03863999503824801,0.04184782565602463,0.05403330314050882,0.017051600669243827,-0.015880297116521197,0.1930768331584809,0.1060040544635672,0.0168619935375453,0.19514112173676001,0.07246913466519911
2021-11-08,QCOM,평상(모멘텀),2021~2026,0.1099357218678807,0.11057052218435426,0.13422171242044745,0.056116317281250216,0.06170025032087178,-0.019755560605608347,-0.011050195932428704,0.28826537144831255,0.22542084802863704,0.030845606353342343,0.18756583174116348,0.08419385369962917
2021-11-10,AMAT,평상(모멘텀),2021~2026,0.014598438335175825,0.004339185972327188,0.03644163167511333,0.01014155566146746,0.001969911416907836,-0.018227209691389135,-0.018206504088476166,0.23296007563681176,0.1067915723043924,0.016869217417455645,0.2024161681723602,0.07127582889430628
2021-11-15,ALGN,평상(모멘텀),2021~2026,-0.11146944486892907,-0.0945309253831561,-0.06538003895039268,0.00998032119364578,0.016368365680835505,0.04684000585768788,0.03475737581243349,0.16653381876302387,0.0008876516675087043,0.021052530377092652,0.10994559432932793,0.08476993896623508
2021-11-16,DLTR,평상(모멘텀),2021~2026,0.05426372215032127,0.055500998217364095,0.09110307257708139,0.055432742367184984,0.071736444546425,-0.014239824038287163,-0.011069270195301115,0.28013867889264277,0.16781123667889553,0.034318150945965666,0.24529385199238818,0.07265494094000102
2021-11-19,TSLA,평상(모멘텀),2021~2026,-0.21053775610365666,-0.15347622208405864,-0.15262634549469759,0.0421212392189505,0.057704801064739984,0.14136599338707834,0.10987121350855145,0.22637581025193998,0.030907086683312768,0.05072734394099293,0.49069626433294466,0.07248725264449729
2021-11-26,AMD,평상(모멘텀),2021~2026,-0.004906769300037415,-0.03872270103125286,-0.02567264336962642,0.03550518225031629,0.0235205435686226,-0.08168598537639604,-0.06018620627630193,0.2904809014315659,0.04268538965366564,0.035540900119949446,0.6267940916588137,0.050396233758176034
2021-11-30,NVDA,평상(모멘텀),2021~2026,-0.08375169797418014,-0.10575787087719601,-0.11337992767702104,0.04947384488977824,0.03041381591073792,-0.03695424865741448,-0.017070196524430137,0.30543328342707277,0.011854008792294257,0.04058706908867478,0.741086364513386,0.05094703265937173
2021-12-01,MU,평상(모멘텀),2021~2026,0.10064223371533676,0.06591559208744147,0.052082329857331175,0.022337550718065202,-0.012302641969988759,-0.018191786040377078,0.005692590283747523,0.18811863025227904,0.0016692758126808371,0.025116729967078453,0.054800920239881146,0.03086078579013707
2021-12-02,LRCX,평상(모멘텀),2021~2026,0.08750326489089111,0.0669088517843961,0.05938014220905748,-0.016778686457274872,-0.03322415389267022,-0.031981965231646536,-0.011585670880232102,0.2077353675641307,0.04870545090848477,0.019122452955983752,0.1500930113032537,0.012883583568330303
2021-12-03,AAPL,평상(모멘텀),2021~2026,0.12262937570256693,0.07236667969211164,0.07725489455119308,-0.03279295969450646,-0.06572485748027149,-0.03740772678197413,-0.01548093136810903,0.08257284995333314,0.011238761166485922,0.01499590578186455,0.1827416365073975,0.023680540143475648
2021-12-07,MRVL,평상(모멘텀),2021~2026,-0.08275612557346046,-0.04882917392118946,-0.05502935105124207,0.12433298115174285,0.1330383458249225,0.007104131761305865,-0.00456974275001565,0.1888395326084631,0.13876325753635443,0.04505150558192299,0.5051786635372657,0.02625585909039385
2021-12-09,MRNA,평상(모멘텀),2021~2026,-0.21635653604344596,-0.181842931530942,-0.1924333094705982,-0.056425560293443144,-0.05640485469053018,0.011672080372591154,0.002573218001238959,0.19653783657756807,-0.08760179240303756,0.07467259688865222,0.07350912132554566,0.06575089400835066
2021-12-14,QCOM,평상(모멘텀),2021~2026,0.02239808929268383,0.023013913520887774,0.019989334299120504,0.004558091399849973,-0.007524538645404423,-0.04244371428571425,-0.016452111844007477,0.1156359153864075,0.04485612448926357,0.026082657800718577,0.3037109998125749,0.0488526140190797
2021-12-15,VRTX,평상(모멘텀),2021~2026,0.07117764690441652,0.11991857495590641,0.10404659532056565,-0.00868180528393736,-0.005511251440951312,0.0006893325252959048,0.012357952308140852,0.11976883661410365,0.01958875474392796,0.02511513755579122,0.046444892792391945,0.060131795234380725
2021-12-20,CSCO,평상(모멘텀),2021~2026,-0.020438332441256923,0.016662587322110567,0.012513217786952226,-0.004907142396929021,-0.03640192227545592,-0.0040260509065050964,-0.010092693680950131,0.1273540266041946,0.020421862416662773,0.01635103626738116,0.1189721844799756,0.03165718981256149
2021-12-27,AVGO,평상(모멘텀),2021~2026,-0.20983642366394128,-0.06386510132728818,-0.07362210284980111,0.04516720530240237,0.06959017217118629,0.08386231901761332,0.03599805344789861,0.19745267457481042,0.07793488113369085,0.026680057537340384,0.3545238460349607,0.10542479131637283
2021-12-29,CTSH,평상(모멘텀),2021~2026,-0.08906350794264373,0.06180047488322604,0.06379102971366879,0.029190053262037274,0.05144642984858211,0.05489100281469117,-0.011877541266568481,0.11316045091390126,0.07019680565507769,0.015998138162533246,0.17156890116822465,0.11471098824014847
2021-12-30,PAYX,평상(모멘텀),2021~2026,-0.15175355278044123,-0.03157111401272017,-0.020259892334731938,0.044309607125794015,0.07045296605093931,0.03511884787116504,0.003188726230966936,0.15251692804386208,0.08660942651242376,0.01630701761888671,0.2449192102308433,0.13950199639649274
2021-12-31,MELI,평상(모멘텀),2021~2026,-0.16244197708637798,-0.07726897139134714,-0.06614841381306338,0.10861590651474806,0.13156271713380296,-0.05722147976820158,-0.04818072927332975,0.22845500898447257,0.10466311518792004,0.03246307773419251,-0.11409898570511667,0.11959460493680085
2022-01-03,MNST,평상(모멘텀),2021~2026,-0.10630909052544435,-0.01649509567214613,-0.019127068060974958,0.027922144022823003,0.050720231214820125,-0.013552740846932476,0.005872015478952931,0.15766636903812148,0.023444209969010865,0.00890227873753692,0.04045748964143003,0.10519105951715857
2022-01-05,MU,평상(모멘텀),2021~2026,-0.13367374268642263,-0.05310770005551968,-0.05782526666026283,0.00832403722474595,-0.007096939246073054,0.040764115028324,0.03229268306822365,0.16971136638936923,0.03768792092378659,0.03168925382597387,0.21310969854516149,0.09844174341716849
2022-01-07,MDLZ,평상(모멘텀),2021~2026,-0.003036107769233574,0.06244157057823141,0.0632929007915243,0.010094277247749028,-0.0006432780533754089,-0.008609447834815764,-0.007140998630426485,0.11263503351170678,0.024790976372791373,0.009039792858896495,0.10071987675051286,0.07524496634841049
2022-01-12,LCID,평상(모멘텀),2021~2026,-0.3876482201124213,-0.3122346741179971,-0.32416968617592173,0.16591096995359145,0.19434814636919967,-0.01813655082769927,0.006228472528199483,0.1614304270933109,0.15376809227350852,0.04651503184245865,0.6214139724075112,0.04602917285550645
2022-01-13,TSLA,평상(모멘텀),2021~2026,-0.16831124557195432,-0.08817374452027738,-0.09992365135226368,0.012573290423336658,0.023626150770532837,0.023359939542343833,0.0166530667170022,0.15410375964051726,0.016634172395654012,0.04686587196471894,0.38242857654091944,0.0394885509810341
2022-01-19,PCAR,평상(모멘텀),2021~2026,0.010349707752415284,0.03986890784524422,0.030744454543736977,0.005466249445946758,-0.0001124723295510702,-0.01956636696780134,-0.001970033919752142,0.14934131681499196,0.039086402253385666,0.014166197978892863,0.1190113807900901,-0.01800112726919667
2022-01-25,PEP,하락(저변동성),2021~2026,-0.029138994737230806,0.01607162079146507,0.011493554175283478,-0.0111115900915707,-0.05830811116136477,-0.004677533058525585,-0.04860597845610561,0.020909070294117926,-0.013151843261292595,0.005066662836728723,0.1188560210888765,-0.06980269084517754
2022-01-27,AEP,하락(저변동성),2021~2026,0.007399872217846106,-0.005886447750827138,-0.022335712136956398,-0.004238792585987805,-0.06946218567896925,0.006770691458048095,0.023883578704296582,0.007028361668196315,-0.016279287171363066,0.006429595054336955,0.04141794776292018,-0.10584607206472652
2022-01-28,EXC,하락(저변동성),2021~2026,0.047458927815542395,0.06245765666239533,0.04385783319356096,-0.01093237661143176,-0.04181854709670432,-0.002132534996783675,0.022999351697909606,-0.009179034172079326,-0.014917505830882583,0.008820383809697421,0.1438857743449009,-0.1195936122579182
2022-01-31,XEL,하락(저변동성),2021~2026,-0.047219547462391764,0.014673050512892805,-0.0007145607779153879,0.01813749936540998,0.02783313212590213,0.022478355365447955,0.03591723362668256,0.02359666538653138,0.023746724550119058,0.009279493823522144,0.04583450701541669,-0.09503088501164414
2022-02-01,KHC,하락(저변동성),2021~2026,0.07937266080762284,0.1310374948092634,0.1176375284891513,0.009903024938604288,0.029916387174532284,-0.012040078468087745,0.018361184117473527,-0.0027856145869532556,-0.01621325098844484,0.009355576801254142,-0.04943587478896172,-0.07522377251153645
2022-02-03,AMGN,하락(저변동성),2021~2026,0.04650472143807338,0.09224468598954871,0.09022296053695128,-0.014336548872630805,-0.01836259537219984,-0.019801322410941347,-0.019525053559693008,0.004783991390150177,0.028714054503524933,0.010448632112636639,0.01664131805863356,-0.07455292664967561
2022-02-07,MDLZ,하락(저변동성),2021~2026,-0.10099246140959672,-0.011525898936404655,-0.016535236775059053,0.008684214123296563,0.010095946488502379,0.034226182992617815,-0.012318803511193938,-0.005342975065051103,0.009033516911406858,0.009242547942674088,0.07822283169408317,-0.09405649958616358
2022-02-10,KDP,하락(저변동성),2021~2026,-0.040401059748921164,0.0550595665055551,0.06404305101026948,0.003056960800241315,0.025246117754120424,0.025846912248828957,-0.036390647718768446,0.022468923186124146,-0.0023214225064437377,0.011855654865367842,0.09452255674111898,-0.07055169586357257
2022-02-11,CSCO,하락(저변동성),2021~2026,0.005420990427186025,0.09011397200588889,0.09938981727748514,-0.02481263055431271,-0.03284524172342638,0.020380731137271235,-0.0658977180779726,-0.11670955179721088,-0.005978218174709338,0.013391059861762793,-0.010520278555606999,-0.09163440990069827
2022-02-16,SBUX,하락(저변동성),2021~2026,-0.08100834511648336,-0.0477947044940652,-0.047358116509758776,0.017525168770981647,0.034006273494560584,-0.004954249452376436,-0.001751026222392463,-0.028044585211929096,0.0007290987341324051,0.012775429029726948,-0.14828390962712767,-0.1129741976834282
2022-02-23,PEP,하락(저변동성),2021~2026,-0.014806770967441206,-0.0842486451907124,-0.06918277570572026,0.004699515196215032,-0.039256277347224866,0.00034960089822644314,0.0031533444396436862,-0.02873137286740024,0.009897682884946635,0.010020510578042763,0.06670104844228053,-0.15257260210336876
2022-02-25,PCAR,하락(저변동성),2021~2026,-0.03187680145980154,-0.07170646070947628,-0.04979442042786493,0.012485627879593952,0.028557703393581078,-0.018684548069733742,-0.006486338218235308,-0.017022675774029827,-0.03190148396155701,0.011733195329409108,0.0705431791159159,-0.1478465025116088
2022-02-28,GILD,하락(저변동성),2021~2026,-0.009709375137437857,-0.06235727835672822,-0.03938985451753112,-0.0027448435000611004,0.021673075612720267,0.009438391614624564,0.03271431161713431,-0.0914225825737609,-0.002773782030970451,0.013727879207522876,-0.09867117357250743,-0.12064758470856274
2022-03-01,XEL,하락(저변동성),2021~2026,0.08552957030757224,-0.002527757841781275,0.018417674474163453,-0.021984186997693334,-0.008597646708862641,-0.0016572641537953015,0.038785670055788056,-0.03593925237158957,0.020151547026963534,0.013102803027952404,0.011581535473088378,-0.10328373245602296
2022-03-02,ADP,하락(저변동성),2021~2026,0.10757979670688678,0.04945866727862214,0.0699578455826172,0.004354977302263308,0.034731040894401335,-0.01008797423782093,0.015723935771742237,-0.018722598579628213,0.012055810243551068,0.013022161524890908,-0.04387503777153978,-0.12411977669232566
2022-03-04,EXC,하락(저변동성),2021~2026,0.07433243955872437,0.00037721124368172987,0.012222972401791897,0.03426813880220658,0.03403833907357613,-0.012908868488512804,0.003000215100245951,0.014670249595378992,0.04430986839624507,0.012572753797732065,0.1973185321236357,-0.11428321924401541
2022-03-08,VRTX,하락(저변동성),2021~2026,0.12891191765022714,0.011857734136908826,0.02708412909514714,-0.0015972901763422476,-0.048189969669022226,-0.0012541299780381987,0.008659922057366157,-0.02653336605055745,0.023997865016702535,0.012144310648422349,0.1543158308342243,-0.18756229224501308
2022-03-11,COST,하락(저변동성),2021~2026,0.13568952409831891,0.058600155080868355,0.04987699700945347,-0.0193601448290186,-0.08115578870868007,-0.030125889637700243,-0.03388370410215044,0.00735572149949304,-0.0006190947738343722,0.013188678686395628,0.12692407937422479,-0.15492256109546143
2022-03-14,AMGN,하락(저변동성),2021~2026,0.09249847933894673,0.020175617826250214,0.001386307757772376,-0.01489703592250291,-0.10050673730706687,-0.007357252096875766,-0.021445850842766567,0.00870640702458636,-0.017431677637540277,0.012005594770032373,0.03436372853779024,-0.16419017702676186
2022-03-17,FAST,하락(저변동성),2021~2026,-0.021775907967832575,-0.005811885000013728,-0.016218039266648197,0.01354848130745534,0.01691848089174983,0.02980612973399155,0.02870339166510123,0.07283892406062864,0.02209649742417863,0.012940652782023066,0.010703405621568018,-0.11674047375591712
2022-03-23,REGN,하락(저변동성),2021~2026,0.05312392839696711,0.10345077407007164,0.08818635929591856,-0.014362797218864243,-0.011559053677447,-0.014628764099348657,-0.015501517768532242,0.1488663528388392,0.04010945359338436,0.010810831630050324,0.13015684186504073,-0.10141394345387889
2022-03-25,CMCSA,하락(저변동성),2021~2026,-0.026655597739489,0.05610597357842506,0.03405200583129397,0.0034133186313871633,0.015611528482885597,-0.0298779012633551,-0.02733243600122517,0.017170337109249978,0.0068846604936443345,0.01148842854061261,-0.11736446656463984,-0.10449422271035236
2022-03-28,KDP,하락(저변동성),2021~2026,-0.022170943771464335,0.10978592520793484,0.08090706459635488,0.006512812292356784,0.029788732294866532,0.007235760917153167,-0.0162430182182678,-0.018799055002499343,-0.006083101385857659,0.012126447814888804,0.05299210374267438,-0.10531193783734205
2022-03-29,GILD,하락(저변동성),2021~2026,0.015512080079399528,0.16223515663967514,0.13681160267375742,0.010445117927315284,0.05088805213689864,0.0017473253467945593,-0.014389392633554873,-0.007709375137437857,-0.008045489163349795,0.012071565609002044,-0.10820318320960576,-0.0877527833556574
2022-03-30,AEP,하락(저변동성),2021~2026,0.028275576492699184,0.13546363978480702,0.11554262492331262,0.004203799427273669,0.030015709436836836,-0.01845035949836038,0.0007617195351628213,0.09400287729211199,0.036115459859547894,0.012012794941394235,0.14589567543177817,-0.0662226999163823
2022-04-01,EXC,하락(저변동성),2021~2026,-0.023191727950818142,0.09694387044630404,0.0762441635605292,0.013077686625292628,0.028986770214051383,0.025107811968331673,0.03420813770157995,0.1043357889998433,0.07105904166143562,0.010472803561959326,0.27791118429145767,-0.08852973562071897
2022-04-05,XEL,하락(저변동성),2021~2026,0.002516258091256775,0.08921492413941667,0.06970715624680597,0.001782224229091911,0.011696276264496267,0.0064746550960843585,0.05595807134355879,0.023168316685106216,0.020494320941625732,0.008721832524224598,0.09622050133577353,-0.03842476543058915
2022-04-08,KHC,하락(저변동성),2021~2026,0.07738462123415135,0.22671813469468338,0.22559786290859185,-0.0032462585078119055,-0.007004072972262101,-0.04140136730562993,-0.09152744366825524,0.07378797161242079,0.02335626585643058,0.0066500877843136946,0.10421660564345725,-0.08282634423172686
2022-04-11,AMGN,하락(저변동성),2021~2026,-0.042499013967673305,0.07503672094740232,0.08583993914614216,0.00741178244883911,-0.006676816297051691,0.006744044134905369,-0.027422468476500858,0.10124532732256686,0.03660744580264974,0.0071385825795609,0.13548726822616386,-0.09920339277975776
2022-04-14,PEP,하락(저변동성),2021~2026,0.008587618437398971,0.11697218719769786,0.11457295130359718,-0.003260954979346198,-0.004363693048236518,-0.02378487320173428,-0.025069337326932718,0.08328112695696288,0.003538451124373454,0.006728772759640368,0.07709737979638542,-0.06531361627363652
2022-04-21,MDLZ,하락(저변동성),2021~2026,-0.0738408662171337,0.06061684371502807,0.04185043726425132,0.021129558545901705,0.020256804876718118,0.04531242157194293,0.019198213633497493,0.07352375756494789,0.03235421915924874,0.009412115084053057,0.05330045838466546,-0.03522154341723305
2022-04-25,VRSK,하락(저변동성),2021~2026,-0.20274815166679205,-0.09198814899108454,-0.10439357265324518,0.03418140361349087,0.036726868875620794,0.014626676461432897,-0.0033401000434768492,0.011333147132889243,-0.01265820360029668,0.01150984880460971,0.03155245184436084,-0.05756745065392144
2022-04-26,SIRI,하락(저변동성),2021~2026,0.02476632098479481,0.12006976133129676,0.11257633244133051,-0.02990230784300174,-0.05338108697842271,0.0020771163311541496,-0.04260243593518235,-0.05945130071558591,-0.01437698532071452,0.011579860247088182,0.013224787953639572,-0.0335561609673074
2022-04-27,HON,하락(저변동성),2021~2026,0.025190562757630763,0.10666416922699218,0.09648055339252282,-0.039972686831522664,-0.0561094048118721,0.015927836980401455,-0.010777126033339132,-0.04789198515084603,-0.04832646976883115,0.012924116616263304,-0.10216155903592217,-0.09996121344556419
2022-04-28,AEP,하락(저변동성),2021~2026,0.0073652564738213595,0.09500380512083906,0.07707409425028744,0.018797174118398097,0.0380092531519213,-0.016999620645101188,-0.014069137266592289,0.008511473675552494,-0.03209206619471128,0.0116072681239705,0.1303964422300683,-0.1290477579331375
2022-05-02,MNST,하락(저변동성),2021~2026,0.04956345423695607,0.08273529491712217,0.0769836165475435,-0.01049688086574685,-0.0013965551324985701,-0.0073843961300293914,0.022852102706547903,0.07234040887251769,0.00035024843855735455,0.013877850105407034,-0.03222253750462356,-0.1509233576213883
2022-05-04,XEL,하락(저변동성),2021~2026,0.026338006255270496,0.07382870414663378,0.0627499828213697,-0.006433003616436173,0.04305041263103826,-0.03140327733244341,0.02491996725226478,-0.007840657184214561,-0.01703454483151723,0.011544927995162086,0.07432571125870546,-0.10918817514225743
2022-05-09,KDP,하락(저변동성),2021~2026,-0.02165523554692239,-0.06464604701065801,-0.10059476884539305,0.01352764090108649,-0.03659843546153883,-0.033716579080023346,0.021927828371874077,-0.017282387883246764,-0.011764736862532987,0.012474027583933555,0.027819893441742183,-0.15696592762625927
2022-05-10,KHC,하락(저변동성),2021~2026,-0.13271939607603744,-0.15452990774409792,-0.1968154729093295,0.029927451462870014,-0.004239061148536213,-0.008489175192668452,0.04262641584506388,0.07938462123415135,0.0526443907165306,0.013894743553543101,0.1962466439887729,-0.17122138050911195
2022-05-13,AMGN,하락(저변동성),2021~2026,-0.02142365514456579,0.06730198893462314,0.05370253807141674,-0.0016108332102725553,-0.0028952973354709937,0.027738394071637806,-0.035922899158774974,-0.03467308897146715,0.044250127510826465,0.01440111868318083,0.09932113897766981,-0.18298017863011062
2022-05-19,EXC,하락(저변동성),2021~2026,-0.1380085594889754,-0.08667320680003499,-0.08637887591556018,-0.008457582500987937,-0.03457179043943337,0.08656648514582455,0.033247142119100646,-0.05538518176418017,-0.0032149898276337963,0.01616426837899892,0.18759358615612687,-0.14002497848581996
2022-05-23,GILD,하락(저변동성),2021~2026,-0.02369957236156872,0.018394371022658396,0.01730547252894348,0.006664081385504339,-0.011302695119405407,-0.007669088238303257,-0.034780448388819274,0.0255419564168633,0.02356901878527018,0.015469669573130443,-0.02547282033689713,-0.15306621313031343
2022-05-24,AZN,하락(저변동성),2021~2026,-0.03500839679502843,-0.028877458973617154,-0.036307592413565945,0.023944473397719435,-0.020735078868617064,-0.005423177254389344,-0.010118225011375766,0.00682223134074178,0.02977203396537309,0.02043542288388457,0.11136751895935193,-0.1518680358162935
2022-05-25,HON,하락(저변동성),2021~2026,-0.05671538457657954,-0.07027205529647329,-0.07391904224094821,-0.015678118465326407,-0.042383081479067,-0.009369492468176976,0.023685674034742477,0.017394705554142798,-0.04571490259747135,0.018829054516567193,-0.0721680862809636,-0.17333914422542251
2022-05-26,AEP,하락(저변동성),2021~2026,-0.07608869711403365,-0.05421410254712944,-0.054527281939300676,0.0172936053760806,0.0202240887545895,-0.016248973929739674,0.012122741436997986,0.037762274313980715,0.026031165833698244,0.01385621988946348,0.153509159318983,-0.14722704445516965
2022-05-31,SIRI,하락(저변동성),2021~2026,-0.04731260411950877,0.030509899590271727,0.025722795485540947,0.032734033852476196,0.06297053268905349,0.0002338429821266974,-0.0024904394848192374,0.0671016326593945,0.03571430355776939,0.013125479083379292,0.05123112564276977,-0.0964567001726615
2022-06-02,XEL,하락(저변동성),2021~2026,-0.03284282878115086,0.06854716187124887,0.0594135708209239,0.03242141605224247,0.08874466063695066,-0.052831493926425166,-0.06090847529078723,0.041453050347461495,-0.014948815394026815,0.010014505057006774,0.10682001810406949,-0.057887044144219746
2022-06-07,CMCSA,하락(저변동성),2021~2026,-0.05878012129488974,-0.01137254828901113,-0.0048041687314519035,0.018916300671580455,0.07456070812347787,-0.0008032300564262407,0.015388108595856535,0.05699980095783297,-0.042572698904238315,0.01464032028500668,-0.14707205287645297,-0.07294313274869402
2022-06-08,TMUS,하락(저변동성),2021~2026,0.0017718927699512683,0.04056970600466381,0.05067171353449639,0.024702729916282085,0.07581832095401442,-0.0010421554141235578,0.011540608402806294,0.13850314554708265,0.03976312767881174,0.011362013489171386,0.12630751547739139,-0.04436610505162808
2022-06-13,AMGN,하락(저변동성),2021~2026,0.04158669119362712,0.0025897502182687937,0.009173708063446938,-0.026989741972901604,-0.09065103520331438,-0.0011563646579337838,-0.024963820082722826,-0.011366621128076848,-0.03397049103132166,0.00936178098373803,0.07517227850575714,-0.15218182122235113
2022-06-17,MDLZ,하락(저변동성),2021~2026,0.048515170632746685,-0.03877672888438055,-0.03345044678005285,-0.04010869741697887,-0.09342804044370276,0.01690156033693868,0.017513758278735338,-0.03823442972922719,-0.04278951131703468,0.012337791100855942,-0.06484900926460657,-0.24066332250080202
2022-06-22,CSCO,하락(저변동성),2021~2026,0.030390137654678018,-0.06431212315963863,-0.0633489125770747,0.001487621907073411,-0.025623738243442606,-0.011183649320336442,0.009287141147799216,0.027945878995379925,0.020814043703183183,0.0126350037204159,-0.18412401948019452,-0.21800068743081624
2022-06-23,PEP,하락(저변동성),2021~2026,0.0315770957032262,-0.028160395639541536,-0.023112648979735063,-0.0002118152405404805,-0.004906862997526904,0.013953666134111087,0.013970939024531871,-0.014752645510283435,0.03785560025235868,0.012773389731325384,-0.008173090386265014,-0.21868862070423944
2022-06-24,CSX,하락(저변동성),2021~2026,0.058196284407878496,0.03981173858445741,0.044373223759384496,0.010973029509165233,0.044028196012084686,-0.017103424829773783,-0.025695463469252493,-0.06822396074475856,-0.024133481098556286,0.014356146922697682,-0.15638449409861865,-0.21949908705867394
2022-06-27,GILD,하락(저변동성),2021~2026,-0.0371741504383144,-0.04372466531099539,-0.040615451328886894,0.026122581572024073,0.05449429693876173,0.01021192109345992,-0.02113480509488643,-0.01756285426403592,0.0928622754890518,0.01541207530379593,-0.01327939211373863,-0.20561748417052306
2022-06-29,DLTR,하락(저변동성),2021~2026,0.04337597656249992,-0.04751326187142291,-0.04093809803214503,-0.01958587396677014,-0.022310156433716075,0.020293655205025463,0.02415212313906727,-0.06927268288352273,-0.017969033577531213,0.015721427072222093,0.12513206390902765,-0.21570393298572765
2022-07-01,ORLY,하락(저변동성),2021~2026,0.11262388937905987,-0.0043395191121606835,0.014415989314704114,-0.0070100951382997545,-0.015087076502661822,-0.008417045138329415,-0.008492018355476626,0.011447114842443318,0.005682969200657029,0.015517053548402559,-0.03145882749990336,-0.24115841815683536
2022-07-07,KDP,하락(저변동성),2021~2026,0.0679861612447692,-0.031277633500686575,-0.018040038278607826,0.005565903113597059,0.021757241765879835,-0.0017235706055561684,0.01212648373314539,-0.015247305956531232,0.017753543518776338,0.011292288812548608,-0.0011802388796637864,-0.18436931158497727
2022-07-08,HON,하락(저변동성),2021~2026,0.10720763528172772,0.017975602988463457,0.02324819752496121,-0.008392863879780887,0.004189899937148965,0.008932563887577905,0.0196167847891124,-0.12058462689183058,0.0034065074939078066,0.014447248273924882,-0.12655346692684788,-0.15482443937113433
2022-07-13,AMGN,하락(저변동성),2021~2026,0.018235525280067666,-0.12242916164996531,-0.1128320221808908,0.001157703385212816,-0.022649752039576226,-0.012814138908740835,0.003224000902494667,0.028998730144975893,0.0009726676924983746,0.009892107781442038,0.09250665523039148,-0.17389388539551276
2022-07-19,MDLZ,하락(저변동성),2021~2026,0.07191725276678729,-0.041213821839264586,-0.03090344874855759,-0.01662064549427822,-0.016008447552481563,-0.024914067542220142,0.010606326175995606,0.030584154248000983,-0.03564537009421731,0.011828550706265357,-0.03981423240267945,-0.15151806882628238
2022-07-21,SIRI,하락(저변동성),2021~2026,-0.0033318698566717746,-0.0735871406773847,-0.05583987313905076,0.011061514463398758,0.031532304931534416,-0.006897078691547431,0.017941661850223778,0.10152290192752611,0.04494390903440659,0.011707493434484257,0.06277566932201784,-0.06866806532072722
2022-07-22,PEP,하락(저변동성),2021~2026,0.060260716946616055,-0.008019259751008923,0.012223397373847443,-0.013761640793027663,-0.013744367902606879,-0.020090036627605445,-0.01164349502707371,0.03999276312126532,-0.014446052109748697,0.009773852646785715,0.020313802730333563,-0.06752344148517064
2022-07-25,KHC,하락(저변동성),2021~2026,-0.0012184748505417158,-0.0468147744291636,-0.028049579676141786,0.011660830345727513,0.003068791706248802,-0.0009577132369351649,-0.012970201324505645,0.012417309302555468,0.008155727879130437,0.011386368293544483,0.028099479387065474,-0.04713711806153198
2022-07-26,GILD,하락(저변동성),2021~2026,0.04847831416274806,-0.017286242733413948,0.003985023265545888,-0.010108691929121782,-0.04145541811746813,0.003993244928995221,-0.006101551179451844,-0.036937343921024324,-0.0024630653371948696,0.010063079387129643,-0.04110172309485638,-0.05190582872921745
2022-07-28,NFLX,평상(모멘텀),2021~2026,0.03321818686768241,-0.0002551822589746955,0.009621307474821955,0.029909401829345983,0.03376786976338779,-0.005708696247218592,0.015298355596593784,0.2625278615222342,0.04763445667219113,0.035861540169826386,-0.4347107250715381,-0.019707041881167453
2022-08-01,TSLA,평상(모멘텀),2021~2026,-0.043902598478497756,-0.008629612515322238,-0.012579172181384886,0.05384397287578557,0.053768999658638364,0.02255892571303031,0.0027865079700952443,0.32376526434081954,0.09148670477206822,0.03559578767020469,-0.019765308135275883,-0.01084276119963079
2022-08-04,ASML,평상(모멘텀),2021~2026,-0.2034410860965601,-0.12557940745736074,-0.1308931964688717,0.04907365750884729,0.06292371184754884,0.060446933114664425,0.0372266801450238,0.36135970388539596,0.06898841473595363,0.02744133477338285,-0.0992014165243068,0.0440956518895923
2022-08-05,MELI,평상(모멘텀),2021~2026,-0.16681111210108956,-0.08282595164436879,-0.08490199563178588,0.10450198042296988,0.11518620132450437,0.05933370233332824,0.029687248149364725,0.43403725375796465,0.2875022781395802,0.05168062890250027,-0.01862392915468325,0.09216821010839138
2022-08-10,TEAM,평상(모멘텀),2021~2026,-0.16227811847333418,-0.08325998629236275,-0.09535739863228167,0.12251287622866447,0.13855101603989997,0.0222678924831079,0.03266844181426755,0.4473451393664327,0.3018065291601997,0.0518209313912147,-0.024828698068394828,0.08895985282114593
2022-08-16,CEG,평상(모멘텀),2021~2026,0.07969523808603451,0.18976391870129883,0.17550119885378918,0.047710007273064514,0.08323040099128026,-0.03529376164594089,-0.0170574218434535,0.4841359221486332,0.07188677433004598,0.041568975291956356,,0.145776742876899
2022-08-18,PYPL,평상(모멘텀),2021~2026,-0.06068216566192808,0.0610867918911947,0.03932245817459107,0.037065288424871,0.06190402896664221,-0.02134501434806635,-0.0151634874702852,0.2390331406220212,0.005156321694386401,0.03995630594170352,-0.20238251295456278,0.1381626157467093
2022-08-19,ADP,평상(모멘텀),2021~2026,-0.09083620712945706,0.0065466033829563175,-0.01405318794173109,0.028196980898497204,0.03664352249902894,-0.007264620007044309,0.006956318616562004,0.19647844003797088,0.04280068397204184,0.017878252252435493,0.1779871995418758,0.12229314321238727
2022-08-22,BKNG,평상(모멘텀),2021~2026,-0.040546624159972455,0.04005511920000271,0.025196645629348993,-0.008940268042471833,-0.020952756130042313,-0.04263186061416746,-0.039834764071926335,0.1530709963074215,-0.01605860143281912,0.019002991674284004,-0.04859107326387513,0.1251555302731857
2022-08-23,DDOG,평상(모멘텀),2021~2026,-0.08433805130043803,0.012232378447890269,-0.003425135614341504,-0.033212811597369996,-0.04330760770581706,-0.013029630612434118,-0.026836221010557416,0.12553874327031989,-0.12349396601544549,0.04104662066456997,-0.2395010092230725,0.07925451474761958
2022-08-25,PANW,평상(모멘텀),2021~2026,-0.15987549874790608,-0.020466005074292526,-0.02655383248549173,0.06376791855985942,0.0847749704036718,0.070574305577779,0.0303564326435306,0.18141317489573017,0.09776298924823412,0.03362139819863027,0.06601657175227293,0.018644633735347638
2022-08-29,PDD,평상(모멘텀),2021~2026,-0.0784687941709763,0.018658665085728887,0.018708771264502766,0.09249033533957207,0.07271791759663701,0.042910993112901696,0.01074863658436919,0.17465826701589715,0.25808570381292184,0.04439080590640071,0.07796169999036406,0.004527250471048738
2022-09-01,BIDU,평상(모멘텀),2021~2026,-0.18880785341845785,-0.08262123597683801,-0.09954792444927156,0.05672517407617739,0.03350492110653676,0.0036761258402089325,-0.024187563997438405,0.05372170149731126,0.03650113424768886,0.03254650496165825,0.01064984001447944,-0.026000732753418965
2022-09-02,PEP,하락(저변동성),2021~2026,-0.03370067371301222,0.03810279269128847,0.020210249697805216,-0.01091888852936096,-0.04056534271332447,0.011543997663387762,0.01389764179691517,-0.010566808833331387,-0.029332135275860538,0.00852460071036824,0.03601350647409696,-0.03438251915223145
2022-09-08,LULU,평상(모멘텀),2021~2026,-0.10411399024274182,-0.03628852853459941,-0.04988095654047956,0.06277490316465117,0.07317545249581082,-0.041292471117328255,-0.0050831075461551245,0.09890722078480607,0.09704623402540435,0.026994738589892604,0.011698775369843206,0.03604967578920126
2022-09-14,REGN,평상(모멘텀),2021~2026,0.041634016032034094,0.152787450072299,0.1437939758057482,0.042224699467847904,0.06046103927033529,-0.0024370375418241164,-0.037349613522503745,0.09031732290304562,0.22199778188349262,0.04673115201934717,0.10711127449242963,0.08142386695770432
2022-09-16,CEG,평상(모멘텀),2021~2026,-0.052368173511712746,0.046213974944250724,0.04324550804974954,0.004600978669289546,0.010782505547070696,0.06262682187727919,0.010229514484910579,0.08908411329332111,0.011772923605235741,0.01796219157878548,,0.03297292716554523
2022-09-19,SBUX,평상(모멘텀),2021~2026,-0.037163773198965355,0.037354688505909506,0.03355555495960018,0.05153480122013687,0.06575573984374318,-0.019165405507889033,-0.04042048763302519,0.031168718048807165,0.029541175625792393,0.022914967594663188,0.04390514329121675,0.028945030973685615
2022-09-20,ZS,평상(모멘텀),2021~2026,-0.1351363864344164,-0.07575171555048177,-0.08495509971341386,0.022302238816916953,0.02509933535915808,0.03598228011872173,0.0233549322567421,0.05023466515578168,-0.09829544514126598,0.06020764408889041,-0.16300093594652576,0.021849618948202254
2022-09-21,NFLX,평상(모멘텀),2021~2026,0.14791347802245136,0.1938337218536461,0.19155522778198592,0.01177904431815513,-0.0020275460799681674,-0.045171514034948346,-0.06620376615515883,0.07199614051099501,0.11332692216551976,0.031429194050107225,-0.2417646732151303,-0.021007164182475724
2022-09-23,GILD,평상(모멘텀),2021~2026,0.07642839647105015,0.07650886123275102,0.07090800753145773,-0.021057682005876877,-0.06127555494012527,0.03976553850265985,0.04166112943027699,0.013725053353617067,-0.01892321256861107,0.018499117519135872,0.024031271670383436,-0.011696325508035676
2022-09-27,PDD,평상(모멘텀),2021~2026,-0.2226919581693031,-0.2580227838507635,-0.2644668976860107,-0.041145403007806225,-0.07330775953633872,0.16228349672940334,0.18864311848874113,0.053673791366472656,-0.07797539134711406,0.049505959439397715,0.15511943724669575,-0.021698144681293274
2022-09-30,MDLZ,하락(저변동성),2021~2026,0.12329649498470707,0.07088753329169806,0.05595465907748427,-0.04581094656825424,-0.07367463640590158,-0.014216309500874824,0.013593336936367283,-0.07779235455068367,-0.046023988199233035,0.013362453296386145,-0.09743632417684278,-0.058030319059356406
2022-10-03,PEP,하락(저변동성),2021~2026,0.09682026495281537,0.08116184427750839,0.06663780132835254,-0.011412254622689355,-0.009058610489161947,-0.020531451489335995,-0.007351202395980841,-0.0554817154880215,-0.03121283963639443,0.01354857592452028,-0.026271475540207145,-0.09396526535752936
2022-10-06,BIIB,평상(모멘텀),2021~2026,0.06659600993095438,0.1358050465967504,0.11002280248101334,0.04358556469240926,0.0797949282635824,0.012548320989510309,-0.038573866479549856,0.30408135161833116,-0.05393869961416409,0.09216460288720353,0.2259256073171505,-0.014628411215885762
2022-10-12,SIRI,하락(저변동성),2021~2026,0.06241938103348521,0.06131330763479492,0.028281754641191932,-0.011998780970529088,-0.04691135695120872,-0.0050658514405279575,-0.05898473825059806,-0.006655609712561517,0.0,0.01341834534366893,-0.03539863950040745,-0.09144604425384129
2022-10-14,MNST,하락(저변동성),2021~2026,0.12065447406804641,0.01544086317159854,-0.028881646062419164,-0.029489667023002597,-0.08188697441537121,-0.0006843172592385649,0.03470132895238831,0.031017500277904952,-0.018094572393383745,0.01312492401406274,0.024025047625920726,-0.11303342567477181
2022-10-17,ORLY,하락(저변동성),2021~2026,0.11840419511518041,0.06069496038586153,0.01598139116799198,-0.01989473284191179,-0.04114981496704795,0.012110836639873668,0.03682613894902187,0.05537045235935478,0.029742369867471252,0.014322624723210909,0.08433333096308604,-0.15272905485070898
2022-10-18,KDP,하락(저변동성),2021~2026,-0.04839003109486717,-0.11328301756931902,-0.16368195106159744,0.013623463884414821,0.0009961160224351926,0.025898114315870524,0.06764021343425483,0.005233007723713268,0.021368862089645724,0.015027394604231074,0.02112635581544775,-0.1076063978333045
2022-10-19,KHC,하락(저변동성),2021~2026,0.03657807101083854,-0.017073156563535585,-0.06633392534697947,0.006963267367504633,-0.014068984752705849,0.016782505787168445,0.03531261815017363,0.06275784653384853,0.03234126604543963,0.016012413181399874,-0.0352287424266573,-0.0957682220911874
2022-10-21,GILD,하락(저변동성),2021~2026,0.2315149360262998,0.19909417990405331,0.15305494777685152,-0.03824471674635921,-0.03634912581874206,0.00893511658171331,0.013647940436017497,0.037478634192335214,-0.00451391787002875,0.015748916502053345,0.07005329166001384,-0.12337924062522154
2022-10-25,TMUS,하락(저변동성),2021~2026,0.07600609019069382,0.07130603404039504,0.02319180303867835,-0.00760781973019331,0.018751802029144466,-0.01596620896611889,-0.015759915074409298,0.05290226508281437,0.04094434363322441,0.01605765306884638,0.0638497134692444,-0.11721605726525208
2022-10-28,PAYX,하락(저변동성),2021~2026,0.010610066848372181,0.0070123461068443155,-0.018615567907039256,0.03874341627407163,0.06655306271131374,0.011727760268628762,-0.0027333669301990073,0.02090126967777306,0.042319467208700834,0.01536496080020355,-0.04978758352689705,-0.155556438134545
2022-10-31,MDLZ,하락(저변동성),2021~2026,0.07233307226590813,0.06375131088697672,0.03609873540239686,0.0051695737144794585,0.018349822807834613,0.007389796060571108,-0.010618488857334737,0.12529649498470707,0.07585031933789388,0.014280328597343104,-0.00564211061407438,-0.13258393581162253
2022-11-03,PEP,하락(저변동성),2021~2026,0.04900854424730028,-0.07293598682528524,-0.08259710358239539,-0.004243421616769716,-0.05536560908582988,-0.01547447320190698,0.009175059545859104,0.07373489087207519,-0.004635198458426082,0.01708246592767602,0.06066485378550346,-0.16157769238472874
2022-11-09,AZN,하락(저변동성),2021~2026,0.13100567570640242,0.05321486107660034,0.03888481988026095,-0.016259448813773725,-0.07017833562384382,-0.014119773370227628,-0.007322386096090802,0.10904165290881473,0.02472853589201507,0.013689296071665287,-0.013000217542572634,-0.19079866857132077
2022-11-11,SIRI,하락(저변동성),2021~2026,-0.04703108021675306,-0.03767428538197681,-0.046707256566080865,0.019723280926925213,0.05510892713855209,-0.0074332705821313905,0.009120306797112527,0.04792829227231166,0.05653198125264591,0.012839385273181547,0.035178163823837094,-0.13843959049049814
2022-11-14,BIIB,하락(저변동성),2021~2026,-0.02814862364762305,-0.03953826639051494,-0.0484554458728062,0.02264210066937067,0.04735740297851887,-0.010012983757848315,0.01899202676178834,0.09379135723936494,0.027074035499667692,0.0149083446611465,0.32311900784233183,-0.12505417518008144
2022-11-15,PCAR,하락(저변동성),2021~2026,-0.002194352260116104,0.008775980392130235,0.0045344897604276185,0.008357099339124874,0.050099198457509174,0.002836047179887613,0.0272809194971739,0.15599708830006476,0.03601331706017885,0.015195914555619059,0.1704998969735403,-0.11643672575148978
2022-11-16,KHC,하락(저변동성),2021~2026,0.06574153984806741,0.09598920200928651,0.08352987119738647,-0.016505502102611147,0.002024610260394036,0.006946240210587762,0.0034463240555414284,0.026892161145725568,-0.027821499447880704,0.01578510233200463,-0.013649407327853913,-0.07908044545445114
2022-11-18,HON,하락(저변동성),2021~2026,-0.02586587946122887,0.024868786684917543,0.0061009743478369904,-0.001508207444832932,0.003204616409471256,0.017088603655810664,0.001203168095699543,0.21346832606482802,-0.0013500363032034057,0.015871318417150268,0.14782827133591048,-0.09606854124645281
2022-11-22,REGN,하락(저변동성),2021~2026,-0.019404446546675058,0.022298465173534288,0.0046568801913850315,0.006222627324295793,0.007945819776006962,-0.003851996774906774,-0.0024461605345131527,0.00248241473150701,-0.004083550540082359,0.01419714982463103,0.12349731201459746,-0.08343558500844539
2022-11-28,ORLY,하락(저변동성),2021~2026,-0.01222801603751411,0.05381070885515271,0.033227900583062936,0.014052158256558922,0.0007268154986539432,-0.017016329970819588,-0.04656052774889538,0.052568770866975534,0.03131399538585167,0.01377590546065622,0.2299215638306713,-0.042046832390633004
2022-11-29,GILD,하락(저변동성),2021~2026,-0.007697365464183313,0.06394291093726656,0.04578708665741114,-0.005774536984485823,-0.023088526819062354,0.017421442130465925,-0.02357788988399822,0.07493363039087275,0.01901460560317836,0.009995344945756867,0.33901725686511663,-0.05595856414535483
2022-12-02,PDD,평상(모멘텀),2021~2026,-0.0229636047644749,0.07138320273344767,0.04937168954773129,0.07128544868075859,0.09555517886330452,0.0535172122612404,0.030426631510707375,0.5620219531875954,0.25528405056238057,0.0494797329810167,0.5689653954481149,-0.01774150314471168
2022-12-08,AMGN,하락(저변동성),2021~2026,-0.05610235758282123,-0.010641579521596722,-0.03519077976940928,0.029793186504772695,0.03650909224161025,-0.01504085257561727,-0.017258408507498,-0.015943621913857897,-0.002234490183549931,0.008394526479232528,0.16783084918986213,-0.044561026817200866
2022-12-12,CTAS,하락(저변동성),2021~2026,-0.009564177469215894,0.016397676628359115,-0.0060318242436178116,0.00529550650027355,0.021431353063188916,-0.021780791683868372,-0.009778854418027996,0.02278446575528803,-0.019609529713573548,0.008455009218285838,0.12485494194414537,-0.030531163647528392
2022-12-13,BIDU,평상(모멘텀),2021~2026,0.14368647261523804,0.17534043266930865,0.1534456610876153,0.04831091056058523,0.0769525244274371,-0.04387989609150955,-0.033378845290750796,0.30337580670017084,-0.0027369115620565765,0.04041334951870575,-0.07908643120589831,-0.013062515040894396
2022-12-14,ROST,평상(모멘텀),2021~2026,0.020057547288701016,0.03704424462179634,0.01656891268157682,0.013482778672641471,0.03789121837061246,-0.01435592535592689,-0.0014646351104893596,0.24523896684902158,0.008581529085818218,0.025809421711411134,0.30847122127629856,-0.009960418779250024
2022-12-15,MRNA,평상(모멘텀),2021~2026,-0.08190348641058509,-0.1005871882897752,-0.1189400749391406,0.1017880333356127,0.09828712218784237,-0.018978707601551736,-0.008743845650704464,0.12659726949372607,0.16731841870526365,0.05305229251646193,0.3813060758661597,-0.00933381795301691
2022-12-19,TEAM,평상(모멘텀),2021~2026,0.06784264818990327,0.048799987965175484,0.04027627927674561,0.03681720472575267,0.02132895423987352,-0.0009754710044380666,-0.03215029235400732,0.21012401637301004,0.07230752598399626,0.042175199030816825,-0.3079168714809821,-0.02242553505823297
2022-12-21,WDAY,평상(모멘텀),2021~2026,0.03533531735867568,-0.02132781564828168,-0.022453384455278398,0.006245944927503411,0.00683916234187816,-0.01900926275577952,-0.014003079716910009,0.20174581009307113,-0.02954945829277278,0.04291661031838056,0.007074193727067302,-0.016144361838630328
2022-12-27,JD,평상(모멘텀),2021~2026,0.07129936556717764,-0.04225753849111369,-0.03746526652742617,-0.00804144454992517,-0.03797478492567595,-0.04894702871787282,-0.043249931563143273,0.14066295272704554,-0.0026506746680691196,0.03161141206600142,0.014721115712632793,-0.016062123367680647
2022-12-28,ALGN,평상(모멘텀),2021~2026,0.3334499938572739,0.19418485318517442,0.2019872350541859,-0.04698675012393527,-0.08843722259971201,0.04654704836807033,0.05557538310792705,0.07803771553300987,0.02933186753964301,0.02063171070581773,-0.23554195207426898,-0.013554551330100306
2023-01-03,PEP,하락(저변동성),2021~2026,-0.04575448904974233,-0.18388481551724412,-0.1799242737629881,0.00023355896059262804,-0.024863702129634967,0.0011573887025004836,0.0208376668218138,-0.028186924978176653,-0.0023745049679589902,0.007054911556137089,0.058520894692955405,-0.05473171064293991
2023-01-09,AVGO,평상(모멘텀),2021~2026,0.06310782687503091,-0.08271083436549254,-0.04522041372587893,0.016064518579935738,0.013604497826758264,-0.030650004559094612,-0.010545231876811386,0.14433909278577883,0.054893427954919805,0.0210224801692451,0.13085483407265652,0.023074036984556567
2023-01-11,META,평상(모멘텀),2021~2026,0.33685175539034184,0.251024198775079,0.2798252331301759,0.007352858955189889,0.018983530983188876,-0.035497505391771655,-0.03863757299088158,0.14745486769009442,0.06613758131759595,0.025673951779925097,-0.15905464390509505,0.015606919430793065
2023-01-12,WBD,평상(모멘텀),2021~2026,0.07936887296869188,0.005604622319694608,0.03329384687978695,0.0804835748946322,0.09200070088209589,0.06429573949057033,0.05842096759125821,0.11801241079718361,0.21387285573728354,0.045040668072115764,-0.13472530141520567,0.0664474375835089
2023-01-13,MELI,평상(모멘텀),2021~2026,0.025148728577079282,-0.058101345290312745,-0.029765902151531937,0.07373195621931794,0.08679787732001074,0.03921880644379505,0.048931841618653396,0.1764888644930538,0.19649806265840475,0.03141547212190471,0.16421096003074154,0.03589414612301112
2023-01-17,CHTR,평상(모멘텀),2021~2026,0.028333458463128958,-0.06110862740011758,-0.03280580599455469,0.021922472961825035,0.032550250070161324,-0.020983678908883197,-0.0035767570485045162,0.18313335430793343,0.056400047901301376,0.019756380889625898,-0.07703350037251644,0.03532018383069868
2023-01-19,BKNG,평상(모멘텀),2021~2026,0.07478166029015898,-0.026744902968750317,-0.010778053435423485,-0.0035966249727417132,-0.035369498086978146,-0.0074042455084609715,0.00472015642459867,0.18462236414534305,0.03399420135495834,0.01452874626263537,0.15870077669648008,0.032912974035768316
2023-01-23,IDXX,평상(모멘텀),2021~2026,-0.03821961682215169,-0.05403424157871106,-0.0396920279737047,0.035358846229862184,0.0403650292687317,0.017437485027565147,0.0015890734997119106,0.20499868176636538,0.04081244550142338,0.023696725196472,0.25200878075531175,0.016514979684031594
2023-01-26,LCID,평상(모멘텀),2021~2026,-0.056444461398654555,-0.04965441777395729,-0.034455640552005756,-0.09298139375644465,-0.0872842966017151,0.0964132081518343,0.0766723858753161,0.32388055146630124,0.08700978684911131,0.05953800909193159,-0.4053305932428731,0.05567201144060907
2023-01-27,TSLA,평상(모멘텀),2021~2026,0.16511642499339985,0.17405972663937963,0.1858227073194345,0.08801948996826292,0.09704782470811964,-0.05699701391458134,-0.06703749584738797,0.46901930810271786,0.26028156467803254,0.05122117648748082,-0.31422965713163753,0.0437607240403477
2023-02-01,NVDA,평상(모멘텀),2021~2026,0.11121189709835244,0.13695216468838178,0.14787653589282201,0.025248841728934046,0.044929119848247365,-0.008594066707581671,-0.008637914216476989,0.33686898134431575,0.014119055305833461,0.03490676606935467,0.20872477236490394,0.1096233806096869
2023-02-07,ALGN,평상(모멘텀),2021~2026,-0.039122894736423164,0.001176334618018804,0.003988380119185973,0.12135576506082701,0.14146053774311024,-0.04261868494874865,-0.03448261086072186,0.5512070699261971,0.2883153337565827,0.06370442468763902,0.4029659550934652,0.1270409842782223
2023-02-09,META,평상(모멘텀),2021~2026,0.006936587989163414,0.051430739342678944,0.06436146416963826,0.0368039539453866,0.03366388634627668,0.04701157381912413,0.01670618571359662,0.37927665137072064,0.19794939782460297,0.05559173786645111,0.20874092663358268,0.07663475704453093
2023-02-10,ZS,평상(모멘텀),2021~2026,-0.18135306926558115,-0.15032889337303057,-0.1306160926748448,0.004692360905374393,-0.0011824109939377212,0.04728960656464043,0.020244696258576323,0.28699670181389636,-0.016200979455528453,0.03721723787274553,-0.0597269012107553,0.04774136329235423
2023-02-13,FTNT,평상(모멘텀),2021~2026,0.010302541063962558,0.03449963277318968,0.060220765520814325,0.043261755366929666,0.05297479054178801,0.004066668578355914,-0.007720425846202639,0.23161154403019601,0.12471699264814262,0.031810667189885095,0.10949224919282119,0.05161802983417374
2023-02-14,PANW,평상(모멘텀),2021~2026,0.07828684442877964,0.10525629181645013,0.13962873212551738,-0.008321031552619651,0.00908589030775903,0.0287579504435036,0.010920372093345825,0.19768109482635188,0.0645202720778022,0.019033857223099398,0.01131410351088813,0.053167482419054
2023-02-16,ABNB,평상(모멘텀),2021~2026,-0.15456058615989943,-0.1607811636610571,-0.11036085945279175,0.13446656611522423,0.14659096804828387,0.018342295423368515,0.0070365997570726434,0.3550587842920947,0.17746642994299977,0.04389991417453055,0.2719162740518748,0.08658400172951564
2023-02-21,RIVN,평상(모멘텀),2021~2026,-0.28868764616883336,-0.3451655642994639,-0.2949333117724385,0.026174254308553246,0.01032584278070001,0.02568141793426082,0.03325860236262704,0.24584102795164853,0.07267898695808661,0.05145861528888037,-0.29833634925999364,0.06965274256464071
2023-02-24,CRWD,평상(모멘텀),2021~2026,0.11958931322698141,0.052970875090555314,0.11070184015540643,-0.014690357102730922,-0.034431179379249124,-0.0048509052549372544,-0.009797039056438594,0.16484827213737097,-0.025555876928721744,0.033009397393827127,-0.21977053629554044,0.03607590020912643
2023-02-27,TSLA,평상(모멘텀),2021~2026,-0.07819326182238284,-0.12922087728460552,-0.07858600676563926,0.06044202908750762,0.05040154715470099,-0.015913551824409455,-0.025240021339940293,0.22842702710679497,-0.02553944058002733,0.044628826317003864,-0.11273021383421578,0.03295725146167294
2023-03-02,NVDA,평상(모멘텀),2021~2026,0.1727299552744388,0.09649255941081125,0.14967694301382506,0.008668564932873712,0.008624717423978395,-0.021485471704636216,-0.01135134611344106,0.16179546773138642,0.09366863335151399,0.04486121296818204,0.38054127959524076,-0.008579993585218215
2023-03-08,FISV,평상(모멘텀),2021~2026,-0.042403206365966284,-0.10395456129283276,-0.05920359600511657,0.03230263123772659,0.04043870532575338,0.012279922162671042,0.011924529745326158,0.10197366840715816,0.018767953174382512,0.021637135809623516,0.15170707983586018,0.056950342074079785
2023-03-10,CDNS,평상(모멘텀),2021~2026,0.08968499314808853,-0.013520524142477841,0.02624875597784883,-0.01987879453510555,-0.050184182640633054,-0.013186033181040058,-0.009157200633900978,0.05904554935796669,0.019518243971911042,0.021503334731767493,0.16873383531079922,0.0374070273671232
2023-03-13,CSCO,평상(모멘텀),2021~2026,0.05150616606245628,-0.03580119226346601,-0.00865005756251306,-0.01946400241826496,-0.04650891272432907,-0.011445845420587908,-0.006811390222904299,0.03916115077791127,-0.014610521749669925,0.015366894628847166,0.07602091041317127,0.01057877879222291
2023-03-14,ILMN,평상(모멘텀),2021~2026,0.0024271312570007825,-0.050734404165811986,-0.03168610779649447,0.05134282109063548,0.03955572666607693,-0.0005898033115737666,-0.005781300125457834,0.15444098011469043,0.05245099486986704,0.051860886360036114,0.08977826743574124,0.0075171862955905056
2023-03-15,PANW,평상(모멘텀),2021~2026,0.0745505540359952,0.0045116264714277765,0.020531817778199603,-0.02795404927962497,-0.04579162762978274,-0.02101425483000563,-0.012656460624829828,0.1092537937326572,-0.014529921287633196,0.03260562750411709,0.11078883903555292,0.03908297818576889
2023-03-17,META,평상(모멘텀),2021~2026,0.11685879204460403,0.07150451680874292,0.07455160139116093,-0.0012034395006350618,-0.012509135166930934,-0.0030678198525956324,0.004201926058744196,0.1567508780734308,0.12791016556755097,0.025280407109745853,0.36927893437376835,0.11897040787265878
2023-03-21,AMD,평상(모멘텀),2021~2026,-0.06444134102693577,-0.09169646443047674,-0.08256205818218965,0.03209198407036462,0.03966916849873084,0.0006935706528432561,0.008472580143297086,0.23324837654259545,0.18046573633516494,0.027949436107968628,0.2423364255715894,0.13458579427099182
2023-03-24,GOOG,평상(모멘텀),2021~2026,0.00478851008088488,-0.011089078245203774,-0.01583949791177528,0.03894064400043007,0.033994510198928726,-0.0027493108596797766,-0.0002845885246212667,0.16679468933283803,0.05135063238251725,0.01938685650794997,0.04004808471389931,0.1587354402809611
2023-03-27,GOOGL,평상(모멘텀),2021~2026,0.011566364640644757,0.007460016472500277,0.011935768268284422,0.002198358146696222,-0.007128111368834613,0.019515315840786363,-0.00022264709994648108,0.18299135662245325,0.03759106041327298,0.017941679699030363,0.03863066145610006,0.1796755171558122
2023-03-30,INTC,평상(모멘텀),2021~2026,-0.034097103009747776,-0.055916707951795375,-0.02799716027060638,0.03449385029062246,0.04462797588181762,-0.02010931834605001,-0.01806816269897534,0.24437439616079581,0.12051206186291075,0.02788877926399255,0.05134141820528981,0.17425158766304882
2023-04-05,LULU,평상(모멘텀),2021~2026,0.04528488834034605,0.044106509568726304,0.06571565741659753,0.03211251440253604,0.03175712198519116,-0.00893651865516043,-0.025798593412147384,0.21533412000958574,0.14514061561837655,0.029998672529072158,0.15951939203103183,0.1865638808213974
2023-04-10,MSFT,평상(모멘텀),2021~2026,0.06455376795651491,0.04613334543289627,0.07187808107584513,0.015176229837978505,0.019205062385117586,-0.006558401576710615,-0.00500031292338485,0.15567517042352708,0.026580097469854236,0.016849698940464907,0.1524986268602302,0.1657019226353169
2023-04-11,NVDA,평상(모멘텀),2021~2026,0.04960316446072821,0.03132507034752985,0.06466829945535033,0.0027379987018261165,0.0073724538995097256,0.010033462275829796,0.003444504610745614,0.20091458308858634,-0.0071279476137146025,0.019300182400009917,0.5714076682665412,0.14459180999265175
2023-04-12,MU,평상(모멘텀),2021~2026,-0.033794644503882476,-0.0726697128150332,-0.0347056402041554,0.01758649063718365,0.012394993823299581,0.05279451455814077,0.05127753744783694,0.18178975115363638,0.06858695342191279,0.03314391731196753,0.11631237801661154,0.13129068030287416
2023-04-13,SIRI,평상(모멘텀),2021~2026,-0.10232125080972498,-0.1237097847170544,-0.08816408765737552,0.03757475460323034,0.045932548808406144,-0.007120627540579183,-0.011794676970078747,0.13390340687395885,0.036458249059461156,0.021655187349833262,-0.2966239497906745,0.11323236600048947
2023-04-17,FANG,평상(모멘텀),2021~2026,-0.10455589805252707,-0.12944946657291034,-0.09955850567682868,0.01607790321760172,0.023347649128941547,0.01249257735153031,0.011915110010005751,0.16896386607494396,0.04404178149293081,0.02190026736634228,0.10165175499312729,0.14629159175384543
2023-04-19,ENPH,평상(모멘텀),2021~2026,-0.2719425130048737,-0.31018538080325586,-0.27277142887611233,0.14138679782499208,0.1491658073154459,0.0038739936850029633,0.0014684544033071074,0.18367877834569235,0.15740547270313687,0.03691055759238819,-0.11111078466371782,0.12675410348072735
2023-04-24,ISRG,평상(모멘텀),2021~2026,0.04179952085593053,-0.026049112014070452,0.014721504418754472,0.04129422022368345,0.043758942558741964,-0.018566595632190652,-0.011603431738101699,0.22804433968022897,0.12433530661755565,0.02683840671839759,0.26310165804991104,0.10039019715507447
2023-04-25,ALGN,평상(모멘텀),2021~2026,-0.1982050619488971,-0.272658615696167,-0.23471759216100785,0.057504369094072416,0.03776640615333957,0.04011767532961574,0.031043174431523532,0.18376257942082486,0.04420603126136102,0.02234093151822025,0.4107871100193998,0.07619638925326533
2023-04-28,META,평상(모멘텀),2021~2026,0.08837944571372569,0.008927483025134908,0.046959415293172616,0.05943632972772517,0.061477485374799835,-0.021483458946363276,-0.017375792430568,0.16172387208583672,0.11963192267125167,0.033635273420722575,0.5366662767320185,0.08743238584755653
2023-05-04,BIIB,평상(모멘텀),2021~2026,-0.0446379908948481,-0.16512029652608484,-0.11957790817800672,0.02863157192213861,0.011769497165151657,0.008359474071421014,0.011771349263545628,0.12988192552225253,0.07971111919855867,0.01659104953260752,0.18289091186603423,0.04538487320797846
2023-05-08,DDOG,평상(모멘텀),2021~2026,0.29479140930574355,0.1995096962282017,0.23839092517066635,0.0002729298399575253,0.0018310184932832905,-0.060223937616382006,-0.057684234348547914,0.16314746415065473,0.1363906621551556,0.04678157572741134,-0.05737609362423013,0.061122591482836386
2023-05-09,MNST,평상(모멘텀),2021~2026,-0.032499184575129236,-0.11599062265477111,-0.08543402891759655,0.008931037681538356,0.002342080016454174,0.023692330974835807,0.014428651762895815,0.12779374663618026,0.038705150545980116,0.01055742256680768,0.19693530240821566,0.0735366473691541
2023-05-10,ABNB,평상(모멘텀),2021~2026,0.018408141256022414,-0.06675251439244811,-0.03755709757559655,-0.005458059138293003,-0.006975036248596832,0.024440317934406153,0.022633505312048205,0.1122100629743914,0.053823169391411296,0.02015778929372014,0.1490108422380807,0.07283187825499815
2023-05-11,AMZN,평상(모멘텀),2021~2026,0.0982852555660132,0.013251740835102943,0.04184852753322471,0.01735626540567914,0.012682215976179575,0.008807769113246433,0.00349744985508197,0.12634161687634826,0.06309696883018834,0.02402058510994774,0.03658920184394021,0.0676291450837403
2023-05-15,VRSK,평상(모멘텀),2021~2026,0.008000375220006186,-0.10288334348884565,-0.06698596894735215,0.010354739388877432,0.009777272047352873,0.02343497701067143,0.03840173163253154,0.12066100458898132,0.019584653516114603,0.020356237528713125,0.17264328176423782,0.05141044390647176
2023-05-17,GOOGL,평상(모멘텀),2021~2026,0.033170592098138885,-0.08429133965201818,-0.05312312690699296,0.029080227292847427,0.02667468801115157,-0.020465302562185483,0.00365963576469526,0.14363651305303726,0.11327448536366425,0.018105783689375255,0.18839633701918923,0.08640674477367272
2023-05-22,ZS,평상(모멘텀),2021~2026,0.12208819973169827,0.04860595791957034,0.08303831136696388,0.018251749462918188,0.02521491335700714,0.02536610231948533,0.01942975094188399,0.23163895163371895,0.09568787402083423,0.05579770581821162,-0.05166290039083454,0.13327848717610946
2023-05-23,AMD,평상(모멘텀),2021~2026,0.02186232090381357,-0.07832244867989457,-0.03575620361386727,-0.018531221161471323,-0.027605722059563534,0.05414035047300314,0.05006302382360185,0.23329907932366112,0.10882955141745776,0.03538225292754346,0.36156393295072475,0.15707140830299804
2023-05-26,NVDA,평상(모멘텀),2021~2026,0.07334386291822304,0.028059107975242803,0.03680141831606333,0.10810826540519036,0.11221593192098564,0.006946789092874717,-0.0017827982663365313,0.39499006087167055,0.19893917949555506,0.057556999124265734,0.9460327499711354,0.16752089308746543
2023-06-02,MRVL,평상(모멘텀),2021~2026,0.017441565182696683,-0.028070717877199725,-0.025855921718990336,0.05773353933701131,0.061145414529135925,-0.007680430370416214,-0.004546055569612828,0.5460523601832765,0.32883869746114613,0.07844468151247502,0.4284968471885511,0.18838938711916642
2023-06-06,TEAM,평상(모멘텀),2021~2026,-0.1006956720766814,-0.13719499013732794,-0.1251457533619538,0.062062197719838785,0.06460190098767288,0.035272114069904825,0.01857826463776578,0.35025425507529295,0.1030394884434529,0.035322043048483825,0.0694872245517375,0.2134582991995706
2023-06-07,DDOG,평상(모멘텀),2021~2026,0.04533412200575393,-0.005951950520856286,0.00896153255173402,-0.022519893923158563,-0.03178357313509855,0.04596004101790241,0.02728347234194051,0.29679140930574355,0.08709569666003691,0.02253007513356493,0.27792438632144134,0.2305786090661981
2023-06-08,TSLA,평상(모멘텀),2021~2026,0.14596042174445656,0.1072225945257943,0.10180453788756474,0.013417554673797794,0.011535307932708072,0.002200762178146576,-0.0016928991297050604,0.32763828216068425,0.10121127538729469,0.02131486673258337,0.13913559304437095,0.19962142054360732
2023-06-09,AVGO,평상(모멘텀),2021~2026,0.10007181348559424,0.059413459448659056,0.047738936992413696,-0.02399255197091621,-0.029598045570748893,-0.005049918293020705,-0.006033920808546666,0.28411051660157005,0.018038953808323654,0.03187406759788895,0.41961669760458253,0.18727781319878956
2023-06-13,ADBE,평상(모멘텀),2021~2026,0.0779391215748877,0.03289935022166546,0.03359443220547698,0.03992293942599434,0.05462356206228842,-0.021345231088731986,-0.009503683603140132,0.41490531408859477,0.09316415516464582,0.026583838544363927,0.3634902615628177,0.1750927534879727
2023-06-15,NFLX,평상(모멘텀),2021~2026,0.008735073916559035,-0.026021798332142687,-0.028065473599918615,0.05649886744832022,0.08048451050061026,-0.021584924548284423,-0.008977455450401082,0.32092879506086147,0.1027840313840116,0.02677393479558748,0.42549499195556617,0.19447232778505597
2023-06-21,PANW,평상(모멘텀),2021~2026,0.011100639991631136,-0.029164478813087813,-0.04205224936058318,-0.01092117340434029,-0.01648494144041637,0.01190818931983606,0.013284939040672522,0.28061062977726836,0.054377266069025154,0.02523759408129933,0.3724500886555975,0.18390113429259602
2023-06-22,ABNB,평상(모멘텀),2021~2026,0.16062898825320082,0.13514424910318823,0.10833277625551371,0.017054606020331153,0.014250287550094446,-0.03127073136625136,-0.026974342870568345,0.15946510261650126,0.020496377320406323,0.022663443141263055,0.1535447016547653,0.16451728651154984
2023-06-27,INTC,평상(모멘텀),2021~2026,0.005624524772771091,-0.03139895546965521,-0.04089397032876799,0.01475160849700119,0.008421508490382847,0.006420134249454534,0.008471973516085208,0.21678834486188148,-0.08331045701794515,0.03297574761449266,0.16250363068409523,0.14346760972713568
2023-07-03,SIRI,평상(모멘텀),2021~2026,0.073593989535782,0.04010528527868806,0.03328338787202372,0.054440939215971484,0.057775161159488,0.05313958771621641,0.06967052157470871,0.2243246027522814,0.18276807926927896,0.027132940065315893,-0.08093279149030808,0.15871123461942105
2023-07-06,MCHP,평상(모멘텀),2021~2026,0.02826825022218049,0.010766628868737138,-0.0075240529482427584,-0.012779307716076493,-0.030497331399406327,-0.031155601287363277,-0.03025609008492017,0.1748374800579422,0.019013752721325883,0.022125656157379662,0.1832654478889022,0.1639168869974228
2023-07-07,ODFL,평상(모멘텀),2021~2026,0.09847561256609438,0.08264315306263748,0.06900600899868908,-0.0024472649751239306,-0.023042868521485408,0.000976639471810703,-0.0028419186534178625,0.19032294227647784,-0.011423543300727257,0.023522356893267954,0.17654841155666956,0.15617069451365784
2023-07-10,TSLA,평상(모멘텀),2021~2026,-0.06935651270349019,-0.09343059459040515,-0.09021763749812303,-0.0021959294596458623,-0.0077456350887679945,-0.012911762673505245,-0.00678727212030751,0.22202424066174653,0.06574754437196595,0.034126804452946545,0.41426610212672843,0.15987929453895178
2023-07-11,LCID,평상(모멘텀),2021~2026,-0.1165319676340777,-0.12671714043922844,-0.12060043584567881,0.15748027385652708,0.15531637435780796,-0.059474160857192815,-0.061316786004455184,0.2627389174387127,0.15094341502986253,0.04589213125172308,-0.13786305434238466,0.17101729839754776
2023-07-13,BKR,평상(모멘텀),2021~2026,0.022511821374536334,0.05096938500231629,0.039860696458528494,0.026570478155703903,0.03794143341691684,-0.0004563959751896496,-0.0005378081364125591,0.15609225804066718,0.09194640980338487,0.01594776044295221,0.20336171159733074,0.1703205482569512
2023-07-17,IDXX,평상(모멘텀),2021~2026,-0.08198697539205169,-0.049677335338998985,-0.058843869298179585,0.03744557449370234,0.050762178109373945,-0.0058049202600092276,0.0002802720586154014,0.14973127448220858,0.07807072974519191,0.01561290550544605,0.19626873762161967,0.18895884847918398
2023-07-20,DDOG,평상(모멘텀),2021~2026,-0.18043494393158732,-0.1319236342846506,-0.1311805858564424,0.007396491942818217,0.008692797795068612,0.04107399376312926,0.015675579953387125,0.19176666173980972,0.09270237141798487,0.022228569614176488,0.4393697541389754,0.21733944835597163
2023-07-21,CHTR,평상(모멘텀),2021~2026,0.06391122244921532,0.11128874847086423,0.11663430561372519,0.0011311867238172901,0.005232087645176342,0.01046107517028716,-0.014268473815424332,0.2027800160449802,0.03083785318914334,0.015995308669386445,0.10811392557426869,0.19247311617453877
2023-07-26,ABNB,평상(모멘텀),2021~2026,-0.14876695448405897,-0.12610779523237592,-0.1163093600707436,0.03479707889640005,0.036627427860097275,0.026782660520529022,0.024943841505179434,0.20726059621801873,0.014467993822757208,0.01899625847461188,0.3151093046292117,0.18247599728433128
2023-08-01,PDD,평상(모멘텀),2021~2026,0.03274309035459533,0.05446721230318108,0.06465546574051256,0.08654996698949002,0.10361749920306036,-0.04492702053693842,-0.034862879263124515,0.29910327578440743,0.13912493890920663,0.033467985812225584,0.16957921974458623,0.20926677676238392
2023-08-03,ADP,평상(모멘텀),2021~2026,0.02465315564254822,0.015044278923423304,0.029567502628934525,0.0008937123089458598,0.002082289067800668,-0.012592079757385632,0.0023184698118160207,0.12589885139737955,-0.02402854055372583,0.014961901305119556,0.08678282331036757,0.15925708324946197
2023-08-04,FANG,평상(모멘텀),2021~2026,0.04488464245426527,0.03074771533504328,0.040140664606502674,0.006828762447033787,0.0034280587093590675,-0.012590005055723164,0.004093563392016369,0.1670205047401463,0.028125653341990464,0.014554240418050637,0.07847460664700145,0.1551276174469105
2023-08-07,TEAM,평상(모멘텀),2021~2026,0.062024385676450855,0.055508834996431444,0.0688870966698966,0.045488954553860816,0.052101816700628925,-0.023005913533607814,-0.01099147437470011,0.17344349317766872,0.14138102677693598,0.04815031456404752,0.25478196619098537,0.15709357130455626
2023-08-08,MELI,평상(모멘텀),2021~2026,0.07148157609981687,0.06503946884172351,0.07058317449295129,0.05665798160649116,0.055371715371908985,-0.05080850232861789,-0.04097807989096086,0.2498827467037985,0.09754049109721397,0.03825545761462359,0.21234057914831062,0.15433366466254683
2023-08-10,BKNG,평상(모멘텀),2021~2026,-0.026848041674472523,-0.03685479874002118,-0.024473507622833936,0.04461881133638945,0.044134499444277234,-0.009159379235429643,-0.003994906988238177,0.14925378555851565,0.11083151555711934,0.02514070360784309,0.3114084147107288,0.1320469674848599
2023-08-14,AMGN,평상(모멘텀),2021~2026,0.0035529055007808025,-0.001981269200083567,0.0072961092786479505,0.024757134364206124,0.030270019302700308,0.0021329667346765557,0.008877534274703313,0.15424534528810319,0.07904472281046848,0.016765847250197,0.07401738698217519,0.1193251438693872
2023-08-17,CEG,평상(모멘텀),2021~2026,0.04675036794039533,0.013684513290159739,0.023523144135192568,-0.004740391021369361,-0.030138804831111494,-0.006718597561935047,-0.00231567819844953,0.11243634878826536,0.0025791857050061484,0.01659748593604129,0.22100578819428973,0.07773247736398181
2023-08-18,REGN,평상(모멘텀),2021~2026,0.012906496159656335,-0.02319667196457087,-0.008635751373727093,-0.0005243750647604406,-0.025253924050471933,0.004549881003843126,0.010120949965676546,0.10194730920658568,0.004691088555523137,0.014586091388924633,0.05511869585065399,0.0625332548684141
2023-08-23,ALGN,평상(모멘텀),2021~2026,-0.1666823478295787,-0.13672343897851336,-0.13503420619808354,0.004571055824150516,0.0027322368088009297,0.03767436722671058,0.02032291801924475,0.05868004267719651,-0.026090522721628817,0.03432105342270167,0.19968988264359488,0.06962209562003374
2023-08-29,CSCO,평상(모멘텀),2021~2026,-0.06140591746490054,-0.009613437451294171,-0.013870024106893558,0.00995699043119247,0.020021131705006377,0.022421144542107196,0.006279674860566759,0.07993844010879059,0.013708532408160501,0.010230761593945203,0.14638784563264706,0.04230514712296496
2023-08-31,PDD,평상(모멘텀),2021~2026,-0.01109368005232114,0.039601534038238184,0.03371781093998154,0.08795818001978062,0.10286872958898227,0.01910200766172787,0.015776450748619348,0.16819422561738295,0.25949694168193305,0.042463240557985775,0.2297490461171523,0.06223540600419053
2023-09-01,NVDA,평상(모멘텀),2021~2026,-0.07875504970130787,-0.036582437965342884,-0.0290973867674345,0.04436616772301538,0.06104973617075492,-0.016708435334255256,-0.021647354502951962,0.10872740979066298,0.0464772413533483,0.03270682061520816,0.6819970610385766,0.06477363987108764
2023-09-05,PANW,평상(모멘텀),2021~2026,-0.05651503738144814,0.004266850372529385,0.006250837022153524,0.01886089581048278,0.030875334969390482,0.04455277715763617,0.022202720660608966,0.11176251867859666,0.05182877014461407,0.03745902548844047,0.24873343404439208,0.08302777257936644
2023-09-06,ZS,평상(모멘텀),2021~2026,-0.022397921451399405,0.01632261566482196,0.026358328172938254,0.031695342164941964,0.04152576460259899,0.03125386561435395,0.02256865849053774,0.11971934494082004,0.15140802115286656,0.027807829905914565,0.2769948916403999,0.07067536784404216
2023-09-08,CRWD,평상(모멘텀),2021~2026,0.0491631048300345,0.06925378572668939,0.08146803749262932,0.04013942799802561,0.04530390024521708,-0.011103670246818687,-0.007310162919828036,0.1456069826632429,0.11703986842132186,0.03190013666523507,0.2629655415747487,0.03207590030149032
2023-09-12,TTD,평상(모멘텀),2021~2026,-0.009459200080242034,0.0008889615431504367,0.008218836962435682,0.06341668823416602,0.07016125577419277,-0.07402875818653076,-0.05308440761875102,0.15960862495760741,0.08257223131392522,0.020585853993095777,0.3548213137114318,0.03040044639315531
2023-09-15,TSLA,평상(모멘텀),2021~2026,-0.08680636425878963,-0.07317165736307296,-0.06079706818895039,0.06757839296050494,0.07198131232399045,-0.03973245788404922,-0.029482421741566546,0.22358156505661642,0.09761820555698031,0.03905507498743857,0.367560030156437,0.026790658841975512
2023-09-18,MELI,평상(모멘텀),2021~2026,-0.11584448665592284,-0.11238712253062799,-0.10367621803632143,0.023653874833129418,0.02922494379496284,-0.006290009420911069,0.019949314930850854,0.16722936232812557,-0.02207683047782638,0.01856546040093974,0.1843191784353675,0.02252909482878951
2023-09-21,MU,평상(모멘텀),2021~2026,-0.005789952745173575,-0.011839237840537307,0.004318368395188317,-0.01763012354192195,-0.034981572749387776,0.010481978032940376,0.01229257338707993,0.09888027980564806,-0.016513936086937298,0.0153651192148631,0.12535950169202903,0.019123154545979126
2023-09-27,ADP,하락(저변동성),2021~2026,-0.10215257189017857,-0.08853677441710339,-0.06353785473205331,-0.005333227823922981,-0.02147469750546342,0.06079050345637649,0.030771790222220576,-0.06274954675548106,-0.03498197489613064,0.007030256497315804,0.04254590857581775,-0.041726801621589926
2023-09-29,CTSH,하락(저변동성),2021~2026,-0.06754477934556757,-0.031200125504942333,-0.0051867641503322084,-0.008834877920478656,-0.01216043483358718,0.030000745843497878,-0.015443536759095454,-0.05105599588477783,-0.01979466612298253,0.007028420480513369,0.06783020980221766,-0.03295303754572243
2023-10-02,GFS,평상(모멘텀),2021~2026,-0.14103748495843715,-0.10720037171813557,-0.08484769768600472,0.013377203443845964,0.008438284275149258,0.05736995700607017,0.015879381242946647,0.05321264883374477,0.023930967344765186,0.016818365392472365,-0.042794604934900504,-0.024799443060804616
2023-10-03,COST,평상(모멘텀),2021~2026,-0.02429950063146047,-0.013600344502425643,0.007012194144168635,0.0013764470097969994,-0.020973609487230205,0.018907964027555124,-0.014499918854055681,0.04971990732231868,0.022716655511656914,0.009059642415599645,0.11618577866951418,-0.013252729265228247
2023-10-04,REGN,하락(저변동성),2021~2026,-0.031104547962661266,-0.023569493821725684,0.0018035479659267509,-0.01828205957550122,-0.026967266699317427,0.014624410155024359,-0.009531489117832598,-0.01774190348305682,-0.02895207268190536,0.008145547563099464,0.051973568351683985,-0.03190422889729716
2023-10-06,FAST,하락(저변동성),2021~2026,0.07009072112415726,0.06165901242090954,0.07600601255017923,-0.0075120875484264715,-0.003718580221435821,-0.015057428483172375,-0.00446327022797224,-0.007951024350785207,-0.013477253548184853,0.009055258311833635,0.025262626201594474,-0.038152606598546246
2023-10-10,GILD,하락(저변동성),2021~2026,0.05907690441706315,0.04820555738147503,0.07559761341858778,-0.007045686941787088,0.013898663625992652,-0.03894706841286222,-0.031120680908248658,-0.016156679790280126,0.012955578029826276,0.008905549071920392,-0.04330465440389708,-0.03330737213860646
2023-10-13,CMCSA,하락(저변동성),2021~2026,-0.04536913530027786,-0.0809807206578319,-0.04851338705197775,0.01247863008995509,0.022728666232437765,0.0011249294588702163,-0.001804769047871059,-0.038763646434143983,0.020455589460388612,0.009413085651779776,0.09086948727798938,-0.04058105727801897
2023-10-16,TXN,하락(저변동성),2021~2026,-0.04796826845876523,-0.06840358634377641,-0.035477089843176796,0.015826026020306472,0.04206535037206839,0.021509821883654467,0.011293100198475675,-0.060693641913994845,-0.02707006049022298,0.009295402210581607,-0.10312208948854262,-0.03045176455850107
2023-10-19,AAPL,하락(저변동성),2021~2026,0.08063929158162186,0.009609675567538112,0.03615859476756355,0.00278151938677218,0.004592114740911734,-0.016213080954318948,-0.01220049493328162,0.0019943708879484046,-0.022024443563669727,0.009755218361937459,0.042117697141362376,-0.0419087820728522
2023-10-25,CSCO,하락(저변동성),2021~2026,-0.08444276063259903,-0.19706900072727263,-0.1785954804784885,-0.00954993364421619,-0.0395686468783721,0.027256211351352366,0.03403986448747724,0.012954795534269481,-0.01724144875714151,0.00821545694406082,0.05348861518612602,-0.06417082239242877
2023-10-27,CTAS,하락(저변동성),2021~2026,0.11836439368105056,-0.007270852432269992,0.006501373489690709,-0.028921066719174715,-0.07436534932176805,-0.006908456556623199,-0.007566347238491653,0.030440622927641714,-0.008352965946894497,0.01031101981472152,0.056811808050107215,-0.08205004460712506
2023-10-30,SBUX,하락(저변동성),2021~2026,0.09017374377321707,-0.026663393465618856,-0.01928127889879626,-0.04151819300259951,-0.08300876876572304,-0.0006023720719503523,-0.003419490537086117,0.008217422681211506,-0.023038573304896892,0.010526956818063723,-0.08264774867199365,-0.07640714220973444
2023-10-31,VRSK,하락(저변동성),2021~2026,0.04594157237190344,-0.06355484644899967,-0.06042482035993178,-0.019843038490267473,-0.05325092137187828,0.003845303384072185,0.0015622149629648287,-0.050179946135956555,-0.0276346330887568,0.010716949240734411,0.055832669733134166,-0.06150016897336952
2023-11-01,COST,하락(저변동성),2021~2026,0.06450106255288945,-0.022983957625752227,-0.03189351823575423,-0.012776697232226963,-0.03693259650508392,0.014138518728730176,0.008878897829145967,-0.022299500631460467,0.0010868918472408673,0.010625123677945894,0.058226625491085704,-0.0647766795004423
2023-11-03,NFLX,평상(모멘텀),2021~2026,0.0478195791833782,-0.0012005980551177409,-0.013046032509124679,0.007756105420722692,0.018350263675922827,0.03236292370498117,0.024756048690074365,0.13988571777259518,0.05246073685461328,0.04039405729524145,0.12000742536510778,-0.012062220551260827
2023-11-07,DXCM,평상(모멘텀),2021~2026,0.23699568669518256,0.20482847662904247,0.1898188689420279,8.507979947003363e-05,0.007911467304083594,-0.004832987870620142,-0.02828417464214401,0.14141293197580485,0.11694726472155903,0.04225490097530892,-0.15120943034376222,0.00844149464049826
2023-11-10,MNST,평상(모멘텀),2021~2026,-0.0023618027895319065,-0.046962549408519405,-0.0798973492205565,0.017467876409104743,0.014538177902363468,-0.0015079964286364156,-0.005626841793892315,0.1586032976508558,0.04595522200255964,0.014856433359890826,0.005181515560264138,0.020934446799997675
2023-11-13,DDOG,평상(모멘텀),2021~2026,0.09785615023606109,0.04157043178745856,0.014145651650374166,0.03996940747288891,0.029752685787710113,0.03567895652309261,0.03093785735875133,0.1770384328810799,0.26340809811304533,0.06934590652277996,0.18935400779198197,0.055267808610119706
2023-11-16,MELI,평상(모멘텀),2021~2026,0.09098076828828439,0.041067876506383216,0.008025465034168913,0.0011172684472815497,0.005129854468318878,-0.0064592081557848235,0.006388030958476653,0.19051754308728608,0.05500466956854533,0.02326227713293961,0.1544679261391364,0.06091771182846406
2023-11-22,INTC,평상(모멘텀),2021~2026,0.07608580241640461,0.028838624238581634,0.00020094328658867844,0.03579246303682426,0.04257611617294914,-0.00727240056330658,0.005005959672639048,0.2657848941514174,0.1073331056302369,0.031733657002494725,0.3348698673453545,0.05853927919666879
2023-11-27,AMD,평상(모멘텀),2021~2026,0.16726214331803457,0.10984567983192361,0.08046315267487952,0.007786376618784008,0.007128485936915554,-0.01729974368096665,-0.00023828864927314536,0.3057542430821092,0.02069595000954383,0.02685138792575109,0.18462685109625365,0.03360274475783287
2023-11-28,ZS,평상(모멘텀),2021~2026,0.15879441417350582,0.10280771604948025,0.07251830462898816,-0.0026923809296597323,-0.005509499394795498,-0.024586198166549944,-0.007854329699196149,0.2431820284532884,0.023683802275005883,0.01911751868790852,0.3693354705104659,0.029734085902334284
2023-11-29,PDD,평상(모멘텀),2021~2026,0.023541596592831615,-0.0334320026969499,-0.05598366815423482,0.0779234541980951,0.07564036577698774,0.013864689002511366,0.02925359988567222,0.33320542060201386,0.17023069059188645,0.043200415867295554,0.6281494187034151,0.03354037956226841
2023-11-30,CRWD,평상(모멘텀),2021~2026,0.07534504158903621,0.02028693264656445,0.0018002100773028967,0.04111502857725968,0.03585540767767548,0.022067512071606954,0.0328029938081044,0.3262431225608662,0.12182987479366725,0.025942043599685147,0.5362250506257467,0.03090997867942935
2023-12-04,ENPH,평상(모멘텀),2021~2026,0.12438921796360414,0.09100340152246189,0.08522885560558009,0.034291378895292324,0.026684503880385516,0.0012698178454944031,-0.01444217246413454,0.34972122547490847,0.06286165780909858,0.042812596211284144,-0.3093882135176863,0.04843592757222459
2023-12-06,DXCM,평상(모멘텀),2021~2026,0.04921248762503683,0.016407253890042828,0.00412390835811699,0.004856459078440345,-0.018594727693083523,0.00688663912626386,-0.013415928037941442,0.23576551532845502,0.04456328106948604,0.01853061249641878,0.05216330300914951,0.026894537374735128
2023-12-11,IDXX,평상(모멘텀),2021~2026,0.031798394542674524,-0.003421048512467273,-0.00181837775926149,0.023571606352407404,0.019452760987151506,-0.027478191398841334,-0.032130962355094994,0.268895464085821,0.10101526909629843,0.020691388697996062,0.11343215285129005,0.03947299580953634
2023-12-12,LULU,평상(모멘텀),2021~2026,-0.0380766070293862,-0.06661049825796594,-0.0673099359382259,0.041663988185967504,0.03692288902162622,0.003738058100934527,-0.0017825967108292245,0.21531649361913585,0.0911102951189362,0.019918965568175517,0.3337954719151033,0.0670506006902436
2023-12-15,ILMN,평상(모멘텀),2021~2026,0.048826148682758586,0.04203874393659213,0.06028720810229065,-0.007179001339614466,0.005614973637154788,0.03492632916826488,0.014828243453258116,0.3126684659333363,0.12259882500040353,0.03592590794234482,-0.23635393493131585,0.104737377650155
2023-12-21,TEAM,평상(모멘텀),2021~2026,0.011957467191703987,-0.026640429214666694,-0.015305836717231317,0.0876640697987563,0.09841282339137528,-0.03307170056944764,-0.021181653250631476,0.28383852974767065,0.10439716825130696,0.024576929610300276,0.3326268588901533,0.1380691282201394
2023-12-26,ON,평상(모멘텀),2021~2026,-0.1515261331083404,-0.18935714739568787,-0.17124904879584196,0.049441345836063855,0.06497145923738065,0.020301443865702984,0.029936493035381182,0.2126155256419462,-0.019147686636676986,0.026470232773259193,-0.019073795078612732,0.14110476634796432
2023-12-27,MRNA,평상(모멘텀),2021~2026,0.00872167344056596,-0.021692654558452595,-0.00491709992363778,0.0297059367860657,0.04512947725865159,-0.01677492648623702,-0.013621056143308281,0.2523160100662458,0.13942875108184327,0.0322361464179362,-0.1367167951001932,0.14700546295341388
2023-12-28,DLTR,평상(모멘텀),2021~2026,-0.06173715933001167,-0.10303076751409168,-0.08593647845380777,0.043852324262556364,0.05783487919834483,0.009286095023637309,0.020610702521380093,0.22233708392629792,0.061676570792897456,0.015283619622464818,0.06268641211402204,0.1394588483942525
2023-12-29,AMD,평상(모멘텀),2021~2026,0.16522063146397215,0.12654334812292345,0.1426115335159971,0.030969647154261315,0.04005325694658678,-0.0057925425945500875,-0.001809353077782472,0.20113037012204638,0.09810285056749368,0.0284020211343161,0.3635109093437392,0.16016143268659921
2024-01-03,AVGO,평상(모멘텀),2021~2026,0.13160359585963066,0.07196335481437743,0.08518140241627149,-0.041309191093837905,-0.05885764250320065,0.025622362467200288,0.021567883446631346,0.17244155578744214,-0.032620895220710544,0.025901859457485788,0.3152784499423007,0.12366314979852522
2024-01-05,SIRI,평상(모멘텀),2021~2026,-0.06060801733905008,-0.14076625107758212,-0.10966893359286117,0.011914258738407568,-0.010651197824594987,-0.0065973136804117205,-0.014026896652125344,0.20399099556654976,-0.009124314339520101,0.034805144138154095,0.24262982731863314,0.08206599541726978
2024-01-10,VRTX,평상(모멘텀),2021~2026,-0.00365190719015329,-0.06261195879259951,-0.041916959618215746,0.0009977670970615637,-0.004143601685607067,0.006513776837224539,0.00991254223222278,0.20237046152880733,0.024579606272669086,0.029838927017993847,0.1931964765928782,0.09843188913567191
2024-01-11,NVDA,평상(모멘텀),2021~2026,0.3137675611895945,0.24590497719491067,0.2702880816827707,0.007106720037222347,0.0015244224791576052,-0.033973687331231184,-0.026296336647318324,0.16563381885713602,0.14255089457530135,0.020457924534066856,0.3116765603112097,0.11990105114274474
2024-01-17,CRWD,평상(모멘텀),2021~2026,0.20895305714299917,0.14493933321452457,0.1635137446345013,-0.013326499091503297,-0.029939532477199417,-0.05560416266982837,-0.056443031174354,0.13301415562515984,0.095721103346877,0.02111165711376664,0.6571770240112165,0.12887636288322812
2024-01-23,MRVL,평상(모멘텀),2021~2026,-0.07395475210038494,-0.07824677194651586,-0.06930636544644658,0.04487195663106336,0.05676200394987952,0.07532414876759841,0.05735665112114708,0.21974606224571613,0.06744832356028252,0.027494423719180955,0.28342269246451,0.17527091985098298
2024-01-25,PANW,평상(모멘텀),2021~2026,-0.17278692991138878,-0.19679899676746226,-0.18502117816711594,-0.00018472050416729058,0.009450328665510908,0.13886146557416446,0.1375422523309151,0.14094094759943077,0.03084285509022955,0.01877405673719074,0.39036848410856906,0.24024335211306602
2024-01-26,NFLX,평상(모멘텀),2021~2026,0.028205805867339118,-0.0012023811087629177,0.009068781330541283,0.06940382167184245,0.07255769201477119,0.0036165073251992474,0.0036071815711704166,0.1441601285964369,0.1580227650916397,0.02841089319403366,0.3435287131509006,0.23529418246302702
2024-01-29,ASML,평상(모멘텀),2021~2026,0.06642990162396845,0.04513099793677444,0.05319883940335199,0.0470394068414548,0.058364014339197585,0.014185440596392374,0.0178834096099358,0.13575355972105485,0.1450454680255424,0.027598406911230434,0.28850706701198336,0.21523475972920725
2024-01-30,AMD,평상(모멘텀),2021~2026,0.02403740434213031,0.0012763102253614544,0.008976562279548694,0.005826291637025971,0.009809481153793587,0.06566436272665244,0.06427342056698782,0.19541549070763709,0.05737905562807821,0.03533694658309081,0.5432887775474642,0.22113378534205452
2024-02-01,ISRG,평상(모멘텀),2021~2026,0.0346568736587487,-0.02058758802197791,-0.0010808296295605063,0.010185239130604762,0.006130760110035821,-0.02669729154746059,-0.013647169458188925,0.14272762301747077,0.022022843611166243,0.025873114065344354,0.21239961177153321,0.14864325389970778
2024-02-05,META,평상(모멘텀),2021~2026,0.06619646315394467,0.05002491677206944,0.05066496163653261,0.05332222583173074,0.04589264286001712,0.0010452293468310447,-0.006619977773457353,0.36837382364619375,0.2051300536892422,0.04609456776122449,0.5537104520430349,0.16415785705043384
2024-02-08,MDB,평상(모멘텀),2021~2026,-0.19500383615056127,-0.20823428369779995,-0.206699602337,0.06709160065398789,0.07049036604898613,0.03663267515507118,0.03464250408431071,0.20769413930851366,0.14199048036232798,0.028082731852791802,0.24906259115142904,0.16902730830784418
2024-02-09,NVDA,평상(모멘텀),2021~2026,0.1871646944674361,0.18776153548329888,0.1784177218162466,0.03516849063601035,0.04284584131992321,0.016086240865387458,0.016046418695022956,0.2813429711823958,0.10493898989104378,0.02060889901335317,0.5510497687882674,0.14514987247685318
2024-02-14,LRCX,평상(모멘텀),2021~2026,0.011074740911742877,-0.0005595797419182241,0.004862382386572938,0.02458722939026714,0.023748360885741514,0.03209627709537499,0.022149380247328522,0.17270133017518075,0.06945676596855521,0.023244141892251664,0.33166601991529365,0.11274072050811057
2024-02-21,TTD,평상(모멘텀),2021~2026,0.014934690041911393,-0.02861489125036476,-0.014857893213006497,0.035772042648799296,0.017804545002347967,-0.0023675640422650135,0.0005733275877013249,0.18979677597331124,0.11703414244205845,0.048297668640103486,0.10443576951806932,0.10119982027487451
2024-02-23,GEHC,평상(모멘텀),2021~2026,0.005409929648123592,-0.016991610586387207,-0.008020568292795703,0.007736725418146406,0.006417512174897059,0.0016821861967049045,0.007827183940184317,0.2248774225662853,0.053745427616180175,0.028385056897809104,0.1868831677091245,0.12656039401724772
2024-02-26,AMAT,평상(모멘텀),2021~2026,0.022121889481754975,0.0029547594923682308,0.012837069076762105,0.02663371165232742,0.02662438589829859,-0.013929892897767582,-0.010825542464521921,0.14403110258025809,0.052403939317951176,0.030634484836106656,0.34350981447244466,0.12377091364808024
2024-02-27,KLAC,평상(모멘텀),2021~2026,0.013998056766602264,0.0006717196388996722,0.011385938360097384,-0.004139095988484276,-0.000441126974940852,0.007900095078913205,0.010153766586075065,0.14343380504979164,0.03397616277504634,0.019571970528975535,0.34367441638970275,0.12010298462672031
2024-02-28,CEG,평상(모멘텀),2021~2026,0.08243093046305572,0.05969799562571754,0.06665715976059614,0.10833344395101374,0.10694250179134912,-0.01759860992295248,-0.006182617937042653,0.28716610689311795,0.18179028590739477,0.040358969360887904,0.436489647322011,0.12406184920417451
2024-03-01,DASH,평상(모멘텀),2021~2026,0.08290935940447253,0.08343992735334504,0.08461078831794465,0.010272498323492973,0.023322620412764637,-0.011500903948901686,0.0005640940662982978,0.19548947546227025,0.026027476627949797,0.031290722615824974,0.4209091016871094,0.12791119164629516
2024-03-05,FANG,평상(모멘텀),2021~2026,0.12662365946177445,0.1119671486537599,0.11828903636039469,-0.007934716413219967,-0.015599923533508364,-0.013044707412388945,-0.008613177259327132,0.21099654854832273,0.027135178433348228,0.025190535287040863,0.22494350090455195,0.14792879537357528
2024-03-08,AMD,평상(모멘텀),2021~2026,-0.18277055597424008,-0.18730703041677654,-0.17840570874849376,0.08168005244877197,0.0796898813780115,-0.006404290926112388,0.002554867973398699,0.2365742474776671,0.09790685203880334,0.037467080565662274,0.6638788843186418,0.13760288482782457
2024-03-11,NVDA,평상(모멘텀),2021~2026,-0.0068966139558582756,-0.019052068074524198,-0.006715896839273595,-0.015831570410486995,-0.015871392580851497,0.020652374861116485,0.03820674663831902,0.25690493675620263,0.06384511552494798,0.04491816534944165,0.7556267493045212,0.11075999280479043
2024-03-14,MRNA,평상(모멘텀),2021~2026,0.014238162768628106,0.014866551974861754,0.029477746386699193,2.300817594047544e-05,-0.009923888672105995,9.060152258211218e-06,-0.0006879087056408281,0.2476279572392872,0.08572888677799462,0.044537563424075624,0.04881945861497394,0.09255389720230678
2024-03-20,MU,평상(모멘텀),2021~2026,0.16203162908149404,0.2084019008126634,0.21930466931362036,-0.09758998445888678,-0.09466206506378294,0.043500783612021365,0.02003652131392415,0.1646635643962533,-0.03510571482597191,0.02659133945610856,0.2583678283355282,0.08928505273292098
2024-03-22,CSGP,평상(모멘텀),2021~2026,-0.1107547380834949,-0.04921802476084769,-0.052115349791831335,0.027364090193997548,0.03349474892577139,0.05104635787716583,0.02948490469839984,0.18503700630963027,0.11221122456076293,0.022273947337220767,0.17610888956969006,0.09196779195972438
2024-03-25,DXCM,평상(모멘텀),2021~2026,-0.04554037000546962,-0.0014638161370884584,-0.0027218894652278752,0.0315774556391033,0.034672726790579554,-0.009925375954005111,-0.016539651848363902,0.14553578383496313,0.020849193790704712,0.028425563336194223,0.16847514468474434,0.0865587520707558
2024-03-26,ABNB,평상(모멘텀),2021~2026,-0.029182048320380072,0.008364247201315123,0.007282599470904157,0.02295782791397638,0.02524355344348013,-0.019434774395708176,-0.019716853650234616,0.12541033486227882,0.0378722652891208,0.015520691779599496,0.21905780564098398,0.08104784479063865
2024-03-27,CEG,평상(모멘텀),2021~2026,0.014874808262710594,0.061390168115869725,0.061708663527809376,0.017913869117766934,0.029257487526984448,0.013900038625744404,0.011579467345349594,0.19269646621266978,0.0754017839456036,0.03008905177564929,0.5821573245172174,0.07764420712534426
2024-04-01,BKR,평상(모멘텀),2021~2026,-0.008578843992246064,0.019326527261884996,0.02569027816341518,-0.00029896648045724117,0.01168441088164774,-0.021985106630390217,-0.013542710368821797,0.13213923347979994,-0.00770121029202675,0.012016253105252419,0.016703877269041323,0.10340644710694069
2024-04-03,GOOG,평상(모멘텀),2021~2026,0.05683491549699515,0.10318017384616784,0.10483314046943881,0.01322457147380418,0.01767582430773519,0.003396635212755461,-0.01684498839153534,0.1614754126584952,0.031227201387409087,0.014778899103672485,0.1461484085808491,0.1129940073573823
2024-04-08,GOOGL,평상(모멘텀),2021~2026,0.0835667871530048,0.08393248170234324,0.09972474067140152,0.0045410201400011285,0.013519407895971548,-0.004345555111630817,-0.0036225225158722837,0.13484152107215785,0.010402311221009874,0.016424617572178463,0.12669974841137077,0.0857238145491992
2024-04-09,FANG,평상(모멘텀),2021~2026,-0.011001288633069482,-0.006683644056686531,0.010801142271051457,0.016847267339497485,0.0342755464538896,-0.009296102853056265,-0.01045272886649241,0.12701189740120378,0.03569829617303677,0.007802034754933167,0.3392670474494708,0.07783807057467262
2024-04-12,AVGO,평상(모멘텀),2021~2026,-0.010384957572226126,-0.019143784392589902,-0.016554248066861964,0.026056451750746223,0.02525603511130812,0.010671796104388065,0.008579668090385194,0.10372899504612265,0.049305558432580776,0.021777023374914807,0.3566783220324605,0.08777225969454094
2024-04-18,MU,평상(모멘텀),2021~2026,0.14058901219575737,0.07369067854297251,0.08220432286433879,-0.04168735116944111,-0.06515161346753832,-0.029068861862864726,-0.016072269008823244,0.23874787470924663,-0.04803588760223321,0.04205660955819708,0.45522428956232774,0.009419197568395932
2024-04-22,KDP,평상(모멘텀),2021~2026,0.05845321537483805,-0.026568464212124,-0.004351467036249737,-0.00895995691039364,-0.030521410089159626,0.009317477367592364,0.024902781388441503,0.07241192156122422,0.04235615131298465,0.010316484621942922,0.009789476257229035,-0.026381076386757463
2024-04-23,KHC,평상(모멘텀),2021~2026,-0.05847511100524305,-0.12958132176646964,-0.10482509617782466,0.02408193255030966,0.017467656655950868,-0.006906730659897886,0.006318593347731648,0.06415613030245937,0.05067471139274171,0.008283281122539652,0.10599065990420997,-0.017474440830269833
2024-04-24,AZN,평상(모멘텀),2021~2026,0.10474167616932162,0.03750758980025415,0.06305301290861519,-0.016497063371910037,-0.016779142626436476,-0.01099827232827666,0.0017714768666240496,0.07576668898911776,0.03779112842634147,0.010573623487084774,0.0761880047351664,0.002896556409696105
2024-04-25,XEL,평상(모멘텀),2021~2026,-0.019451448316163855,-0.08788841943001602,-0.05245266584310167,0.014998207416698106,0.012677636136303296,0.020386785269683294,0.021960941353736697,0.06814687643728301,0.04023316405892219,0.010814632615489251,-0.03886110163810019,-0.003947924864223462
2024-04-29,PDD,평상(모멘텀),2021~2026,0.17857090033894307,0.11745996190931196,0.15807174942157304,-0.008506851475061805,-6.445521349338589e-05,-0.019716170180446357,-0.02044980497208487,0.11234406502016125,0.1393955413922392,0.027826395496359527,0.12676373381952888,0.033906308071090185
2024-05-01,TSLA,평상(모멘텀),2021~2026,-0.008667104674747182,-0.07911811356175857,-0.04021466141963102,0.06190584164006108,0.04166421803577028,-0.010163520519467117,-0.026590541064872505,0.09992194327902704,0.2667957427259193,0.05435135164231788,-0.17140272944336776,-0.011451799707696497
2024-05-06,MRNA,평상(모멘텀),2021~2026,0.18804339315845753,0.15702300737742436,0.18713105167021965,0.020154637582983748,0.020877670178742282,0.025064401686264892,0.008001252045137668,0.21500780848676726,0.157728985706739,0.036176736172888996,0.26978096548049924,0.007644603280136941
2024-05-07,PANW,평상(모멘텀),2021~2026,-0.03509107657473132,-0.08724839968857279,-0.049855152377422544,0.015321754857456904,0.014165128844020759,0.041409746891103216,0.03884541954351048,0.11910798403195888,0.02440272510392938,0.01783738978817523,0.09029812876093257,0.017454727812232118
2024-05-10,AMGN,평상(모멘텀),2021~2026,-0.012529536530609285,-0.06282859474673042,-0.023531480073417817,0.025668447744618517,0.023576319730615646,0.0017830796997826415,-0.0006803500460760702,0.15874095319418946,0.12381919567928201,0.02989603904889139,0.14545962064927132,0.02914936222557718
2024-05-16,MELI,평상(모멘텀),2021~2026,-0.09227973870081929,-0.15165263249345118,-0.08810092576679034,0.02319422981564112,0.0361908226696826,0.02161538269611407,0.019479287752665483,0.2293792067935876,0.0010018585222182352,0.023317051828050456,0.16330737043418475,0.05987374998650319
2024-05-20,NXPI,평상(모멘텀),2021~2026,-0.006364782735870487,-0.07248116893695322,-0.008196320848119602,0.016470799853167017,0.032056103874016154,-0.001837513233903576,0.0018248101927091308,0.24451474954349695,0.02288615364531732,0.015933801294324357,0.23245150014399973,0.030077217254262933
2024-05-21,TTD,평상(모멘텀),2021~2026,0.015041267406325833,-0.040452536986446574,0.01395837990234269,0.03470392385772447,0.047929247865354005,-0.0028586888432996505,-0.0025313342894231075,0.2525694320021359,0.11390381994454324,0.02476657185323616,0.2576052898471244,0.04106344734831757
2024-05-22,QCOM,평상(모멘텀),2021~2026,0.04959905493503025,-0.003607032693931478,0.045326221880007796,0.019835690681927254,0.032605439876827964,-0.02040052797758385,-0.01743801742309557,0.24480932635043295,0.06286707914418388,0.0241126590035412,0.43926598410601625,0.04352067907772539
2024-05-23,ADI,평상(모멘텀),2021~2026,-0.024131794284590558,-0.0698392883046276,-0.03386278339043716,0.04401060041327898,0.04558475649733238,0.012929085664686868,0.010035515913964059,0.22218845536090348,0.11314026703364011,0.026648070960239325,0.29129187033357984,0.04085172572468432
2024-05-28,CEG,평상(모멘텀),2021~2026,-0.09123985185482841,-0.1379615009167986,-0.10146014258265579,0.06848568322492055,0.06775204843328203,0.0185894032580729,0.01201968106243903,0.2243455477794296,0.08221092864433754,0.021963255503365094,0.6609399267152551,0.04236900753167383
2024-05-30,NVDA,평상(모멘텀),2021~2026,0.11610091428802494,0.05438075896227734,0.08787555007792798,0.0006404851696193425,-0.015786535375786045,0.034629191061888775,0.027336780529986466,0.3289621252983015,0.20379283166622364,0.03119775262124101,0.814868612467377,0.02799605398995575
2024-06-04,MRNA,평상(모멘텀),2021~2026,-0.20421549559779617,-0.2863277532454116,-0.24506753669923578,-0.02445153850336923,-0.04151468814449645,0.06432372637141248,0.06350845876272938,0.1825600585937499,-0.11277830392712562,0.047737187181777836,0.4599460048496111,0.016558128235351965
2024-06-05,VRTX,평상(모멘텀),2021~2026,-0.019534781945324986,-0.09082011432865655,-0.053419865116723995,0.03581185410335763,0.033247526755764895,0.01166568692270098,0.01805328102588466,0.18000003032802803,0.06281329891137033,0.013463539017596228,0.20558156936926797,0.03531883444984674
2024-06-10,TTWO,평상(모멘텀),2021~2026,-0.07494127285907648,-0.15885941896887046,-0.11087633945258743,0.0037334424726542803,0.0012700127267955687,0.027455411250706607,0.036391525543789854,0.13104072320463067,0.027500646329036593,0.011360523120601476,0.09729551379884649,0.05160804868027502
2024-06-14,AVGO,평상(모멘텀),2021~2026,-0.022668946048507665,-0.06024910098474834,-0.0719854225661937,0.11539341214424481,0.11325731720079622,-0.03806635612915177,-0.009110724543654768,0.169074864878189,0.1981918264367062,0.03333733769945729,0.48971996279458585,0.08566457614991241
2024-06-18,MU,평상(모멘텀),2021~2026,-0.23593461375831581,-0.2256994954418,-0.2468558717135475,0.11554018721254167,0.11920251063915438,0.020967560584197686,0.0230801003207625,0.1799025029875594,0.0964988994228666,0.025686547972199488,0.6021186185943204,0.08637206577587397
2024-06-20,LRCX,평상(모멘텀),2021~2026,-0.1378696935887478,-0.1262415980484537,-0.14197119648809303,0.02117768597245462,0.021505040526331162,0.060716040798617144,0.05836626061865596,0.15877991497330557,0.09189013583651673,0.0207813519433796,0.34590166930304567,0.08557622090284633
2024-06-21,ASML,평상(모멘텀),2021~2026,-0.09397388946121132,-0.10018895456726262,-0.10488799575302228,-0.006306649404378306,-0.0033441388498900255,0.009579382161419181,0.022265947443904033,0.13560362638194823,-0.01695273330439684,0.028275633870705315,0.3034235026537069,0.08071539898833646
2024-06-24,ROST,평상(모멘텀),2021~2026,-0.03864998824955823,-0.053013334772802456,-0.04649444351859634,0.01922015938389454,0.016326589633171733,0.0024906473079713276,0.011443055666302073,0.13809191702134394,0.024991267822262353,0.0210427905021862,0.1263390270963045,0.08181474583957016
2024-06-26,ARM,평상(모멘텀),2021~2026,-0.09658476029380025,-0.04998112824811596,-0.07200640325750397,-0.004926292558124046,-0.010551317846759833,-0.014010487130146299,-0.0276607613167479,0.4009944300894164,0.001996427335594797,0.04722480385039944,,0.07923670298331942
2024-06-28,ADSK,평상(모멘텀),2021~2026,-0.02168072409475974,0.009990416011707803,-0.007062743666113628,0.015377842099852934,0.008683000308420837,-0.0037906117271068185,0.00011782364546237406,0.16867296098745177,0.0006981157766834389,0.02510709793873323,0.06261525271436574,0.09200255519542222
2024-07-03,TSLA,평상(모멘텀),2021~2026,-0.12185063863163237,-0.05763783148194379,-0.08662348668015396,0.09511533730283794,0.09338000598535692,0.0023232021100463296,-0.0006383566207518849,0.3118157769254799,0.23437409646551566,0.032888478575333564,0.12427554561778908,0.10511272570703523
2024-07-05,ADBE,평상(모멘텀),2021~2026,-0.09220652474802715,0.0034743254334119733,-0.026918328829287394,0.043356613150447254,0.04921726653029901,0.020333850561525146,-0.009865030387654659,0.271606107953424,0.0784815446169369,0.033494059139706614,0.049266525029329156,0.11527179931753562
2024-07-10,AAPL,평상(모멘텀),2021~2026,-0.10140755351417485,0.0344067145686664,-0.014549086737510555,0.04238488365815751,0.051902854109120995,0.04383394324230938,-0.008140428373619113,0.16146060589701783,0.05504037119711547,0.02154804793623656,0.23768541855502612,0.11716415506130673
2024-07-16,CHTR,평상(모멘텀),2021~2026,0.08834263441197465,0.15659183518029407,0.15133442482212295,0.024810150959978516,0.0537016485936551,0.004741903271725301,-0.002581547249157371,0.18390042835025766,0.1171186641837525,0.02111965445906953,-0.02861020790082902,0.16538954549610896
2024-07-18,MDB,평상(모멘텀),2021~2026,0.006953195376173895,0.017861009287673202,0.021552229540585464,-0.02456631759228156,-0.022326685942010847,-0.03213545779507343,-0.016803900383542514,0.17476645020202364,0.06734916558259707,0.02669290734672277,-0.27167198266420256,0.16208163514697516
2024-07-19,WBD,평상(모멘텀),2021~2026,-0.1473287448436139,-0.14660652569497212,-0.1405793580021984,0.07663650829806334,0.07500089465719817,0.024162991885684493,0.040048206603461776,0.21888422557140652,0.15447158884077017,0.0238980639293618,-0.0888479602583182,0.14491982275031168
2024-07-22,TEAM,평상(모멘텀),2021~2026,-0.0962751510341947,-0.09343101652218011,-0.09069305877240746,0.009842174260768388,0.02311849862531448,-0.039757407829053903,-0.013734747273427748,0.12049260546431628,-0.02728022613113712,0.01916370932584572,-0.10062331123149304,0.11739987276131969
2024-07-23,ON,평상(모멘텀),2021~2026,0.031110782468796838,0.03285822285521511,0.034765725992077896,-0.0031563981664286533,0.006325915097112077,-0.029386628867664966,-0.008922333410791447,0.12857568037957234,0.01257036859954308,0.029048999065185162,0.03269421765098213,0.1310032782383943
2024-07-25,ODFL,평상(모멘텀),2021~2026,-0.025334958314017775,-0.06045122997859431,-0.04722442397573125,0.039791589584334375,0.02582243246487275,-0.027040853655786012,-0.015291751276024123,0.1130680362615828,-0.020435002119414403,0.017130637426410755,-0.012835178706723682,0.07416568100822651
2024-07-29,ILMN,평상(모멘텀),2021~2026,0.07088582418801792,0.04691093225067422,0.05761039890514369,0.015567111813580059,0.019528031657863598,-0.012249805081087306,0.0010592140280489513,0.13122300714673463,0.051882282751670505,0.029944817325297354,0.008888674569743404,0.09076308063276506
2024-08-01,FAST,평상(모멘텀),2021~2026,-0.0006648475716723983,-0.023695530334485904,-0.021952619401156725,-0.002366930519884347,-0.004999595014991239,0.0013261472555705645,0.004652749964889348,0.13371268280097803,0.05707646849000181,0.014120755366021663,0.07532271386084899,0.0822561787056677
2024-08-02,AEP,평상(모멘텀),2021~2026,-0.007911642752582602,-0.06939422298297504,-0.06971632028405286,0.04395654164196272,0.013747964800465442,0.003855932414250196,0.018777336016762434,0.156235705827948,0.05634379308985826,0.010594000699894942,0.22280882178678052,0.04403886567094584
2024-08-07,DASH,평상(모멘텀),2021~2026,0.03800329817933834,-0.02148844507250658,-0.009967760990736894,0.022106385580531906,-0.031951260493750924,0.01737050423505382,-0.0025320746044737753,0.12565399563902546,0.1439231455735599,0.03319615882810082,0.10713223760562984,-0.001962132788848714
2024-08-13,FTNT,평상(모멘텀),2021~2026,0.06988810335172646,0.057741103754961776,0.061253241476055424,0.04441275304993142,0.03664322364084423,-0.00747463938780768,-0.01817979084621517,0.1746243542239907,0.2702654158812068,0.058457816581824903,0.1467800271025652,-0.0029371468841257187
2024-08-15,SBUX,평상(모멘텀),2021~2026,0.04317031003691363,0.0419163713737849,0.045268734998969135,0.0843404568906847,0.10036650121336366,-0.033101924096404445,-0.032795287909754674,0.2503327961660162,0.24717763377962276,0.06002599442135841,0.07436379927609904,0.02568981441014695
2024-08-16,MELI,평상(모멘텀),2021~2026,0.062480270657072845,0.06686086879718833,0.06595278178157932,0.01782232307894338,0.034606888732569945,-0.016619892525849278,-0.016343329810205986,0.22989535218976198,0.06795758817431619,0.030309387910241167,0.24326300861850014,0.043694583882646354
2024-08-19,PYPL,평상(모멘텀),2021~2026,0.03170292007899578,0.048604749376389145,0.046894682539354304,0.017317763055955337,0.04420332489211001,0.028855525804507565,0.0296269218176525,0.14545767436677548,0.05006172653351726,0.029750958138544868,0.10634358540509159,0.0424669878283761
2024-08-20,CHTR,평상(모멘텀),2021~2026,-0.024112151657914915,-0.005079012806893712,-0.009458237165331536,-0.012902846103446164,0.007561449353427355,-0.029256506761519696,-0.0333360799109686,0.1344857212311834,0.012259059394604144,0.04154171210963341,0.09637396884423954,0.05673775527400782
2024-08-22,TTD,평상(모멘텀),2021~2026,0.059452012017128464,0.04407889213583194,0.05297640211619787,0.019495168398365292,0.031244270778127182,-0.02127661868516051,-0.013853796996600836,0.16838335162241225,0.05745260947086983,0.034464904567972125,0.254427949210019,0.05404462674749144
2024-08-26,DXCM,평상(모멘텀),2021~2026,-0.07000589970623672,-0.0919566449563598,-0.07772901801681835,0.02939667053220485,0.04270568964134111,-0.0026216603846632713,0.004607126661172816,0.15734374523162842,-0.0077696157963723644,0.03558273467581378,-0.36557343089735983,0.05252347075266517
2024-08-29,WDAY,평상(모멘텀),2021~2026,-0.07342853819443318,-0.10877932948223268,-0.09469571666784188,0.04762405848693185,0.050950661196250635,0.0014132250118614742,0.007634008872010586,0.14609014348851712,0.11472739461414583,0.03367266303404113,0.02252717421896011,0.04031018626485072
2024-08-30,CRWD,평상(모멘텀),2021~2026,0.009504625127849,-0.015325911352306763,0.001325873604921769,0.055305438617575975,0.07022684222008821,0.027559178063381262,0.030616029995011132,0.2116225668927969,0.015057534593960309,0.021939973260878643,-0.09299485193563406,0.03594827833510861
2024-09-05,MDB,평상(모멘텀),2021~2026,-0.1292250733461996,-0.1748138064566832,-0.16309155471754397,0.05700834204690475,0.03710576320737716,0.0816619660520923,0.06799283608135125,0.3023474145027263,0.21712365093717767,0.04804328630581443,-0.15226178731182094,-0.004186571271213246
2024-09-11,VRSK,하락(저변동성),2021~2026,0.019469259240085135,-0.03415357514193107,-0.0275312843635927,0.006773309095072788,-0.003931842363334699,-0.03174317178723152,-0.02594719101290642,0.042841913136283605,-0.0027699070345365007,0.005913328653601381,0.09953176445580803,-0.038196983992330735
2024-09-13,MRVL,평상(모멘텀),2021~2026,-0.007487921937104123,-0.046298927725041295,-0.04878003810005224,0.03419835672798954,0.034504992914639314,0.033201208760607503,0.045527647485523626,0.16475960996463113,0.06309928743219961,0.044589433238452034,0.10180366421886133,-0.024101176344977437
2024-09-16,WBD,평상(모멘텀),2021~2026,-0.12115892614049029,-0.1734673783498134,-0.16892962411878235,0.0813282577903307,0.081604820505974,0.023177975064409884,0.04242158209007568,0.17265193915979182,0.17590027947809705,0.04429953708901442,-0.037322212921490516,-0.01980372274591946
2024-09-17,GILD,평상(모멘텀),2021~2026,0.031353242570859585,-0.006080613920227407,-3.2901478118206595e-05,0.013826818977474176,0.014598214990619111,0.004782973143872216,0.008967228111493801,0.1376688475994241,0.06021468478729375,0.010044932753190478,0.15711782839618627,-0.016668449818642572
2024-09-18,MNST,평상(모멘텀),2021~2026,0.02149576681538279,-0.021387790043658983,-0.015156860581164618,0.027900591709830502,0.023821018560381605,-0.027648943008374616,-0.02298808674740714,0.09592277611737487,0.014702917481575373,0.013230568996342904,-0.046685713941208684,-0.013605251313125732
2024-09-20,ABNB,평상(모멘텀),2021~2026,0.038173841795265506,0.011265871661715998,0.014723599528694068,0.059054133351780225,0.0664769550403399,-0.014360728346490714,-0.006565580020390625,0.09406865793776964,0.09705180070222164,0.017726693499938807,-0.10977910245036526,0.007040165345838512
2024-09-24,CEG,평상(모멘텀),2021~2026,0.0473509606323399,0.025008284669983505,0.03538332927385811,0.06109493471137717,0.06832372175721325,-0.008512322910974257,-0.007447435394211497,0.3186317643537342,0.2904391353923965,0.05658457998058614,0.4769460634654066,0.0031921687985461134
2024-09-27,PDD,평상(모멘텀),2021~2026,-0.09736122910679845,-0.11452385228491524,-0.10103704118131286,0.07310208959005227,0.07932287345020138,0.021043040301483407,0.0160806247135882,0.45116066562340373,0.2942587472668905,0.04152588648369493,-0.010937065076331742,0.005179342593973457
2024-09-30,TSLA,평상(모멘텀),2021~2026,0.0013635472475974648,-0.013111571369512907,-0.004681220546049991,0.076981150376084,0.08003800230771387,-0.03656462664117688,-0.041228437018333126,0.26265267110918256,0.09322137022068477,0.0345456677152976,0.2854017443969752,-0.008818297614400006
2024-10-03,XEL,하락(저변동성),2021~2026,0.03542222977301157,0.03051754572820875,0.0382889243774754,0.009509958236699978,-0.004159171734041076,-0.01659997811360947,-0.045494067033787465,0.04043131664963928,0.01495551223094127,0.00561682110117385,0.15772651934495419,-0.03180115711062681
2024-10-09,NVDA,평상(모멘텀),2021~2026,0.09570087632348745,0.07041722845541387,0.07862550905887031,0.015156328230645943,0.02095230900497104,-0.022022363701988512,-0.01155185648396384,0.22942986418166034,0.1358119424750941,0.028142241205255915,0.3708412161361696,-0.013690253277349851
2024-10-11,CRWD,평상(모멘텀),2021~2026,0.028667398227004925,-0.013026080752061908,0.008518366249950636,0.07193171941798271,0.08425815814289883,-0.004602750903871189,0.013617567433825178,0.22489306087740357,0.109850267586729,0.027799173526706838,0.029787847566367764,0.022355472341365923
2024-10-14,INTC,평상(모멘텀),2021~2026,0.06668594992835652,0.03402596636824051,0.05114994792353571,0.02955389871422165,0.04879750573988745,-0.03710670464554877,-0.019401310230753914,0.19837231173954661,0.0429393230102908,0.02516717077395902,-0.2949179047561955,0.02876824535538991
2024-10-15,MU,평상(모멘텀),2021~2026,-0.004108904232091757,-0.049295742655073416,-0.029402156691062248,-0.013151600101097283,-0.008967345133475697,-0.007602523041263853,0.0040178570038076015,0.2441152885110065,0.05276446186796124,0.03757488928275458,0.01651559902672073,0.04694204368910615
2024-10-16,TEAM,평상(모멘텀),2021~2026,0.33298806776433243,0.29025448964717726,0.30906016415664667,0.03169004945367715,0.036350905714644624,-0.056727280368141675,-0.04715445801989799,0.22506732394421358,0.13611471572219203,0.023861661085054876,0.0250185485834995,0.016998595667941485
2024-10-18,PANW,평상(모멘텀),2021~2026,0.030468089170309964,0.027019375228191755,0.043445328294830735,0.026610023339574962,0.034405171665675055,5.906373647457386e-05,-0.029462375442189194,0.12754792270526982,0.01827287523424137,0.01765108510786846,0.17579795516131513,0.0608451833346606
2024-10-22,LULU,평상(모멘텀),2021~2026,0.007937102422986177,-0.006487726282532245,0.00540289965604473,0.010401067092142613,0.011465954608905373,0.061571081200096245,0.03865179060242613,0.14603542811418513,0.03828978970158414,0.02263861538155247,-0.13601148364259086,0.07032350956056566
2024-10-25,TMUS,평상(모멘텀),2021~2026,0.050659519062867586,0.029815841272138544,0.021054910062460373,0.009898065206709772,0.004935649618814565,0.007571028105634703,0.006784923449961473,0.14912660183642834,0.05230908477418028,0.01379204646994191,0.31664231124947806,0.04495507367481566
2024-10-28,MRVL,평상(모멘텀),2021~2026,0.10346500972574635,0.08116543011979038,0.06429381987715674,-0.008499034045434173,-0.013162844422590421,0.04627157329555054,0.056478925242097106,0.150550222253246,0.022041484624991448,0.01896552950710183,0.16327200016693832,0.07737420232674519
2024-10-31,ARM,평상(모멘텀),2021~2026,-0.05161082529529215,-0.10389475006081661,-0.10743274415893295,-0.029801063419781393,-0.05869515233995939,0.026403459643782767,0.030879563054149253,0.12676052887633715,0.08419345499648445,0.03280591939707976,0.1900861660250288,0.127767979217569
2024-11-06,CHTR,평상(모멘텀),2021~2026,-0.01150927520637812,-0.042493366339109606,-0.03448645671127586,0.10238501843060521,0.11285552564862988,-0.048442704399272674,-0.04097675246460464,0.1682860346596904,0.16839312408458684,0.03145557958397834,0.23749456704465066,0.0908979062453028
2024-11-08,TSLA,평상(모멘텀),2021~2026,0.21146742750650138,0.19614148768928352,0.19865172319066454,0.06935167242982399,0.08757199076752036,0.010715151497256103,0.020239197800099508,0.24349791996194292,0.18835299743437384,0.06503602926354875,0.45754749150355556,0.10928484625465562
2024-11-11,WBD,평상(모멘텀),2021~2026,0.1652026186895228,0.15280886651607717,0.1631276701102527,0.0333315687600515,0.05103696317484636,-0.007171314535019846,-0.005053136479403432,0.22074472452920735,0.11543144784687454,0.03415872234248976,0.12070127378714512,0.08347956605084073
2024-11-12,BKNG,평상(모멘텀),2021~2026,0.053516184686892565,0.020617966960263523,0.037401807433409096,0.01797910385379553,0.029599483898866984,-0.023549834662277558,-0.010703828516917507,0.17862489743524446,0.06049259049315725,0.014506262756593972,0.3254054417588568,0.08191653446280789
2024-11-13,TEAM,평상(모멘텀),2021~2026,0.10243861865643211,0.07490938467558395,0.08839219102975121,0.06013879039169212,0.06971161273993581,-0.04569672977010175,-0.034711706989192945,0.2849284905629157,0.10695909717661456,0.04463814020287184,0.3399846228293695,0.0659853526174694
2024-11-15,NFLX,평상(모멘텀),2021~2026,0.11586976973389063,0.032388433431080665,0.06937968910869291,-0.014711109860893967,-0.044232549039557735,-0.008438345245609158,0.002704195574848564,0.21756705690320133,0.051121081559161174,0.026071901652618537,0.2810983662862405,0.05406500564809891
2024-11-19,APP,평상(모멘텀),2021~2026,-0.027280970937658022,-0.05264915433959061,-0.017889994014027025,0.07118764801554889,0.049220585440806576,0.09234658278024277,0.06801050963664157,0.875983560276393,0.040393840100799716,0.10920494599020542,2.0753258795981697,0.041495144390683025
2024-11-22,BKR,평상(모멘텀),2021~2026,-0.09465521728136417,-0.1296442136836906,-0.06827466687189988,0.022074833898441337,0.02173009252720904,0.03352891976911865,0.022752160466890888,0.22703652372753913,0.03937016420485717,0.026105613577061884,0.3172751099189355,0.07183173239046114
2024-11-25,CRWD,평상(모멘텀),2021~2026,0.003801847535291005,-0.043915767688893714,0.02962113791029898,0.03144528322029361,0.04120257794026634,-0.017205450835122038,-0.015022184828415325,0.23830755043592777,0.10544917525055686,0.022730064224628935,0.193381743263358,0.0750710233732843
2024-11-29,CPRT,평상(모멘텀),2021~2026,-0.08497836207886378,-0.0977216014041229,-0.04095453561263582,0.04238640453442177,0.04670911701678842,-0.003964853261936407,-0.017733611636026755,0.21434032978970086,0.1459761894600915,0.02657870319633931,0.18140003194771048,0.09635068261931012
2024-12-05,SMCI,평상(모멘텀),2021~2026,-0.11600094060013699,-0.12226828779509091,-0.08711243356384808,0.12731446460135087,0.1355314213534796,-0.1159318120622963,-0.10702619712271082,0.5093862895928039,0.21434798149002088,0.13590937184049184,-0.38802238750481943,0.14144133304012652
2024-12-09,TSLA,평상(모멘텀),2021~2026,0.01121222654143761,0.023331614026976477,0.04939487036875705,-0.010601554237494981,-0.001099026411844027,0.05031986802157773,0.04589761740290479,0.3109022815669247,0.12765093606189026,0.04151432444423196,0.7770432191287904,0.11322513135756318
2024-12-10,LULU,평상(모멘텀),2021~2026,-0.00610477173950885,0.0182585393608532,0.038052141552087644,0.08235060696812346,0.08364242773606392,-0.023747515750339176,-0.04522592396271258,0.31199562488730126,0.2104964591304006,0.039977024768660566,0.26702670396346173,0.09870719723924504
2024-12-11,DDOG,평상(모멘텀),2021~2026,-0.1200981354301427,-0.07510361951284172,-0.06470466158266178,0.01111706270422097,0.023847801628034435,0.030320904022911765,0.007088751357885573,0.2660183302500254,-0.00064506063008829,0.03605497818930642,0.2568933793161283,0.10014483226938986
2024-12-12,MRVL,평상(모멘텀),2021~2026,0.05532028136366485,0.0950079370627881,0.10438876545803176,-0.0037383323525010947,0.0069078925696826905,0.005932853020058859,-0.015067853770866134,0.2002586662529593,-0.05746934657667435,0.058818767048636714,0.4991532778398897,0.11998415179062749
2024-12-16,AVGO,평상(모멘텀),2021~2026,-0.08190138617049936,-0.036400837710209966,-0.05235973295535907,0.1991853756208677,0.21071081168960346,-0.008045439956014033,-0.015278238593527952,0.3194035695502826,0.2521582928781081,0.059575708916329996,0.4563140256321505,0.09780426113701801
2024-12-18,WBD,평상(모멘텀),2021~2026,-0.08290307125292795,-0.0997442263612549,-0.11523346483857838,-0.02139317139752983,-0.04572924454113103,0.03728610750611061,0.0472149788516008,0.19852165379407793,0.04224058986637447,0.04094399565595009,0.3679149157110466,0.10824397013633758
2024-12-23,GOOGL,평상(모멘텀),2021~2026,0.026669858252337253,0.014074513252785525,-0.004742631606426094,0.015387759156872072,0.004610999854644313,-0.022688196237815372,-0.011052269436278586,0.14316897684365837,0.008376582601398841,0.022933817230620972,0.1428188801749981,0.05834351863395404
2024-12-24,PLTR,평상(모멘텀),2021~2026,-0.08624368831505125,-0.05548940600771035,-0.0933760927535821,0.09308375666206592,0.09694337946536091,0.09961240843176156,0.09465423202480572,0.25392392159661714,0.06521455368193063,0.03500230890456416,1.287410384877698,0.07469534857682913
2024-12-30,GOOG,평상(모멘텀),2021~2026,0.04958550340899137,0.03491229594666101,0.002505971551188625,-0.006901305740641184,-0.0205746578649948,-0.032012396118363595,-0.03099214352076024,0.13722113120595947,0.022878237082032404,0.022365428089405514,0.14048098429802747,0.08435410219977935
2025-01-06,AMZN,평상(모멘텀),2021~2026,0.03560817861974219,0.031031998455545384,-0.001561104509629506,0.016786144779404433,0.024316974824240407,-0.011626008728408799,-0.010339408465293019,0.02764025796697478,-0.012596346936404101,0.017302197273207687,0.178651172993453,0.06059251205150984
2025-01-08,ASML,평상(모멘텀),2021~2026,-0.02388241806857172,-0.03853424154256446,-0.06518400331854464,0.015302821085222629,0.008111710608917485,0.012184387991298173,0.00602440694778782,0.06854921460802021,0.08824245365135774,0.021263937576959897,-0.11410727876770854,0.04600782282064819
2025-01-10,GEHC,평상(모멘텀),2021~2026,0.03075003501704443,-0.01285936171955604,-0.03703526893509296,0.014760515776959693,-0.0094642454289494,0.021028526617016707,0.024152381013717084,0.05323553975758211,0.1033511635564377,0.015078673350163526,0.03227968692539629,0.04484023844114349
2025-01-13,CEG,평상(모멘텀),2021~2026,0.12097660249924957,0.07725223202991915,0.05592032576513051,-0.001559645324841763,-0.026053429820373813,-0.0359298551933781,-0.03545451127478483,0.31354911088014603,0.25799672147332053,0.06296328032046107,0.40177702672759086,0.019987684420734952
2025-01-14,FANG,평상(모멘텀),2021~2026,-0.12705619653918243,-0.17339384666676294,-0.1887481633315432,0.03102511622737958,0.010418525123278326,0.029822326404961963,0.032105467056505875,0.08364863912152187,0.038897834929539465,0.015615775863742886,-0.04658304270709224,0.030996820041556683
2025-01-16,KLAC,평상(모멘텀),2021~2026,0.002656983728927422,-0.04586737841769728,-0.05411314124381338,0.0507149295784568,0.04493326966672252,-0.007522431355956649,0.008561167281780503,0.09558552862562864,0.039097570482908406,0.019275707848381347,-0.01648404238490153,0.051877558344647356
2025-01-21,AMAT,평상(모멘텀),2021~2026,-0.09952689048109209,-0.12776928344913896,-0.14334940181022238,0.07054269983417316,0.08121642952957417,-0.015475026554612192,0.012815678587147834,0.12745089849631985,0.11884645191914256,0.023109198349406262,-0.031115535341275646,0.05302610351025838
2025-01-24,ARM,평상(모멘텀),2021~2026,-0.13730645406763797,-0.11792877893836029,-0.14203790445640874,0.050740309014591034,0.06038537184528221,0.00899994940158133,0.013949785867146094,0.26038596482314924,0.12998646170613148,0.052667200715354474,0.21593304454207463,0.08244310459784221
2025-01-27,MU,평상(모멘텀),2021~2026,0.02115887214432388,0.02305354567575779,0.016167448772144273,-0.061642989093219525,-0.06660116550017536,0.019743326455005983,0.018103585170111246,0.15162801368031165,0.005750438794273283,0.03633692986615427,-0.05569896805009278,0.0698697361306857
2025-01-30,SBUX,평상(모멘텀),2021~2026,0.06624359830586957,0.0952423675751417,0.08321789070082149,0.038439075566989445,0.0394593281645928,-0.05786157685163462,-0.05346205733374465,0.17701894091681125,0.1110199431761576,0.019751974272428093,0.23290711019713495,0.0502146763970539
2025-02-05,PLTR,평상(모멘텀),2021~2026,-0.20819575177611493,-0.1340652953896021,-0.14976086616872727,0.027441094671441846,0.028727694934557627,0.07544121460598086,0.06137156217516083,0.29966206814752105,0.29415427504256164,0.0637640253672328,1.4461669340280006,0.06621982801072956
2025-02-07,TEAM,평상(모멘텀),2021~2026,-0.3150647822699746,-0.21919527614417933,-0.24277603013372856,0.046274717865352644,0.04011473682184229,0.14370194320234497,0.11109574753366813,0.2870687599126718,0.1949802787519701,0.036174274131381384,0.5991217297923648,0.031869666097865235
2025-02-10,AXON,평상(모멘텀),2021~2026,-0.22507290165024085,-0.11569205811457495,-0.13730427455977143,0.07342820989687837,0.07655206429357875,0.02712884262933124,-0.008597372527439522,0.17649904499764735,0.04149160946745889,0.015138273289852334,0.5771750058696214,0.01771689519677966
2025-02-11,CRWD,평상(모멘텀),2021~2026,-0.1986453572473943,-0.10195749629525586,-0.11489380200578188,0.03237875006835056,0.03285409398694383,0.0462780311898896,0.01787783288707923,0.2295608815804404,0.07885405218193342,0.026491176409337895,0.3180135012971874,0.030802731744584255
2025-02-12,PDD,평상(모멘텀),2021~2026,-0.002589074255201494,0.11222972361294203,0.09616249719464297,0.00616092947622926,0.008444070127773168,0.022658722559294908,-0.02114764020369745,0.22400499320723188,0.03007453058654619,0.033969679645563085,-0.043733222558370755,0.029554207339025806
2025-02-14,APP,평상(모멘텀),2021~2026,-0.40048665405594897,-0.2963726341132161,-0.32387615764448424,0.28770382705670117,0.30378742569443834,-0.04371300749813589,-0.04172026686492725,0.40784411887381466,0.239182427493994,0.05983481212525235,1.6309577398186228,0.05426898256347856
2025-02-19,INTC,평상(모멘텀),2021~2026,-0.0642083404679693,0.04577468123548489,0.02360168115935922,0.13728625381722748,0.1655769589589875,-0.053936701053730274,-0.049286000684244304,0.27454628577798657,0.38543241049306065,0.04749384480222454,0.11166462262606225,0.07913749106723866
2025-02-24,MELI,평상(모멘텀),2021~2026,-0.042047691614722216,0.012824285967233617,0.0032696359599581892,0.06367203184249282,0.06862186830805758,-0.058140367209239874,-0.021488931961663828,0.23583034353748844,0.09382189425673082,0.02059035110177502,0.210311393341845,0.04210549510941375
2025-02-25,TMUS,평상(모멘텀),2021~2026,-0.04238291451694276,-0.004472806661485085,-0.009916753781320432,0.02223742705646048,0.020597685771565743,0.0016268308453768476,0.046129243292742324,0.2267464737978322,-0.009932985864690935,0.020707569819750814,0.3009448666925503,0.027716751132557338
2025-02-28,GILD,평상(모멘텀),2021~2026,-0.017181518426872766,0.0595747678954045,0.04886822532193896,0.02016427389476716,0.024563793412657135,-0.030882725713724524,-0.02201517445840694,0.17156611712536707,0.017813281198026942,0.020725868383741138,0.3616872253934189,-0.009329755199493417
2025-03-06,ADP,하락(저변동성),2021~2026,0.013067531370521081,0.08942460226998128,0.08225685288625972,-0.008513530506526257,-0.022583182937346284,-0.02668572875815023,-0.04575321516693717,0.018905509378539742,-0.0030509770036857287,0.00830905429453401,0.12024475267061296,-0.04019560730521243
2025-03-10,EXC,하락(저변동성),2021~2026,0.01925235868496511,0.12219480934609028,0.1260793935031505,-0.0007721000795184452,-0.033378295748195286,0.01806098245259946,-0.06040694888650466,0.05814962608054253,-0.024660634844130613,0.009264282177698934,0.13860338615702505,-0.0657138299379112
2025-03-11,AZN,하락(저변동성),2021~2026,-0.1278081583040347,-0.009804073233612431,-0.006968944983888031,-0.02457584346851549,-0.06030205862528625,0.06795074369015719,-0.030539786489029275,0.07064075265499703,-0.0014455059260540803,0.010515942078490943,0.029255380246572926,-0.0937404009947439
2025-03-12,LIN,하락(저변동성),2021~2026,-0.010228222320047274,0.012784562682327862,0.017967065975546412,-0.021407113353611784,-0.04980731165642216,0.008513239990264543,0.023522286821508052,-0.014733388485526078,-0.015779805880637765,0.01096992649408697,0.008966758941197916,-0.0931861664924517
2025-03-13,CPRT,하락(저변동성),2021~2026,0.11960613199100734,0.1654780756172537,0.17217737836787206,-0.0314217070871351,-0.07522806985012745,-0.008410040920157846,-0.035949311195680636,-0.10450782837327155,-0.025179175440669055,0.010568071804534883,-0.03403372346744493,-0.09961233610795073
2025-03-17,GEHC,하락(저변동성),2021~2026,-0.22123129984898537,-0.16993873065421972,-0.1552516079117029,-0.00668186097064416,-0.004689120337435517,0.029505364446591686,0.02720289451381223,-0.12312793362767904,-0.05324550166871622,0.012030513134409102,-0.02689012128951751,-0.0952977755076273
2025-03-19,HON,하락(저변동성),2021~2026,-0.07566405406888477,-0.0007263736538101195,0.0076711053610517,-0.011567956849923955,-0.006917256480437984,0.03160481018517203,0.008326237653892461,0.013567243426859665,0.005513191124340233,0.01062631352875191,-0.008958074265755345,-0.11443623195700703
2025-03-24,VRTX,하락(저변동성),2021~2026,-0.043564054831693566,0.05078662298824932,0.046703781821648485,0.028781633719274335,0.06543306896685039,-0.0032214080513575105,-0.028615341315177286,0.03915418460891562,-0.0031102815952041007,0.011866592469633496,0.07131838044681427,-0.07211089495502088
2025-03-25,ROP,하락(저변동성),2021~2026,-0.048979774880714255,0.02961760622705234,0.027632268780879488,0.013195919773252296,0.05769833222061777,0.010581799821145266,-0.0015531773653621826,0.0001213403514392919,0.0018414734362226515,0.01199952380475508,0.04549463815532229,-0.06151282382693757
2025-03-28,KDP,하락(저변동성),2021~2026,0.006891473814273132,-0.0006748164405536699,0.008912525740479425,-0.008319793135304732,0.0005477581200128527,0.016619043902923902,0.02296239578270853,0.019339611252392697,0.024828053067391664,0.011507148395768566,0.019607777306180907,-0.07797694163078561
2025-04-03,MNST,하락(저변동성),2021~2026,0.004705745196135648,-0.08066213391123056,-0.0666602782168617,0.028811502076769413,0.00974401566798247,-0.0009198561542848038,0.008771730804396536,0.07244809840609756,0.027700871456256104,0.009846700698713443,0.15234838730018918,-0.08179535587252817
2025-04-07,PEP,하락(저변동성),2021~2026,-0.0889476286012213,-0.22437952019681406,-0.2176485514439414,-0.017849776266340545,-0.09631770760544467,0.019613695244227847,0.0011737675404901657,-0.05069900658564541,-0.017820005274998718,0.014571376169084521,-0.07930751433239525,-0.17830883099047323
2025-04-08,MSFT,하락(저변동성),2021~2026,0.22021913564577522,0.05769688637046588,0.06011886271468647,-0.05906498132613636,-0.15755551150532282,-0.010264436461913995,-0.02945392671360544,-0.05865944519670341,-0.04669809439092021,0.015441193083896297,-0.14609444887061884,-0.17705944964418885
2025-04-09,GILD,하락(저변동성),2021~2026,-0.06936337609672782,-0.11733919721001884,-0.12251938602275342,-0.017684151201894593,-0.002675104370651084,0.04988937533951532,0.03716272833653388,-0.09189683619079636,-0.07269948568729145,0.015596154969234945,0.16772975250028654,-0.18022138173448454
2025-04-10,AEP,하락(저변동성),2021~2026,0.021388996646120706,-0.07226119669052622,-0.0823750892567093,-0.02604318070127598,-0.05358245097679877,-0.004894823252998282,-0.019493867508717656,-0.005924626048490311,-0.0501159444268775,0.015950260710471575,0.05344798425566899,-0.07888776470320702
2025-04-14,MDLZ,하락(저변동성),2021~2026,-0.06290782160618491,-0.19068379478534658,-0.19611788540087052,0.025400929489179935,0.02309845955640048,0.03304532273686833,0.05688522952167328,0.049892788138257815,0.011159631712312601,0.016367768436317643,0.028544231096677697,-0.11996500940473409
2025-04-16,XEL,하락(저변동성),2021~2026,0.02925909491951484,-0.13933769974436294,-0.1311256581915507,-0.009055150282772706,-0.03233372281405227,-0.014013116232704181,0.008046351999002228,-0.0001423984342039386,0.04817996739251429,0.01774917678501134,0.09778112441478859,-0.12177184762732751
2025-04-22,VRTX,하락(저변동성),2021~2026,-0.09026229624070747,-0.2593851687276757,-0.2479841339539295,0.003231819059295704,-0.02216211420452407,-0.018591623550924585,0.00017058052033528878,-0.0510334311812255,-0.013836710978771483,0.015644154780436608,0.013960512642040568,-0.186870099335823
2025-04-23,EXC,하락(저변동성),2021~2026,-0.04934038590927603,-0.17703879909693376,-0.1649999394019355,0.010934227317745737,-0.001200749868761711,-0.009374104934376404,-0.010510314664936717,0.08696652204853761,0.010883515713188574,0.019143750211562824,0.20174935061057075,-0.16063185637478317
2025-04-28,KDP,하락(저변동성),2021~2026,-0.03637139443308346,-0.13868629619216666,-0.1225645819796002,-0.01634736630461031,-0.010004014424825684,0.009358683890510644,0.007926283594197624,0.010872839976653781,-0.028248544477764592,0.017552175925304742,0.024821669486202902,-0.092422483286003
2025-05-02,ORLY,하락(저변동성),2021~2026,-0.027370411705269437,-0.09647291472299024,-0.07806137466393374,0.024029714887634723,0.03372130184631606,-0.0036614017162034385,-0.013526752813657589,-0.006584304243684946,0.04105246337800983,0.020482546119129547,0.14267591246079703,-0.08254349674518713
2025-05-06,CCEP,하락(저변동성),2021~2026,0.013490408798528366,-0.08405575912856977,-0.06572158215288959,0.015873892809827206,-0.002566034893910475,0.003355329574570076,0.006589298867460354,0.07065416231964083,0.020904367238120836,0.015351894079023964,0.1334092031573204,-0.08294870152679457
2025-05-07,VRSK,하락(저변동성),2021~2026,0.032495053611582,-0.052035923883308355,-0.03807148532050081,0.031142286297844768,0.011952796046153322,-0.021209430135159857,-0.020616381781966422,0.06508693187873349,0.013065643177747832,0.016295347026843984,0.057797013640496164,-0.07909991965321017
2025-05-08,MNST,하락(저변동성),2021~2026,0.052373137528274105,-0.032269292296551066,-0.013758731926215545,-0.01097921288428938,-0.023705859887270815,-0.0006458323365878815,0.0069950158504105174,0.10089080569168662,0.007318736680364424,0.016273074018228986,0.15181476134985816,-0.08681266554907663
2025-05-09,AEP,하락(저변동성),2021~2026,-0.03323791808126686,-0.11979297713712478,-0.09982690228618069,0.0049189004010605775,-0.009680143854658796,0.009161179852629875,0.017103431083668394,0.027747939266407284,-0.02185228974775455,0.012044811478568106,0.06114403461910456,-0.075135755727742
2025-05-13,LIN,하락(저변동성),2021~2026,0.04096791248820231,0.009686141968811901,0.020149756301649637,-0.008893038394579,0.014946868390225954,-0.005797156350897614,0.002142418615130504,0.028495157864952825,0.004265309692785602,0.010658478183104525,0.004052610105905741,-0.052769996854532986
2025-05-15,CTAS,하락(저변동성),2021~2026,0.013973239277333295,0.00013647342179035245,0.010525640970717487,0.00047578395448311106,0.02253525218618952,0.005463862817940868,-0.0042081605531770795,0.028770525560465554,-0.004276802371337429,0.011609127600226716,0.054154277161540865,-0.03814181532355565
2025-05-20,APP,평상(모멘텀),2021~2026,-0.05346602563121894,-0.0699547337253823,-0.05169977703223181,-0.00503737742243604,0.013896937520876965,0.052823873925037734,0.036350540465594876,0.624643830052958,0.0653348990661129,0.04554449705127657,0.46430045883781523,-0.0077278004093288555
2025-05-21,TTD,평상(모멘텀),2021~2026,-0.08579210100019141,-0.11169447013378209,-0.09779447929857421,0.006746551895683073,0.005684759662975612,0.0378062536857926,0.016386144114845593,0.5836415495322291,-0.013821369842469733,0.0504604180942013,-0.21094844954000813,0.0007160455770145457
2025-05-27,CEG,평상(모멘텀),2021~2026,0.017672720140159193,-0.020746629623509483,-0.0045115760297076805,0.04121003111609234,0.040142112855039956,-0.01627405924815095,-0.02279012992475502,0.33591821146283496,0.02188102607639686,0.031397176417678814,0.22381602884351715,0.017746671144866166
2025-06-02,MCHP,평상(모멘텀),2021~2026,0.19266671326685758,0.14677092258554958,0.1483510907144364,-0.040893605779205755,-0.05050502798535205,-0.00020598007448358047,0.006299446561121667,0.272056612940792,-0.00017213308610453115,0.040614274181847494,-0.054009775362912404,0.03454107890229019
2025-06-04,AVGO,평상(모멘텀),2021~2026,0.05448740253924922,0.0017733337383196712,0.009451598939470417,0.06406076593108301,0.06701288431653163,-0.01559848295879418,0.00048603684663447305,0.2796431174878864,0.08996403648380946,0.020250655061599475,0.33589762801972234,0.07233227249738738
2025-06-05,ON,평상(모멘텀),2021~2026,0.10034153413661184,0.047521284041527334,0.06108996305627006,0.027811008366359857,0.02714025671500924,0.03463519285494687,0.039605159274668775,0.3056349252340105,0.1733955792241877,0.03917551331980949,-0.12413872662686887,0.11790317999052324
2025-06-06,AXON,평상(모멘텀),2021~2026,-0.004058476899751582,-0.04727463595721648,-0.03952764943219361,0.034077778151088145,0.041263727655660096,-0.021824513490281583,-0.014012582484006865,0.30995974835853035,0.07951636893755154,0.0339297573902761,0.42332406157624547,0.1120128567632872
2025-06-09,ZS,평상(모멘텀),2021~2026,0.053351805406322894,0.004400185009797886,0.018377256071973,0.028809729272412765,0.03609198537522832,-0.04828104925847965,-0.04087906002515809,0.29972123831081166,0.09912943548128217,0.026448738639365022,0.5016693215816137,0.11052089062251769
2025-06-11,MU,평상(모멘텀),2021~2026,0.0722672499547452,0.03019199217581181,0.05204608865265278,0.02910825577784326,0.037259104492385495,-0.04764773083325813,-0.05404030936476198,0.2367537156180648,0.11628357547654855,0.022659873213676553,0.2027516023685425,0.11354073080817728
2025-06-13,INTU,평상(모멘텀),2021~2026,-0.011311309963182857,-0.06926279244296729,-0.04372340106357285,-0.014406447206341655,-0.02439774508062677,0.03293054741539381,0.020904871100990888,0.17367464024147283,-0.0005608536713664902,0.02095559256000799,0.21637304980208216,0.12471981298143042
2025-06-18,WBD,평상(모멘텀),2021~2026,0.2042441218653257,0.14228277325099858,0.16203572106513867,0.0018052753190018755,-0.014668058140440983,-0.018487394245621513,-0.019892940413349436,0.16906074041164798,0.05694302515394556,0.03223817661324581,0.1213209903307253,0.09947920873898664
2025-06-20,MRVL,평상(모멘텀),2021~2026,-0.0073080364085517085,-0.0791494244984795,-0.0559207794516253,0.01620031929878274,-0.005219790272164269,0.014126412228981033,0.016010594349471996,0.2202864257810735,0.09832937450248291,0.03409756448558701,-0.0967731202415566,0.07627383403065502
2025-06-25,AMD,평상(모멘텀),2021~2026,0.12854394712329253,0.08437898719935966,0.09295542988250277,0.07700391173152177,0.0704878410549177,0.008688477164092934,0.019896595346852758,0.2549179198580882,0.09526064834461034,0.03087007418905344,0.11627998327439482,0.12081147546886406
2025-07-01,ARM,평상(모멘텀),2021~2026,0.042745058755560894,0.004161810784420794,0.026693954847194643,0.033983943368829816,0.04048937000443506,-0.08120383505239925,-0.07188887296992176,0.2986992476647614,0.08310455708792874,0.021953015502361974,0.19475711572453647,0.15816900097757092
2025-07-03,KLAC,평상(모멘텀),2021~2026,-0.043034782503863056,-0.038501599792615915,-0.013767934241498914,0.018618365887206778,0.03470288569263543,0.027639321665519745,0.004435221326282143,0.18730583461290595,0.030936032711362804,0.01749570987328049,0.2833949471923456,0.30143016845573367
2025-07-07,DDOG,평상(모멘텀),2021~2026,-0.08913338009451421,-0.11130778680197184,-0.083811907191476,0.10129276237776552,0.10626272879748742,-0.0075332241994120475,-0.015657192968254047,0.29615704137044063,0.1832672336345058,0.03616942801312773,0.2457981950471435,0.311880610113185
2025-07-08,AMAT,평상(모멘텀),2021~2026,-0.08323496271736364,-0.09716796701759822,-0.06490235702383808,0.028619409244673877,0.036431340250948595,0.01612650127894244,0.000541153471202661,0.16194630735369175,0.04131856728167982,0.018626859550604676,0.11929901217356154,0.3273867079757973
2025-07-09,INTC,평상(모멘텀),2021~2026,-0.13126623795264036,-0.15095268776477577,-0.11679439881636672,0.024134511984629015,0.03153650121795057,0.05641492824081884,0.04788129011891057,0.17597212266324824,0.05312502474657177,0.03685451179861226,0.08284027382868264,0.1858019432435607
2025-07-11,NVDA,평상(모멘텀),2021~2026,0.10580998939319342,0.06934607114175506,0.1146041869017155,0.0013154331703586486,-0.0050771453611452005,-0.02179744477702039,-0.03447000265228396,0.13997881802361545,0.04356106995050557,0.017143401819134003,0.25346548983241335,0.22146590358799267
2025-07-15,MSTR,평상(모멘텀),2021~2026,-0.11034026627175253,-0.15205433593687756,-0.1115471176436898,0.06074994851614801,0.04872427220174509,-0.05072816171831196,-0.0523320588226523,0.1876447688423699,0.1398892352403316,0.033010382875106443,0.3791795580274433,0.21377329381631394
2025-07-18,SNPS,평상(모멘텀),2021~2026,0.054689860498827514,0.026656632055438445,0.06366016783488106,-0.004457245687089384,-0.005862791854817307,-0.005914673505331036,-0.004226434575616528,0.23897773943572775,0.04030450418732068,0.018666138248775718,0.18818122549475458,0.2960838355533377
2025-07-21,WBD,평상(모멘텀),2021~2026,-0.07856253760214837,-0.10158660251650642,-0.06817175526152229,0.01671837464663728,0.018602556767128242,0.001651790699349176,0.005109445016620367,0.2062441218653257,0.08695656415764952,0.01959652902936124,0.2999724734338167,0.26203507723519115
2025-07-24,TTD,평상(모멘텀),2021~2026,-0.3867058913286995,-0.3833773169068576,-0.3572130150751107,0.01643956344151798,0.027647681624277803,0.04794228790513011,0.03990807523375103,0.1780345429775796,0.04314063994193651,0.02305160969309025,-0.07659577580204313,0.19193814424907618
2025-07-30,AMD,평상(모멘텀),2021~2026,-0.07096546155011996,-0.08040797944334199,-0.05492811942255668,0.0630639791372909,0.07248640398152136,-0.011211716145290707,-0.009171196961362814,0.25045814005353795,0.14684592193283263,0.025256609934596025,0.43811833880112583,0.17797752516189247
2025-08-01,PLTR,평상(모멘텀),2021~2026,0.013816441134576475,-0.014830946232790463,0.0020849141297006584,-0.07513572882371278,-0.09765063841285276,0.027955745818206923,0.02522874103771663,0.1985317283963164,0.022536519949689193,0.018474051091516373,0.6487604711981294,0.16276990898985044
2025-08-04,CSGP,평상(모멘텀),2021~2026,-0.09195145016799167,-0.09378424657732798,-0.0813224943056606,0.05036883360973232,0.04299646822233844,0.006252267432096392,-0.00474735857678597,0.15197266573470136,0.01753250760477565,0.018483116004469266,0.21538448795168108,0.15016464244016015
2025-08-05,IDXX,평상(모멘텀),2021~2026,-0.014446630843985007,-0.031662272806826985,-0.012456373645747195,0.05532314052922738,0.04044365561095199,0.013540929011547576,0.002094949720378665,0.251521431835815,0.20526042241284204,0.06461230227542715,0.48274076829426704,0.16713527121079874
2025-08-06,SHOP,평상(모멘텀),2021~2026,-0.0649438372122575,-0.07858184580716587,-0.06520429712827065,0.14365568929487482,0.1347845360469561,-0.013581972286735966,-0.01937064243049158,0.12908958223436384,0.0172206772299206,0.027317212020058747,0.20514054267827264,0.14728193398655032
2025-08-08,APP,평상(모멘텀),2021~2026,0.19770166421121016,0.1913050894823458,0.18835726228729185,0.10550817778039945,0.09267962384510514,-0.01721207743860742,-0.021940045436977074,0.26282047553914656,0.11937543556089003,0.041300778434619136,0.3470140300375715,0.12082426372500787
2025-08-12,ROST,평상(모멘텀),2021~2026,0.009079918929049581,0.008657492302735827,0.014334309368184004,0.02226771068998934,0.019957751673840292,-0.005112641984504451,-0.019835819153217013,0.11679497604622391,0.03183761979367361,0.01644145507874455,0.04466071192399923,0.10354135189835745
2025-08-15,AZN,평상(모멘텀),2021~2026,-0.016146676945244742,-0.04067886568746304,-0.025119488885649632,0.021669852078316953,0.022872156809706473,0.004746587076409181,0.00046510810833621987,0.14085632087482058,0.059617939606222414,0.020324955612765965,0.12759892472385448,0.1112222233352671
2025-08-18,TMUS,평상(모멘텀),2021~2026,-0.06753218413673401,-0.0911678387066801,-0.07513642892952022,0.018576146582027775,0.02169106694191361,0.018919758109241513,0.014141262245909118,0.12068129976630915,0.039391060849556014,0.017372910590928,0.060317736149803736,0.10973279660419699
2025-08-21,ORLY,평상(모멘텀),2021~2026,0.008304243514069222,-0.05580571816118085,-0.028347870315471896,-0.002590143305404413,-0.010495859927532658,0.014684793774952576,0.019140503604450517,0.08991827704569233,0.013250200881126606,0.012348361384471186,0.16873481332255413,0.11158673160754073
2025-08-27,INTC,평상(모멘텀),2021~2026,0.36580688759315394,0.3305244364495623,0.35052457089769484,0.02305477044199744,0.025095289625925336,-0.06179693561379307,-0.0732565568045585,0.1930426537733263,-0.03792963669416305,0.03798676917202105,0.12090853168421578,0.10235227157391424
2025-08-29,ADI,평상(모멘텀),2021~2026,-0.024091760876367774,-0.07516621059754258,-0.05916603647764414,0.017378055920261204,0.014651051139770914,-0.009255757945325738,-0.007589692568745383,0.13186124430690271,0.029560713042764863,0.018374573636806585,0.17234067832864985,0.09421172977848014
2025-09-02,AAPL,평상(모멘텀),2021~2026,0.1064364555083821,0.04406832508520897,0.06332787779290056,-0.01092588068757172,-0.021925506696454083,-0.01232982935004523,-0.011741759401572684,0.14835185856793465,0.01923082095577966,0.01730696391877646,0.05195708061254822,0.07796272180777941
2025-09-03,PANW,평상(모멘텀),2021~2026,0.0777264364318031,0.018532372304135736,0.02850524424373009,-0.003090776515898619,-0.01453675580706753,0.0033250231821824183,0.0074882721900607204,0.1141520717687774,0.03234896300179857,0.017346961305071757,0.0170885192347765,0.07813830753450501
2025-09-04,GOOGL,평상(모멘텀),2021~2026,0.05658681935316534,0.0032821403261060755,0.008893780826122279,0.024328740618816402,0.018540070475060788,0.004847423672148077,0.014151801891803272,0.18487710907891186,0.11354657892250741,0.02251426391821237,0.2914361359134652,0.0759611618558762
2025-09-08,GOOG,평상(모멘텀),2021~2026,0.07209456960961536,0.020910141939012528,0.025259608000050962,0.00843619552053676,0.003708227522167107,-0.015061342927191967,-0.0026929526924372293,0.1920619775449144,0.10735985321189823,0.022104751659386367,0.30196804305696423,0.07795669373237923
2025-09-10,APP,평상(모멘텀),2021~2026,0.10834704758895408,0.05436847152866142,0.052591354822187776,0.018704367383042264,0.003981190214329704,-0.006127655033514867,0.006408005339443173,0.1988702242541931,0.15867803578880113,0.037905612878385106,0.580612700174004,0.08791367265558003
2025-09-15,WBD,평상(모멘텀),2021~2026,-0.08833085698177845,-0.10712046964544975,-0.10716632237061234,0.19449309450822083,0.19021161554014787,0.07027690080082838,0.057734841652777605,0.6018676797095259,0.5582164636007074,0.07445194484148321,0.7745220065547875,0.10926380705185323
2025-09-16,MU,평상(모멘텀),2021~2026,0.1765487697980388,0.16398111837729457,0.15762299359510124,0.05761150096833023,0.05283300510499783,0.04875610987440959,0.03621501889002045,0.30528663387638066,0.2001369054463047,0.029168815534008453,0.5496297954217824,0.11851411822923841
2025-09-19,TSLA,평상(모멘텀),2021~2026,0.02907468257980428,0.021290337876489707,0.021950681897131778,0.03594053136827413,0.04039624119777207,0.003205246973460474,-0.007546445138511458,0.28697133052968593,0.13025679581066574,0.029258128967703703,0.2542096778894063,0.10204227488054873
2025-09-25,INTC,평상(모멘텀),2021~2026,0.12068308217198687,0.09198731228251944,0.08892685031223509,0.06586733507870379,0.05440771388793835,0.0011854856328468166,0.008751239095293625,0.28213547532889627,0.25381525267658844,0.05537190373719534,0.42721302020277285,0.08045150849754124
2025-09-29,ASML,평상(모멘텀),2021~2026,0.09915212964448639,0.0499796465794371,0.06431103514142736,0.0018034195945975107,0.0034694849711778652,-0.023560585424343694,-0.0004679490032658863,0.24632598942967787,0.02077988654671392,0.024656879415083023,0.29130619426263515,0.0822351373042638
2025-09-30,LRCX,평상(모멘텀),2021~2026,0.16021055252262562,0.10623321527090623,0.12873088376938602,-0.004331575459212589,-0.003743505510740044,-0.015504671995305919,0.003821594829055662,0.3115212174090225,-0.006438357261396632,0.023050581404655063,0.5126895345777502,0.07628377754520899
2025-10-01,MRVL,평상(모멘텀),2021~2026,0.07333302412913745,0.020149776950832754,0.05769412378678378,0.0073293661994380255,0.011492615207316328,-0.01764251395697769,-0.009611607827765623,0.30139314140308304,0.12664152953953978,0.025865949333429637,0.05299271183730592,0.08791579380202097
2025-10-02,AMAT,평상(모멘텀),2021~2026,0.03807337884708506,0.004246242395432587,0.03516594411713834,0.059677772937930085,0.06898215115758528,-0.009923095874233234,-0.007550522492056608,0.3935358692746842,0.08091724886578944,0.02335570317420698,0.28998430291387156,0.09244058958913759
2025-10-06,KLAC,평상(모멘텀),2021~2026,0.06769311937278233,0.02788382354150576,0.06560352057019882,0.0559272340999597,0.06829562433471444,-0.026830669940414054,-0.019582184628722944,0.21706122152876772,0.03500926954220063,0.019801524195471664,0.3815405760458046,0.08569089780872452
2025-10-08,AMD,평상(모멘텀),2021~2026,0.086172818937585,0.0669415072983548,0.09481630571033849,0.16358486427151808,0.1761205246444761,-0.038088872577106914,-0.03454364397725651,0.35739946454206994,0.3073119678840155,0.054730266442923434,0.6417084037896053,0.08683197683694432
2025-10-13,DDOG,평상(모멘텀),2021~2026,0.21432158911462862,0.17951425446649383,0.20799122656458593,0.054774405343479105,0.04223234619542833,-0.13797411719207753,-0.13403636680293463,0.16293044317336314,0.04558027819197319,0.02818002501823069,0.2509567866568778,0.04942103650028118
2025-10-14,MU,평상(모멘텀),2021~2026,0.28694481286023077,0.24812478408222782,0.2810718469962459,-0.04648946443825541,-0.05903055542264456,-0.044210182981873736,-0.03665489267011735,0.2226070677201284,0.00947840536211686,0.03745463090359641,0.7652012214067867,0.0730433520546685
2025-10-17,CEG,평상(모멘텀),2021~2026,-0.126139669077442,-0.13380714449806363,-0.11123885297012709,0.02309503595625384,0.012343343844281908,0.04698955522750614,0.04163755726635189,0.22875038145065263,0.034705112288146545,0.029088660489040956,0.36807468925811637,0.06453689698270204
2025-10-23,ISRG,평상(모멘텀),2021~2026,-0.00031309142685764617,0.04124614876491384,0.06612019743169063,0.10409627081427897,0.11166202427672578,0.022642433632541925,-0.022424050039657348,0.1870313315366965,0.2098667317543954,0.03460773420532302,0.029013461447026323,0.06738839519518014
2025-10-27,SHOP,평상(모멘텀),2021~2026,-0.11481846381489602,-0.07811651744832993,-0.06044339187967165,0.06525528933782043,0.08834792575889824,-0.011503866106398752,-0.03003853428976941,0.2331550584544897,0.09628551578548672,0.031869995322273255,0.4500870477699819,0.09217116178375306
2025-10-28,ARM,평상(모멘텀),2021~2026,-0.2426262336223003,-0.204421356259175,-0.20128462042974798,0.04400459399254819,0.06333086081690978,0.05280336185129886,0.04319029431762094,0.2776823406152391,0.04151600651421283,0.040906176590195485,0.28453852187884854,0.13434953707973918
2025-10-29,INTC,평상(모멘텀),2021~2026,-0.11157907021229885,-0.07777680222630312,-0.0861125313356691,0.07490961797387263,0.0829405241030847,0.03597620964565906,0.03128593570531393,0.23785394109402347,0.08945435317312866,0.029865743779051497,0.738227781622155,0.12176413729531799
2025-10-30,AVGO,평상(모멘텀),2021~2026,0.06836409690349754,0.08001834713894063,0.07975492298016969,0.0561946094379413,0.05856718282011793,-0.06918089490129009,-0.06502835432110181,0.1577431253954129,0.13423454840543259,0.03159094050990229,0.5036806575642396,0.13472993049172355
2025-11-03,WBD,평상(모멘텀),2021~2026,0.09849348044475703,0.1145517351863018,0.10619125750347058,0.02227612734575568,0.02892191270555158,0.04043636379524118,0.049171833503002665,0.18220121292911196,0.0614657762579911,0.032133569235141456,0.8449730186053364,0.10554302017654638
2025-11-05,AMD,평상(모멘텀),2021~2026,-0.1594142431960489,-0.15791814505810986,-0.16615086549690136,0.039597080739831814,0.043645799991009614,-0.01112314332312414,0.0031198933727597765,0.18221365205357354,-0.030851542237055107,0.04544534613791099,0.7763863409412379,0.08114499567685729
2025-11-10,KLAC,평상(모멘텀),2021~2026,0.005977575876243925,0.0037540167494976035,-0.007058072001310055,0.03154268486114442,0.035480435250287316,-0.01504161217117106,-0.009770092287655827,0.21431706328098254,-0.012715737830025997,0.024720116383000312,0.39477621281048325,0.05150001938173654
2025-11-11,MU,평상(모멘텀),2021~2026,0.0917330763198625,0.08221815233101726,0.07063054239877481,0.04625513077739285,0.053810421089149234,-0.06436895766868966,-0.05301285659614621,0.31400110086111055,0.07925001182785496,0.03789718637096762,1.0885981751074563,0.08011404726957028
2025-11-14,DDOG,평상(모멘텀),2021~2026,-0.23420362537490258,-0.23656401924195525,-0.25893866620634354,0.07243881382603523,0.06708681586488098,0.026099099163937156,0.02116738851314677,0.2302044286119913,-0.02541665400565185,0.055401856021287554,0.4337191161923395,0.0750074346132068
2025-11-20,REGN,평상(모멘텀),2021~2026,0.040008175937284784,-0.013695090660056586,-0.026729197144866268,0.025567995377352437,-0.019498488294846836,-0.01597431686625972,-0.018918095788194304,0.20181618747511543,0.030848559229496475,0.030550705233033514,0.1819206796659394,0.047405601086862204
2025-11-24,BIIB,평상(모멘텀),2021~2026,-0.013310937208212968,-0.042014997092892026,-0.054139267438995047,0.021355652497740962,0.002820984314370306,0.008972465352073744,0.009087674454911723,0.16952434295535945,0.0462548484562304,0.017567366726486084,0.28383573859521083,0.022617851469731054
2025-11-25,GOOGL,평상(모멘텀),2021~2026,-0.030272848616827774,-0.05576576787924448,-0.06336430949351315,0.06009120333442497,0.05047813580074705,-0.0028304266160568137,-0.0008419187485401601,0.18312464945380702,0.11774606725337833,0.024551097936327898,0.594560700403056,0.062285011004116875
2025-11-26,IDXX,평상(모멘텀),2021~2026,-0.09126403452899401,-0.1074090656105876,-0.11819691836797981,0.05704457905607163,0.0523543051157265,0.01191862117401854,0.014097084742111141,0.20858819972840337,0.1439399106852819,0.03835215097608124,0.3949331032564374,0.07693347619134094
2025-11-28,AMGN,평상(모멘텀),2021~2026,-0.04782293342641264,-0.051387718634723356,-0.06313122423802361,0.036029985745370974,0.040182526325559256,-0.0047686836185592,-0.004963025508086257,0.18938763865521913,0.013515345531396994,0.021823153577411956,0.1843404857208062,0.07781815385174906
2025-12-02,MAR,평상(모멘텀),2021~2026,0.016348956666977443,0.028323109487850884,0.02031783440959215,0.030617905997232464,0.03940229840060592,0.019272378847039473,0.0059539396088322954,0.16723131057020701,0.025689685533925477,0.018104974308225698,0.15731888186169418,0.07146874467642528
2025-12-04,ADI,평상(모멘텀),2021~2026,0.0016404648151182605,0.008691556484501707,0.003397387751596043,0.040846606541694586,0.05527420697545902,0.03055083402876635,0.026598506149042203,0.21300896877387054,0.10403929779648746,0.0226275172559092,0.22928884948414407,0.0741087686705646
2025-12-09,MCHP,평상(모멘텀),2021~2026,0.09792530933946653,0.10422052141272364,0.08728548910587113,0.07204218277805463,0.07731370266156987,-0.03557995138271275,-0.031089430716553807,0.20748901310511902,0.26052790712264207,0.03569206611119712,0.13291343307431847,0.06374513070358567
2025-12-10,WBD,평상(모멘텀),2021~2026,-0.02367291845971753,-0.023277996285981595,-0.0329078323897987,0.09129787329703687,0.10265397436958032,-0.009708398144015695,0.0006435043059398321,0.22976504751190596,0.15205868071039208,0.026606529156330834,1.032245547086974,0.05659515299979945
2025-12-15,LULU,평상(모멘텀),2021~2026,-0.01726973677349053,-0.03317373945627178,-0.029881880279938572,0.036700124414454915,0.03176841376366453,-0.012475569721605462,-0.013114757480183217,0.20812210772384665,0.07873273588947427,0.029042852654721635,-0.11309383274052964,0.030335030122425666
2025-12-19,APP,평상(모멘텀),2021~2026,-0.2637380800928951,-0.26296480342490614,-0.2727853642661681,0.04754693090197071,0.04460315198003612,0.05290796875873793,0.05048219595343541,0.3100085107225776,-0.031535030220481874,0.034770740359195716,0.552908505927475,0.02104994584653963
2025-12-23,MU,평상(모멘텀),2021~2026,0.4451766153971355,0.444487200743914,0.43201041968596526,-0.010132039906292412,-0.010348209082734521,-0.042057029993738615,-0.03563681860897835,0.33379941842479743,0.16458942004258637,0.042673221524881316,0.9445726755989001,0.03908976037008216
2025-12-24,DASH,평상(모멘텀),2021~2026,-0.09960404263886713,-0.10182809207754873,-0.11563476230116569,0.019721645021092193,0.021600876532646637,-0.022828329294045213,-0.00911252294948187,0.23723944429385946,0.02088266410394346,0.023476659866804573,0.030040473527602307,0.0396760228207087
2025-12-26,ODFL,평상(모멘텀),2021~2026,0.09173629709906828,0.08021917377592436,0.07207136318835024,-0.012652540658917188,-0.010545377643219934,0.04283094197643744,0.060770998884335056,0.18868493213627002,0.023309551971902875,0.0227115566675351,0.047149623776320926,0.0395526962117827
2025-12-29,ABNB,평상(모멘텀),2021~2026,-0.039110176011065145,-0.058589807602774546,-0.06430869747199754,0.00596770598209595,0.00524507558386147,-0.019994232862222794,-0.000251273801722348,0.17200625173800077,0.021120991977264136,0.011725055947154998,0.08061109637817698,0.03401217825743186
2025-12-31,CMCSA,평상(모멘텀),2021~2026,0.07245214608477091,0.060470252318850504,0.05800539227174936,-0.0026073753080460005,-0.016855821306517388,0.007026810580126108,0.008735155322722777,0.12753935393420202,0.024265110917954136,0.01920098928552911,-0.0652757092325239,0.02731599048272426
2026-01-05,WDC,평상(모멘텀),2021~2026,0.5428155580332716,0.5452839797965351,0.5553024089391544,-0.035549459902209035,-0.040163437147809455,-0.0832397393209523,-0.09816428503380162,0.2073456649293488,0.04533297037262307,0.038430289024571324,1.03619142265081,0.01473172535920586
2026-01-08,LRCX,평상(모멘텀),2021~2026,0.14753220193539862,0.16444239888960144,0.1700142550255617,-0.003271082911919132,-0.0023211964400912527,0.005988196766525622,-0.007138592866733597,0.24788007440441673,0.1686039934161505,0.035532817764671376,0.7794521150673224,0.05912705455479661
2026-01-09,REGN,평상(모멘텀),2021~2026,-0.0224255662183257,-0.003093340852440618,0.005698120429550348,0.03693460108678259,0.04518301140317655,-0.009629994466545888,-0.015852567089537663,0.15655943966362273,0.03775242157697645,0.01837295366498486,0.3226052640028729,0.03057947331340083
2026-01-14,INTC,평상(모멘텀),2021~2026,-0.047977044793564794,-0.01741347263249582,-0.01205612533035242,0.08416960956679453,0.08195539134736528,0.011822818096846044,-0.009348648069042419,0.2507272996010257,0.18106892692873244,0.038236639536194696,0.6779351348062397,0.043991500024515906
2026-01-21,ASML,평상(모멘텀),2021~2026,0.07208661950466544,0.09298325192572077,0.09745089584906035,0.010691122108701157,0.007436743265053563,-0.021424981839349266,-0.025067851059617247,0.27960714249783836,0.03499751475637347,0.03031600799782694,0.5154075533242621,0.00436353970265313
2026-01-23,MU,평상(모멘텀),2021~2026,0.051346754054161226,0.08636002369464413,0.09243138909592548,0.04390347996756394,0.050182394734093375,-0.03857423764777612,-0.06066467499771194,0.43801507856252697,0.19268024292872354,0.041923168988058736,1.3969298066570404,0.006317077111981151
2026-01-26,AMAT,평상(모멘텀),2021~2026,0.18250303046978433,0.2111331333686164,0.21789314619954636,0.0012581599306340507,0.014623507776931966,-0.056860288312520324,-0.06557780810454099,0.23882717709385792,0.010342389611077696,0.030232688008976907,0.590236689519277,-0.00836820684998918
2026-01-27,STX,평상(모멘텀),2021~2026,0.1327375080583748,0.15628058005358725,0.15998566828337388,-0.01686218036616738,0.00048420495437848793,-0.0585166346531808,-0.05335194225585669,0.2559680362079577,0.09827427401744582,0.04782136476371575,0.8627365253496126,-0.011492300660876587
2026-01-28,KLAC,평상(모멘텀),2021~2026,-0.06401404025414992,-0.026031181479824417,-0.03645620941027569,0.0985771158151918,0.11794417732278722,-0.03538718823364595,-0.02597070300099303,0.26315259692267556,0.08757352643386018,0.03431653962246613,0.6065983946838931,-0.00689549816302748
2026-01-30,MPWR,평상(모멘텀),2021~2026,0.014394635956873182,0.036302214932177,0.023593990972233088,-0.002160755115539481,-0.0005891189384319051,-0.01471153708503159,-0.006143197380342344,0.2827561192064203,0.09889759679947963,0.024445821325064933,0.4139920576379881,0.0010120577553467403
2026-02-03,WDC,평상(모멘텀),2021~2026,-0.10171047857871995,-0.09204383290376716,-0.11383153396677087,0.09079771767080791,0.07654393540987683,0.05583824914529689,0.07038462700992187,0.439691271340207,0.12198473060710935,0.06474638948781329,1.427696733638697,0.011908859027028873
2026-02-06,PEP,평상(모멘텀),2021~2026,-0.046089834722489065,-0.0417621696785605,-0.055791464069884236,0.061710582369824074,0.0494071810477772,-0.006548280379635729,0.007009612726732218,0.2227575015808203,0.12670642622002926,0.014249854088281907,0.19565018186590377,-0.020396047799081884
2026-02-09,GILD,평상(모멘텀),2021~2026,-0.02256960462346136,-0.0102351029875698,-0.017370019559422654,0.02627148975620175,0.021332798246615905,-0.023929580973735987,-0.01747652231268818,0.26377724766865485,0.0743218781913415,0.01598887050866306,0.31860111906928235,-0.020926758518565736
2026-02-12,BKR,평상(모멘텀),2021~2026,-0.11480850639648654,-0.10237802349356273,-0.10551587118269634,0.00963399387015329,-0.011277680221070941,0.11195658398110298,0.09973082901772413,0.25076569316649566,0.03515291876460669,0.02100857069750493,0.3642661560452274,0.008314127789049719
2026-02-19,CHTR,평상(모멘텀),2021~2026,-0.08798941427244455,-0.07016248002625292,-0.06699733193801202,-0.0064001503559733,-0.01004301957624128,0.0349171651335467,0.035072190848957796,0.29826277606749185,-0.0364640112926965,0.03075838543955468,-0.15341270690304176,0.010484746843399506
2026-02-23,CSX,평상(모멘텀),2021~2026,-0.07113887815761,-0.05007971411043799,-0.06326199548498732,0.007516117607095918,-0.0145743197428399,0.02690341315525302,0.02662652746017542,0.18250430056590283,0.039557751758168,0.010330724179593338,0.22040050032637404,0.03189201863559221
2026-02-24,CCEP,평상(모멘텀),2021~2026,-0.14585154896624308,-0.10683211830789785,-0.11365694763142348,0.04085689503957801,0.03213937524755735,0.03311914982395292,0.022741659642756762,0.1963272291839575,0.08019289396821616,0.012963311990101506,0.18428616306253232,-0.006629860630332218
2026-02-25,AMAT,평상(모멘텀),2021~2026,-0.06684371018675406,-0.020807277818644,-0.028068942623731913,0.10495124037647363,0.11011593277379773,-0.04195508906275991,-0.04486523588945019,0.18450303046978433,0.053661204786110694,0.03554487625962267,0.6954743297481738,-0.0016515996065389338
2026-02-26,ADI,평상(모멘텀),2021~2026,-0.11473776623453358,-0.05692209298470363,-0.061556629736900334,0.04463268509481466,0.05404917032746758,0.0188564812352221,0.003406225441675627,0.18750614381337005,0.04166057366516607,0.018380642159982318,0.4198313600971031,0.0036493969304822738
2026-03-02,ODFL,평상(모멘텀),2021~2026,-0.08736702029459398,-0.005774117520483735,-0.01356741996795259,0.058916867170114795,0.06748520687480404,0.024174652530194907,-0.019227069498697798,0.1764876713209309,0.008242693656164812,0.03637493010087196,0.29130478815653826,-0.015105268459367993
2026-03-04,CTAS,하락(저변동성),2021~2026,-0.14231583953286364,-0.099528593242323,-0.09587960321882219,0.011965290529973638,0.026511668394598627,0.016646243107499847,0.005155889122499979,0.05816127423597828,0.015109555810720376,0.010182372964642535,-0.0027127116920270256,-0.03461846140985103
2026-03-09,XEL,하락(저변동성),2021~2026,-0.013750131624941207,0.016885235080442818,0.02254409500610738,0.001978205580872139,0.015536098687240086,-0.00925304565269669,-0.026131921510117156,0.08407759622212319,-0.010076818848384295,0.011462679036254014,0.10865856632697346,-0.03843185730910548
2026-03-10,AXON,평상(모멘텀),2021~2026,-0.2632222948031493,-0.26108654484539084,-0.25877138953461326,0.012697133309043318,0.019150191970091126,0.03360686442390515,0.036723574420060134,0.3497343821398937,-0.02265658810906046,0.04646176784005845,-0.16014061783444156,-0.027326656252004478
2026-03-13,NFLX,평상(모멘텀),2021~2026,0.08036288222218957,0.039224236451892214,0.05303416210319056,0.0013558015977221949,-0.01086995336565665,-0.04979322565179878,-0.05622379420190813,0.18450131003847958,-0.04900676313487573,0.03797699217861959,-0.1365093318629399,-0.02631890639333012
2026-03-19,INTU,평상(모멘텀),2021~2026,-0.13550038991576385,-0.23063994312640235,-0.19984590213278447,0.02406539668716179,0.024220422402572883,-0.004145112903212733,0.01029901509473016,0.14687988038496358,0.014394389346325642,0.032784562044952816,-0.3049004690005436,-0.02375276904604451
2026-03-23,WBD,하락(저변동성),2021~2026,-0.005284677147477932,-0.0999938302718768,-0.07506858876276794,-0.0003822053377880996,-0.0006590910328657007,-0.003051372085625781,0.002936449345875217,-0.046260866911514986,0.010316900992720868,0.009518172768384932,0.3463847218882241,-0.06140787441922191
2026-03-24,PEP,하락(저변동성),2021~2026,0.019249631975709613,-0.10302247664862185,-0.07318724492704867,-0.02868732949866626,-0.03906481967986242,0.014326983005562122,0.025341704879000837,-0.09560374048144693,-0.04336796499497464,0.010105508703907667,0.04626290303617053,-0.05468381766264774
2026-03-25,COST,하락(저변동성),2021~2026,0.03853908002356499,-0.06987678340905235,-0.04201596392755824,-0.02072952552812868,-0.02363967235481896,-0.011728636681402893,-0.009503915460180036,-0.024648704742257554,-0.02242611298592201,0.01110240563436809,0.028633816246329102,-0.06445632515777888
2026-03-26,AEP,하락(저변동성),2021~2026,0.04363432671455114,-0.11393896477235588,-0.0648223497851375,-0.020652092260126875,-0.03610234805367335,-0.002705398125413483,0.0027189936556047192,-0.03140576790647698,-0.02038630352193227,0.011315799692172493,0.11914110100895403,-0.057767415023144086
2026-03-30,AAPL,하락(저변동성),2021~2026,0.09563609332659251,-0.08192506558152379,-0.024499650923304583,-0.028944732699934583,-0.07234645472882728,0.01902252537832716,0.001787818083012635,-0.058217818321907644,0.0032662856143943486,0.010155377704166262,0.004455706851712815,-0.09149869320235882
2026-04-01,LIN,하락(저변동성),2021~2026,0.012802774796452978,-0.13008358247351293,-0.08890880153874864,-0.0029852169319097843,-0.014475570916909652,0.0022985229496856885,-0.0036407309342331405,-0.0084809889105818,0.03317777450896431,0.012411244123770761,0.08934697601710218,-0.058159588437819654
2026-04-07,WMT,하락(저변동성),2021~2026,0.06576056309218026,-0.09177324626742456,-0.04666528553653326,-0.020404668291156725,-0.037283544148577194,-0.001326585346820841,-0.0004883301244374938,0.02625372782022173,0.031735724117944564,0.010660686814160747,0.16277003401811108,-0.056978878318408754
2026-04-08,AMGN,하락(저변동성),2021~2026,-0.0554577185136198,-0.20387255933890058,-0.15169031052182008,0.0008215799169351001,0.0039382899130900855,0.012433752323278924,0.019401019173485405,-0.0980714907306669,-0.025787961299403972,0.010905041644786647,0.07474441261484244,-0.05115165929216248
2026-04-13,MRVL,평상(모멘텀),2021~2026,0.29914236660232674,0.144045345989414,0.19593783276683974,0.023426328934385232,0.01699576038427588,0.012601590981332178,0.015971390877313862,0.466343392118441,0.2002084022845556,0.04598549787563695,0.5554417862137211,-0.024303108116782268
2026-04-17,INTC,평상(모멘텀),2021~2026,0.5858831626725023,0.4939241788083706,0.5393648226744642,-0.023395070355843872,-0.00895094235790098,0.05622614469738374,0.038918571963224256,0.5212081247378084,0.10985091777708234,0.04773250434998528,0.8486583033230577,0.05384395804288955
2026-04-21,MPWR,평상(모멘텀),2021~2026,-0.04116355200907418,-0.12951007399408188,-0.09101389852935932,0.03858364943084047,0.04356677589603023,0.08629465479567666,0.06553315760975595,0.39761484934216673,0.08645048699317237,0.0378710428314439,0.528715037760779,0.04200860364344128
2026-04-22,AMD,평상(모멘텀),2021~2026,0.47292255709274245,0.38529604159127406,0.4184638774865001,-0.00026986147351193424,0.01002156232415723,0.04712861656054068,0.039955850944762866,0.4036412103559812,0.11534081650282224,0.03425189850835472,0.39546582859341584,0.03413333072972313
2026-04-23,ARM,평상(모멘텀),2021~2026,0.4555534436083677,0.35942253378873845,0.39162070520942255,0.07610317108707942,0.07791449399367475,-0.02951065722645596,-0.034613277983723094,0.4565056131107996,0.23365138597957236,0.05776218724213797,0.41339813913121626,0.047604648145666895
2026-04-24,TXN,평상(모멘텀),2021~2026,0.11938655919773855,0.039618135782244934,0.058302660434442696,0.08216560440910148,0.08710959670579864,-0.019225641684071704,-0.017298147184406115,0.4343141765561671,0.2650380043921592,0.04560917094046495,0.48761999034643133,0.03249418141369875
2026-04-28,SNDK,평상(모멘텀),2021~2026,0.5842123810367019,0.4752716328403015,0.504959106635219,-0.11515937870560522,-0.13266523316202433,-0.014771409422592918,-0.012491139436784659,0.7378171272475389,0.17215387207097832,0.05854824003164141,2.2224040757329693,0.054912779690754254
2026-04-30,STX,평상(모멘텀),2021~2026,0.3040387590812412,0.19909019273863549,0.22861223559479035,-0.008081070321062644,-0.013324109606400493,-0.03519519397768023,-0.02143602106780535,0.6420767155088714,0.10936735206554471,0.03390300298075819,1.1478160323278592,0.05627231342019612
2026-05-05,MU,평상(모멘텀),2021~2026,0.6843010401791707,0.593057985993263,0.6137819525149046,0.030589915580439442,0.03137382250247162,-0.13509254681637717,-0.121865917405646,0.5259689787190858,0.09892111886917232,0.037640173538574566,1.0648308560532005,0.1264071903023718
2026-05-06,MSTR,평상(모멘텀),2021~2026,-0.30951530861107945,-0.3727563267924009,-0.36876180633230804,0.059364887336843974,0.0665679639167791,0.05432557258499027,0.06776201364994863,0.5106691889137227,0.1278739142121097,0.04330318280992309,-0.1767234584568519,0.11721638340797425
2026-05-11,DDOG,평상(모멘텀),2021~2026,0.12166542164847405,0.1297198158876044,0.10387469183873443,0.11382241221512102,0.1180741868472413,0.03095428233226505,0.01642993870619682,0.8995918994469432,0.42432224721258094,0.07232702919576696,0.4442475617921593,0.1600606678501082
2026-05-15,INTC,평상(모멘텀),2021~2026,0.17350799445117082,0.12479688719077253,0.10956594036329968,-0.053233055231266646,-0.07067647795698624,-0.0521291919666369,-0.034018254762453765,0.6924087635792084,0.057562464883175624,0.07525215609085661,1.6142095948618391,0.18801784186201353
2026-05-19,FTNT,평상(모멘텀),2021~2026,0.12726982199075554,0.09770203301590552,0.09316822621522089,0.025762301143949395,0.004279182458113144,0.024830353003885364,0.017048119113372482,0.5314770258698365,0.09580732263244252,0.04794284951145902,0.5162120813532971,0.15918964653857137
2026-05-20,AMD,평상(모멘텀),2021~2026,0.19861220617250397,0.16077680394182003,0.16915389930479174,-0.0450074764600954,-0.053220707927954296,-0.03509242295689097,-0.03297170128725729,0.455411445062994,-0.07637917441678166,0.06485701705873717,0.8270350362003751,0.1663325291003217
2026-05-21,QCOM,평상(모멘텀),2021~2026,0.041622899338003894,0.007906870474305494,0.021187574806770006,-0.045272192815637435,-0.050275123530904936,-0.09057488043342232,-0.09230882964933688,0.48827809417110135,-0.05000702131735513,0.06456817060848924,0.27720953601126874,0.17298528242032285
2026-05-22,PANW,평상(모멘텀),2021~2026,0.11443268255006478,0.11899047142820662,0.12081755064930066,0.025865075135207194,0.027682833234444235,0.03640334914084975,0.020571725307117494,0.4601927623428499,0.061752197810679865,0.02530587944602258,0.3514950382625872,0.1590360557623307
2026-05-27,ARM,평상(모멘텀),2021~2026,0.14665713478333586,0.1644478081812799,0.1491175783575532,-0.009435223745697052,-0.0070750606273065845,0.018629389323140177,0.0034741205675646713,0.4879562440026486,0.49321312993577004,0.07117689128501546,1.1704761676871724,0.20197409296422242
2026-05-29,SNDK,평상(모멘텀),2021~2026,0.20768384063809742,0.22609370380618865,0.21096667507703126,0.05129318605635369,0.06473039611249258,-0.04322053249878399,-0.0461128279413197,0.5425903486209236,0.1788647854127139,0.06268654700491708,2.4200557536996548,0.22264533648276363
2026-06-03,MU,평상(모멘텀),2021~2026,-0.09834387513815412,-0.05771649831755543,-0.09093608901146036,0.1561930658813464,0.16970157330824026,0.05009290473429173,0.052843348325911844,0.845953423159014,0.18777056796949498,0.0668934794796262,2.0590955229353045,0.24419004621142548
2026-06-04,MRVL,평상(모멘텀),2021~2026,-0.2142428221431899,-0.1908954849465314,-0.21010334987479057,0.24467200730720773,0.25835404653493554,-0.0019507355541907856,0.007142228271951661,0.7875555602184856,0.5181177729944355,0.08142820206377664,1.978881900733111,0.2244536436481792
2026-06-09,CSCO,평상(모멘텀),2021~2026,-0.015355004944000548,-0.03744923415113832,-0.04002573063943769,-0.008718373945895586,-0.024557996416456094,-0.029565650927324105,-0.018183518098493973,0.2855959597946085,0.023242431768599525,0.03832693842014706,0.5513154722957554,0.19893874729892302
2026-06-15,KLAC,평상(모멘텀),2021~2026,-0.12648329745969356,-0.09239074106341305,-0.11154387466908652,0.08025104767148905,0.09902234795731155,-0.007712403260932699,-0.004708928486693648,0.34639703226546703,0.31940700285716983,0.05042587845256465,0.8065400143091972,0.21334043839078776
2026-06-17,WDC,평상(모멘텀),2021~2026,-0.3318695518799457,-0.2955279756617304,-0.3335022435540252,0.16488323783697978,0.1571010039464669,0.10842057534450888,0.09917215458134995,0.4852567559623886,0.31553745093224905,0.056911507069832924,1.6248241257112226,0.2539937346419576
2026-06-18,AMAT,평상(모멘텀),2021~2026,-0.15012587810014522,-0.09086297746101879,-0.14302774349588776,0.05349279089539083,0.0556135125650245,0.03723193489768262,0.028386175902106243,0.4589395382010737,0.19297386356120505,0.04435073417490246,0.8829588413351641,0.22665064025700388
2026-06-22,STX,평상(모멘텀),2021~2026,-0.1862474701289305,-0.1469718499520768,-0.1885666446820781,0.16071854270401054,0.158984593488096,-0.056574437618916784,-0.058081307920021655,0.4249403684530637,0.23285596292261546,0.042932067926395055,1.5411536383348468,0.26679528309855094
2026-06-23,ALAB,평상(모멘텀),2021~2026,-0.16855332685962798,-0.15665545944463077,-0.16125533629423908,0.0035942927122474266,-0.008341957267871472,-0.006406836311555364,-0.013225452247867281,0.476161728001528,0.19749424205647337,0.06383379600447579,1.3444201021027418,0.2559328149676279
2026-06-25,NBIS,평상(모멘텀),2021~2026,-0.2703240435653492,-0.22575997446475082,-0.2456708623104591,0.05316612275875676,0.04074682373704881,0.04471020086537947,0.01717783604276115,0.24800541530807263,-0.020520567016818703,0.062251231901183916,1.0260694930030727,0.26314579442818964
2026-06-29,SNDK,평상(모멘텀),2021~2026,-0.4674187578891543,-0.39985751419693194,-0.4411299800318337,0.04517293061447214,0.046371817877493955,0.24667763279502708,0.22260217076998626,0.273549585951846,-0.04304384440439413,0.08729583531077859,2.146185983143294,0.22653782068036832
2026-07-02,AXON,평상(모멘텀),2021~2026,-0.11803907746785058,-0.08206771359453635,-0.09439935126701418,0.13816566878057723,0.13902509520580636,0.05016438743624008,0.029669535066150676,0.2118665385823335,0.3004619965523483,0.04686413371040213,0.11165651353702022,0.2321809476222736
2026-07-07,PANW,평상(모멘텀),2021~2026,0.08493326326290895,0.0657326239735827,0.06186948729152186,0.017946081571075023,0.015423909860951806,-0.035461455173125156,-0.01672265247364326,0.2803222874818152,0.1753122433669414,0.030009818385601034,0.7677561088561822,0.19253369084304106
2026-07-09,DASH,평상(모멘텀),2021~2026,0.10670802048255368,0.11860859389532052,0.11293315177753022,0.03349420993562102,0.04493845012831433,-0.04236498228058305,-0.0474966849282278,0.24172076387002273,0.02612045388882067,0.034806838482228854,-0.04390920045993285,0.16468246284516908
2026-07-15,CRWD,평상(모멘텀),2021~2026,0.07059270782360327,0.062457831467699565,0.03735880442325356,0.07294879090869877,0.07485815284928796,-0.07926989089863212,-0.0680985238011647,0.23450497653748847,0.08277669825575296,0.03643942191198173,0.6424913343243253,0.1235441864770439
2026-07-17,PYPL,평상(모멘텀),2021~2026,0.08816963985868331,0.03733559850656065,0.021015389996060896,0.07573320265738337,0.06139906954326818,-0.029385386110639677,-0.010741002621347858,0.2996563461286419,0.25176519568573164,0.04282327741756705,0.07805336442372934,0.09159076949791012
2026-07-20,TRI,평상(모멘텀),2021~2026,0.036038318998277585,-0.012596109120487142,-0.02565285492708807,0.013267320338834043,6.20965973836627e-05,0.05233908465705306,0.06402086744733239,0.21388003258521127,0.07306182682363116,0.029218138555712512,-0.10816365636389413,0.07980482226465391
2026-07-21,WDAY,평상(모멘텀),2021~2026,0.3484285745013602,0.3369115386401831,0.31447222704178185,-0.040458707482414424,-0.040620756805988006,-0.002435405559023218,-0.002675674702960576,0.25904387955591734,0.016221482589370284,0.034476567892992575,-0.1315599297279315,0.06188268508870465
2026-07-22,CTAS,평상(모멘텀),2021~2026,0.009161788457163979,-0.005595037943165291,-0.036129863233438676,0.010584899502549483,0.0030250684503163004,-0.0036664236276214845,-0.000669194495296164,0.1827088138261308,0.08723480681141393,0.02369341532063466,0.09035646664586983,0.08858535371608256
2026-07-24,PAYX,평상(모멘텀),2021~2026,0.10567151371530636,0.06370246976149807,0.04228579995406552,-0.01650191506896992,-0.044073746640235216,-0.008507795591245704,-0.007152412955098017,0.14911739871490637,-0.035222241548444444,0.021107851023392885,0.08212281556093837,0.042083950025278094
2026-07-28,MSTR,평상(모멘텀),2021~2026,0.31694755616602,0.26486050529629845,0.26534012849086713,-0.004912914566759463,-0.02816305591577411,-0.06798377852155846,-0.06863144294565196,0.19851785265396527,0.008484991143366427,0.05173887344264974,-0.3921448268665261,0.031347007062060284
